サービス種類,市区町村名,団体コード,事業所名,法人名,法人種別,事業所番号,住所,電話番号,指定年月日,事業所種別,利用可能曜日,定員,公式サイト,緯度,経度
訪問介護,千代田区,13101,ニチイケアセンター神田,株式会社ニチイ学館,営利法人,1370100248,東京都千代田区神田小川町１－１山甚ビル６Ｆ,03-5283-0328,2000-04-01,,平日・土曜日・日曜日・祝日,,http://www.nichiigakkan.co.jp/,35.694730799999990,139.766819299999950
訪問介護,千代田区,13101,特定非営利活動法人　ホープ,特定非営利活動法人ホープ,非営利法人（NPO）,1370100800,東京都千代田区飯田橋１－１２－１６福岡ビル２階,03-3221-4266,2006-01-01,,平日・土曜日,16,https://care.hope-npo.org/,35.698176341690534,139.749225291827800
訪問介護,千代田区,13101,ケアワーク千代田,有限会社ケアワーク千代田,営利法人,1370100875,東京都千代田区九段北１－１４－１６ＰＩＬＥ　ＫＵＤＡＮ　２０４,03-3221-4370,2006-07-01,,平日・土曜日・日曜日・祝日,10,http://carework-chiyoda.jp/,35.696256600541850,139.749173881375870
訪問介護,千代田区,13101,かんだ連雀　ホームヘルプサービス,社会福祉法人多摩同胞会,社会福祉法人（社協以外）,1370101139,東京都千代田区神田淡路町２－８－１,03-3252-8815,2010-11-01,,平日・土曜日・祝日,,http://tama-dhk.or.jp,35.696655600000000,139.768444199999980
訪問介護,千代田区,13101,グッドライフケア訪問介護　千代田,株式会社グッドライフケア,営利法人,1370101303,東京都千代田区九段北２－３－７前川九段ビル２階,03-6272-6475,2012-09-01,,平日・土曜日・日曜日・祝日,,https://goodlifecare.co.jp/,35.695165559642800,139.745546860167450
訪問介護,千代田区,13101,ことりのひな,株式会社やさしいきもち,営利法人,1370101451,東京都千代田区神田須田町１－８－３メトロフロント神田１２０５号,03-6206-9087,2016-06-01,,,,,,
訪問介護,千代田区,13101,いちご訪問介護,特定非営利活動法人いちごの会,非営利法人（NPO）,1370101519,東京都千代田区神田東松下町２２－１こもれび千桜１階,03-6260-9815,2017-06-01,,平日・祝日,,https://www.ichigonokai.com,35.696176226851290,139.775022959611420
訪問介護,千代田区,13101,ケアリッツお茶の水,株式会社ケアリッツ・アンド・パートナーズ,営利法人,1370101535,東京都千代田区神田神保町２－１８第２鈴木ビル２階,03-6261-4361,2017-11-01,,平日・土曜日・日曜日・祝日,,https://www.careritz.co.jp/station/branch/ochanomizu/,35.697144236126924,139.757046069328900
訪問介護,千代田区,13101,レインボーハートケア,株式会社レインボーハート,営利法人,1370101550,東京都千代田区三番町７－１　２０９号室,03-3222-1412,2019-09-01,,平日・祝日,,https://rainbowheart.co.jp/index.html,35.690297800000000,139.742884500000000
訪問介護,千代田区,13101,ケア２１　九段,株式会社ケア２１,営利法人,1370101634,東京都千代田区九段南３－２－１５大塚ビル１階,03-5216-2821,2022-03-01,,平日・土曜日・日曜日・祝日,,https://care21.co.jp,35.692117400000000,139.743200900000000
訪問介護,千代田区,13101,ＳＯＭＰＯケア　千代田港　訪問介護,ＳＯＭＰＯケア株式会社,営利法人,1370101667,東京都千代田区麹町４－５－４桜井ビル５階,03-6268-9654,2022-09-01,,平日・土曜日・日曜日・祝日,100,https://www.sompocare.com/service/zaitaku/kaigo/Z000870?service=elderly,35.683537600000000,139.736814000000000
訪問介護,千代田区,13101,ゆめかケア　神保町本店,株式会社ゆめか,営利法人,1370101758,東京都千代田区神田神保町２－３８－１１岩田ビル３階,03-6555-5404,2023-11-01,,平日,,https://yumekaigo.co.jp/,35.697715900000000,139.755050200000000
訪問介護,千代田区,13101,心介護センター,有限会社のぞみ,営利法人,1370101766,東京都千代田区神田佐久間町３－２１－６０２号,03-5827-8185,2024-03-01,,,,,,
訪問介護,千代田区,13101,パール訪問介護事業所,有限会社しんみケアーセンター,営利法人,1370101782,東京都千代田区三番町７－２ヴィラロイヤル三番町６０３,03-3556-6446,2024-07-01,,平日・土曜日・日曜日・祝日,80,,35.690294200000010,139.742533700000000
訪問介護,千代田区,13101,ハイサポート東京,株式会社ＡＳＸＥＥＤ,営利法人,1370101808,東京都千代田区神田神保町１－９－５大雲堂ビル４Ｆ,03-6803-3950,2025-01-01,,平日・土曜日・日曜日・祝日,,http://asxeed-inc.co.jp,35.695763500000000,139.758530800000000
訪問介護,千代田区,13101,ヘルパーステーション　メリーテール,株式会社Ｓｏｌｅｉｌ,営利法人,1370101824,東京都千代田区二番町１－２－１１０８,03-6261-2503,2025-02-01,,平日・土曜日・日曜日・祝日,,,35.686556527321330,139.738003347221370
訪問介護,千代田区,13101,社会福祉会訪問介護ステーション,一般財団法人社会福祉会,社団・財団,1370101840,東京都千代田区外神田２－３－１,03-6206-0590,2025-04-01,,平日・土曜日・日曜日・祝日,,http://syakaihukushikai.or.jp/,35.700476700000000,139.769401200000000
訪問介護,千代田区,13101,ネコロボマン訪問介護靖国神社前店,株式会社ＡＩＳＯ,営利法人,1370101865,東京都千代田区九段南３－８－３Ｍ．Ｂａｌａｎｃｅ＋ＫＵＤＡＮ４階,03-3288-1001,2026-06-01,,,,,,
訪問介護,千代田区,13101,ヘルパーステーションルルドの泉,株式会社ルルドの泉,営利法人,1370202663,東京都千代田区神田小川町３－１１－２－１１１号,03-5534-8977,2022-11-01,,平日・土曜日・日曜日・祝日,25,,35.694112200000010,139.762292900000030
訪問介護,千代田区,13101,つながるケア,株式会社つながるカンパニー,営利法人,1370503599,東京都千代田区九段南３－３－１３横山ビル３階,03-5832-1905,2021-06-01,,,,,,
訪問介護,千代田区,13101,手結ステーション,合同会社アルファ・アソシエイツ,営利法人,1371111723,東京都千代田区飯田橋２－８－９－１０１,03-6261-6960,2017-09-01,,平日・土曜日・日曜日・祝日,,http://teistation-care.com/,35.699739399999990,139.749050100000000
訪問介護,千代田区,13101,生活日和,合同会社生活日和,営利法人,1371707678,東京都千代田区飯田橋３－１１－２０山田ラインビルⅡ８階,03-6272-8566,2024-02-01,,平日・土曜日・日曜日・祝日,,https://seikatsubiyori.co.jp,35.702719525827700,139.747183292291030
訪問介護,中央区,13102,株式会社　ベストサポート日本橋　ヘルパーステーション,株式会社ベストサポート日本橋,営利法人,1370200188,東京都中央区日本橋本石町４－５－１５吉川ビル２Ｆ,03-3241-5860,1999-12-01,,平日・土曜日・日曜日・祝日,,https://www.bestsupport-n.com,35.688887719016140,139.770953781614700
訪問介護,中央区,13102,株式会社　聖ルカレジデンス,株式会社聖ルカレジデンス,営利法人,1370200246,東京都中央区明石町８番１号,03-5550-6600,2000-02-01,,平日・土曜日・日曜日・祝日,,http://www.slresidence.jp,35.666383473966120,139.778393250262380
訪問介護,中央区,13102,新川訪問介護ステーション,中央区,地方公共団体（市町村）,1370200287,東京都中央区新川２－２７－３,03-3552-5670,2000-02-01,,平日・土曜日・日曜日・祝日,,https://www.san-ikukai.or.jp/chuo/shinkawa/,35.673037314039110,139.783972602377400
訪問介護,中央区,13102,訪問介護　エンゼル,株式会社ＡＣＡ,営利法人,1370200378,東京都中央区勝どき２－１０－１４－３０５,03-5547-8180,2000-04-01,,平日・土曜日・日曜日・祝日,100,http://www.angel-care.co.jp,35.658671300000000,139.777200300000000
訪問介護,中央区,13102,ニチイケアセンター新富,株式会社ニチイ学館,営利法人,1370200394,東京都中央区銀座１－１６－６鈴常ビル２階,03-3538-6712,2000-04-01,,平日・土曜日・日曜日・祝日,,http://www.nichiigakkan.co.jp,35.674069500000000,139.770497500000030
訪問介護,中央区,13102,エールハート本部,株式会社中央ケアサービス,営利法人,1370200444,東京都中央区銀座３－１１－１ニュー銀座ビル８階,03-5565-7484,2001-04-01,,平日・土曜日・日曜日・祝日,200,http://www.carepage.net,35.671294800000000,139.769008799999940
訪問介護,中央区,13102,クローバーケアステーション,株式会社カンケイ舎,営利法人,1370200717,東京都中央区東日本橋２－８－５東日本橋グリーンビルアネックス７階,03-5823-7723,2002-10-01,,平日・土曜日・日曜日・祝日,,https://kankeisha.jp/,35.693560313835940,139.785371806849550
訪問介護,中央区,13102,アソシケア　ゆうゆう　ヘルパーステーション,有限会社アソシエイト,営利法人,1370200857,東京都中央区月島３－１１－６,03-5547-4402,2004-01-01,,平日・土曜日・日曜日・祝日,65,http://associcare.com,35.662396100000000,139.781638800000000
訪問介護,中央区,13102,大江戸ケアセンター,シンシアリーサポート株式会社,営利法人,1370200907,東京都中央区築地２－７－１２　１５山京ビル３０８,03-6226-3370,2004-03-01,,平日・土曜日・日曜日・祝日,,https://sincerely-saiyou.jbplt.jp/,35.669847900000010,139.772716900000000
訪問介護,中央区,13102,ＳＯＭＰＯケア　あいおい　訪問介護,ＳＯＭＰＯケア株式会社,営利法人,1370201095,東京都中央区佃３－１－１５相生の里,03-5548-2491,2005-10-01,,平日・土曜日・日曜日・祝日,,https://www.sompocare.com,35.665943100000000,139.787213400000040
訪問介護,中央区,13102,ケアリッツ日本橋,株式会社ケアリッツ・アンド・パートナーズ,営利法人,1370201798,東京都中央区日本橋浜町２－５７－７メゾンエクレーレ浜町公園１０１号室,03-5614-0080,2012-02-01,,平日・土曜日・日曜日・祝日,,https://www.careritz.co.jp/station/branch/nihonbashi/,35.687021523758930,139.790754223907840
訪問介護,中央区,13102,サンシティ銀座ＥＡＳＴホームサービス,株式会社ハーフ・センチュリー・モア,営利法人,1370201939,東京都中央区月島３－２７－１５,03-6219-6501,2013-07-01,,,,,,
訪問介護,中央区,13102,エアリーサポート,株式会社エアリー介護支援センター,営利法人,1370202028,東京都中央区築地２－１－２秀和築地レジデンス８０３,03-6278-8178,2014-01-01,,平日・土曜日・日曜日・祝日,40,,35.670113200908010,139.773249930688500
訪問介護,中央区,13102,ヘルパーステーションあった介護,株式会社あった介護,営利法人,1370202135,東京都中央区日本橋人形町３－５－８日本橋センチュリー２１－３０２,03-6264-9725,2015-02-01,,平日・土曜日・日曜日・祝日,20,http://www.attakaigo.jp/,35.686801600000030,139.780954800000020
訪問介護,中央区,13102,ウィング訪問ケアステーション,社会福祉法人シルヴァーウィング,社会福祉法人（社協以外）,1370202242,東京都中央区新富１－４－６,03-3553-5228,2016-03-01,,平日・土曜日・日曜日・祝日,40,http://www.silver-w.jp/,35.672727144096115,139.772722330024750
訪問介護,中央区,13102,学研ココファン勝どきヘルパーセンター,株式会社学研ココファン,営利法人,1370202291,東京都中央区勝どき５－３－２勝どきザ・タワー,03-6228-2271,2017-03-01,,平日・土曜日・日曜日・祝日,,https://www.cocofump.co.jp/,35.656498202631140,139.772368471496860
訪問介護,中央区,13102,あくとケア　日本橋,株式会社ＳＯＬ,営利法人,1370202333,東京都中央区日本橋蛎殻町１－３３－６ビューハイツ日本橋　２０１号室,03-5847-6410,2017-12-01,,平日・土曜日・日曜日・祝日,7,https://actcare.jp/,35.681871800000000,139.784963100000030
訪問介護,中央区,13102,ケアリッツ築地,株式会社ケアリッツ・アンド・パートナーズ,営利法人,1370202366,東京都中央区築地３－４－６小竹ビル２階,03-6264-0975,2018-07-01,,平日・土曜日・日曜日・祝日,,https://www.careritz.co.jp/station/branch/tsukiji/,35.668389700000000,139.773725199999940
訪問介護,中央区,13102,ＹＳにじむすびＡＬＳ支援センター東京,株式会社にじむすび,営利法人,1370202440,東京都中央区日本橋兜町１７－１日本橋ロイヤルプラザ６２０号室,03-5962-3597,2019-12-01,,平日・土曜日・日曜日・祝日,,http://www.nijimusubi.net,35.679091100000000,139.776295500000060
訪問介護,中央区,13102,ことりケア,あこがれ小鳥合同会社,営利法人,1370202515,東京都中央区日本橋堀留町２－１－３ハイツ日本橋６０２号,03-6810-9432,2021-03-01,,平日・土曜日・日曜日・祝日,,,35.687682100000000,139.781424500000000
訪問介護,中央区,13102,ヒーリングケア,ヒーリングケア株式会社,営利法人,1370202556,東京都中央区東日本橋１－３－１４小島ビル３０１号室,03-5829-6310,2021-07-01,,平日・土曜日・日曜日・祝日,,https://healingcare.co.jp,35.690489399999980,139.785847899999960
訪問介護,中央区,13102,グッドスマイル,株式会社フリーダムランド,営利法人,1370202572,東京都中央区東日本橋２－４－３アドバンテージⅡビル６階,03-6240-9026,2021-09-01,,平日・土曜日・祝日,,https://goodsmile.care/,35.691903800000000,139.785662900000000
訪問介護,中央区,13102,訪問介護　ル　リアン,株式会社ｍｙｓａｔｕｕｌｉ,営利法人,1370202622,東京都中央区新富１－４－３レプレビル６階,05013863047,2022-06-01,,,,,,
訪問介護,中央区,13102,ステムテップ,ステムテップ株式会社,営利法人,1370202630,東京都中央区日本橋浜町２－１－７,03-6810-8652,2022-06-01,,,,,,
訪問介護,中央区,13102,ケアリッツ月島,株式会社ケアリッツ・アンド・パートナーズ,営利法人,1370202671,東京都中央区月島２－２－１０クエスト正徳６０４,03-6204-9943,2023-01-01,,平日・土曜日・日曜日・祝日,,https://www.careritz.co.jp/station/branch/tsukishima/,35.663232315805800,139.785641508886800
訪問介護,中央区,13102,グッドライフケア訪問介護　中央,株式会社グッドライフケア,営利法人,1370202705,東京都中央区新川１－２８－３８東京ダイヤビルディング２号館１１階,03-5244-9002,2023-08-01,,,,https://goodlifecare.co.jp/tokyo-service/,35.676747235643205,139.784140001119230
訪問介護,中央区,13102,せんじん訪問介護ステーション,合同会社せんじんケアサービス,営利法人,1370202721,東京都中央区明石町５－１３－５０８号,03-6687-1754,2023-09-01,,平日・土曜日・日曜日・祝日,,http://www.senjincarestation.com,35.668181900000000,139.777788400000000
訪問介護,中央区,13102,ケア２１　月島,株式会社ケア２１,営利法人,1370202739,東京都中央区月島３－５－５月島三丁目Ｈ邸,03-3531-0321,2024-03-01,,平日・土曜日・日曜日・祝日,,https://www.care21.co.jp/,35.663284900000010,139.780703800000030
訪問介護,中央区,13102,東京ひかりヘルパーステーション,中央パートナーズ株式会社,営利法人,1370202754,東京都中央区晴海１－１－２８キャナルハウス７０２,03-3520-8895,2024-04-01,,平日・土曜日・日曜日・祝日,,,35.661308600000000,139.786549200000000
訪問介護,中央区,13102,訪問介護事業所ビーフラット,ビーフラット株式会社,営利法人,1370202796,東京都中央区日本橋蛎殻町２－１０－１０パークビル５階,03-6661-2517,2025-05-01,,平日,,https://bflat-fc.com/,35.683380000000000,139.786865900000000
訪問介護,中央区,13102,銀座やすらぎ介護ケア,株式会社ＳＳＡ,営利法人,1370202812,東京都中央区銀座６－５－６,03-6264-5056,2025-07-01,,平日,,,35.670934200000000,139.761891600000000
訪問介護,中央区,13102,プラスケアステーション,株式会社プログレス,営利法人,1370202838,東京都中央区八丁堀４－１２－２０第一ＳＳビル６階Ｂ号室,03-6280-3733,2026-02-01,,平日・土曜日・日曜日・祝日,,,35.673976200000000,139.778821800000000
訪問介護,中央区,13102,訪問介護　ソリスト,株式会社ルノーラ,営利法人,1370202846,東京都中央区入船３－３－７弥栄ビル３０２号室,05088960860,2026-05-01,,,,,,
訪問介護,中央区,13102,まるかケア,合同会社ＬＹＮＸ,営利法人,1370202895,東京都中央区湊３－１－３村山ビル４階,05031100172,2026-08-01,,,,,,
訪問介護,中央区,13102,あいけあ,株式会社あいけあ,営利法人,1370703686,東京都中央区日本橋大伝馬町１１－８フジスタービル１０階　１０３号,03-3664-7533,2013-03-01,,平日・土曜日・日曜日・祝日,,,35.689990100000024,139.780654700000000
訪問介護,中央区,13102,訪問介護事業所　ＯＮＥ・ハート,グランドケアシステム株式会社,営利法人,1370705590,東京都中央区東日本橋２－２４－１２東日本橋槇町ビル６階,03-5809-1815,2022-09-01,,,,,,
訪問介護,中央区,13102,スパイラルケア,フロンティアコンストラクション＆パートナーズ株式会社,営利法人,1371004613,東京都中央区東日本橋２－１－６東日本橋藤和ビル３階,03-6421-4008,2017-08-01,,平日・土曜日・日曜日・祝日,8,http://www.sp-care.jp,35.691948980608046,139.785148848739570
訪問介護,中央区,13102,まっすぐケア,まっすぐ株式会社,営利法人,1371804434,東京都中央区築地２－６－７,03-6807-7654,2019-03-01,,平日・土曜日・日曜日・祝日,,https://www.massugu.co.jp/,35.669452982626815,139.772939270005760
訪問介護,港区,13103,コスモスケアステーション,有限会社コスモスケアステーション,営利法人,1370100727,東京都港区新橋６－５－４ＤＩＫマンション新橋７０１号室,03-5405-1910,2004-07-01,,平日・土曜日・日曜日・祝日,,,35.662134300000000,139.754418300000000
訪問介護,港区,13103,ミライエ　ケア,合同会社ミライエ,営利法人,1370101295,東京都港区三田２－１７－２９オーロラ三田４０１号室,03-6435-1545,2012-06-01,,平日・土曜日・日曜日・祝日,10,https://miraie-care.jp,35.647507451086180,139.739972088638300
訪問介護,港区,13103,アイム介護福祉支援センター,アイム株式会社,営利法人,1370300350,東京都港区赤坂７－１０－９第四文成ビル７０１,03-6807-4882,1999-11-01,,平日・土曜日・日曜日・祝日,,http://www.aimcare.co.jp/,35.669486155792750,139.732336297158780
訪問介護,港区,13103,ニチイケアセンターしろかね,株式会社ニチイ学館,営利法人,1370300830,東京都港区白金３－３－１,03-5447-1574,2000-04-01,,平日・祝日,,http://www.nichiigakkan.co.jp,35.646528534055340,139.729192559524560
訪問介護,港区,13103,株式会社　緑祥,株式会社緑祥,営利法人,1370300913,東京都港区赤坂６－４－１７,03-3585-4467,2000-07-01,,平日・土曜日・日曜日,60,,35.670363300000000,139.734472600000000
訪問介護,港区,13103,こめつつじ会訪問介護事業所,株式会社こめつつじ,営利法人,1370301010,東京都港区三田１－３－４４ラクラス麻布十番００２号,03-6665-8922,2001-03-01,,平日・土曜日・日曜日・祝日,344,http://www.cometsutsuji.jp/,35.654634077752200,139.742010071226420
訪問介護,港区,13103,トータルケアサービス高輪事業所,株式会社ティーシーエス,営利法人,1370301051,東京都港区三田３－７－１６御田八幡ビル１階,03-5427-5835,2001-05-01,,平日・土曜日・日曜日・祝日,,http://www.total-care-servise.co.jp,35.643169600000000,139.741656100000000
訪問介護,港区,13103,マスヤマケアセンター,マスヤマビジネスアソシエイツ株式会社,営利法人,1370301101,東京都港区南麻布２－９－１７,03-3446-6652,2001-10-01,,平日・土曜日・日曜日・祝日,80,,35.648898528505384,139.734539403075800
訪問介護,港区,13103,あおぞら港事業所,株式会社加治エンタープライズ,営利法人,1370301200,東京都港区芝５－１３－５Ｆ・Ｄ三田ビル１階,03-5484-1195,2002-04-01,,平日・土曜日・日曜日・祝日,,http://www.kaigo-aozora.jp/,35.649474500000000,139.745236100000060
訪問介護,港区,13103,セコムケアステーションみなと,セコム医療システム株式会社,営利法人,1370301218,東京都港区南麻布２－２－１３麻布ハイプラザ３０５,03-5444-2021,2002-04-01,,平日・土曜日・日曜日・祝日,100,http://medical.secom.co.jp,35.650064516578844,139.736523014485160
訪問介護,港区,13103,Ｋ港ステーション,有限会社コスモス港ステーション,営利法人,1370301671,東京都港区白金台２－２３－４,03-3444-1733,2004-05-01,,平日・土曜日・日曜日・祝日,,http://www.k-minato.com,35.633110294653285,139.729325005418330
訪問介護,港区,13103,キヨタ芝浦介護サービス,キヨタ・ライフケアサービス株式会社,営利法人,1370301929,東京都港区芝浦４－３－４田町きよたビル３階,03-5440-7288,2005-04-01,,平日・土曜日・日曜日・祝日,80,http://www.kiyota-life.co.jp,35.639650600000000,139.743992100000000
訪問介護,港区,13103,ベル・ハートサポート,有限会社ベル・ハートサポート,営利法人,1370302331,東京都港区芝浦４－９－１８－３１６,03-6426-8891,2006-05-01,,平日,,,35.639792400000000,139.747155700000000
訪問介護,港区,13103,訪問介護ステーションさくら川,社会福祉法人長岡福祉協会,社会福祉法人（社協以外）,1370302349,東京都港区新橋６－１９－２,03-3433-0184,2006-05-01,,平日・土曜日・日曜日・祝日,,http://www.fukushiplazasakuragawa.com/sakura_houmon,35.661206700000000,139.753779500000060
訪問介護,港区,13103,ひなた介護株式会社,ひなた介護株式会社,営利法人,1370302604,東京都港区六本木６－８－１５第２五月ビル,03-5414-1765,2007-07-01,,平日・土曜日・日曜日・祝日,20,,35.660707241498900,139.732647359524550
訪問介護,港区,13103,港区あんしん介護センター,ライフアンドケア株式会社,営利法人,1370302620,東京都港区麻布台３－４－１０誠工社ビル４Ｆ,03-3560-3322,2007-08-01,,平日・土曜日・日曜日・祝日,,,35.660600700000000,139.738916900000050
訪問介護,港区,13103,フジケア麻布ステーション株式会社,フジケア麻布ステーション株式会社,営利法人,1370302745,東京都港区西麻布１－１５－１６,03-3470-2317,2008-05-01,,平日・土曜日・日曜日・祝日,,,35.661900100000000,139.723043299999970
訪問介護,港区,13103,ポム,株式会社ピースオブマインド,営利法人,1370302752,東京都港区芝２－２７－８芝マンション４０３,03-5419-6970,2008-05-01,,,,,,
訪問介護,港区,13103,ＧＴＬケアサービス　芝浦アイランド,グッドタイムリビング株式会社,営利法人,1370302836,東京都港区芝浦４－２０－４,03-3798-4403,2008-11-01,,平日・土曜日・日曜日・祝日,,https://www.gtl-daiwaco.jp,35.638975900000020,139.751821999999920
訪問介護,港区,13103,訪問介護事業所　サクラ,株式会社サクラ,営利法人,1370303008,東京都港区麻布十番１－５－１１,03-6804-3045,2009-10-01,,平日・土曜日,,,35.656792700000000,139.733750900000020
訪問介護,港区,13103,エンジェルケアプラン,有限会社エンジェルケアプラン,営利法人,1370303073,東京都港区芝浦２－１７－２田町竹芝ハイツ２階,03-5442-9800,2010-03-01,,平日・土曜日・日曜日・祝日,80,https://www.angc.co.jp/,35.644733200000005,139.738064700000000
訪問介護,港区,13103,ケアリッツ麻布,株式会社ケアリッツ・アンド・パートナーズ,営利法人,1370303388,東京都港区西麻布１－３－１８ハレのぐちビル２０１,03-6447-5211,2011-01-01,,平日・土曜日・日曜日・祝日,,https://www.careritz.co.jp/station/branch/azabu/,35.661967875198180,139.726307645854970
訪問介護,港区,13103,シティインデックスホスピタリティ訪問介護事業所,株式会社デュアルタップコミュニティ,営利法人,1370303404,東京都港区白金６－１６－６ザ・レジデンス白金スイート４階,03-5449-7575,2011-02-01,,平日・土曜日・日曜日・祝日,,http://ci-hos.com/,35.643344000000000,139.722563400000000
訪問介護,港区,13103,グッドライフケア訪問介護　港,株式会社グッドライフケア,営利法人,1370303453,東京都港区東麻布１－１０－１１東麻布アベビル　３階,03-6441-0895,2011-03-01,,平日・土曜日・日曜日・祝日,,https://goodlifecare.co.jp/,35.657651200000000,139.743594400000000
訪問介護,港区,13103,アステイジ,アステイジ株式会社,営利法人,1370303743,東京都港区麻布十番２－１６－１１麻布十番２Ａビル２０２,03-6809-6770,2012-06-01,,平日・土曜日・日曜日・祝日,,https://astage.co/,35.654137500000000,139.735331299999980
訪問介護,港区,13103,ハービー＆マックローリン・陽だまり介護センター,Ｈａｒｖｅｙ＆Ｍａｃｌａｕｒｉｎ特定非営利活動法人,非営利法人（NPO）,1370303784,東京都港区高輪３－１９－２３－７０２号,03-3473-6896,2012-08-01,,平日・土曜日・日曜日・祝日,10,http://www.h-and-m-care.com,35.632785700000030,139.737565799999970
訪問介護,港区,13103,訪問介護事業所アップ赤坂,株式会社ユニプラ,営利法人,1370303842,東京都港区赤坂２－１０－１６　４階－Ａ,03-6435-5022,2013-01-01,,平日・土曜日・日曜日・祝日,8,https://www.sannou-kaigo.co.jp,35.670590692519994,139.741513443551240
訪問介護,港区,13103,ヘルパーステーション・あんしんサイト,株式会社サンビジネス,営利法人,1370303891,東京都港区芝１－１０－１１コスモ金杉橋ビル９階,03-6435-0791,2013-03-01,,平日,2,http://www.sunbi.co.jp/,35.651446700000000,139.754246400000060
訪問介護,港区,13103,ケアメイト港訪問介護事業所,株式会社ケアメイト,営利法人,1370303917,東京都港区高輪４－８－９りぶ高輪５０３,03-6450-2585,2013-04-01,,平日・土曜日・日曜日・祝日,,http://www.caremate.jp,35.629173800000020,139.734510000000000
訪問介護,港区,13103,やまぶきケア,株式会社やまぶき,営利法人,1370304014,東京都港区南青山２－２７－８－２０３,03-6432-9321,2013-07-01,,平日・土曜日・日曜日・祝日,5,http://yamabuki-care.co.jp/,35.668940700000014,139.717135300000000
訪問介護,港区,13103,えがお,合同会社オアシス,営利法人,1370304188,東京都港区三田２－２－１８－１０３,03-5439-6686,2014-05-01,,平日・土曜日・日曜日・祝日,50,https://oasis-egao.care,35.649845430534990,139.739321986579300
訪問介護,港区,13103,株式会社モン・クール,株式会社モン・クール,営利法人,1370304212,東京都港区西麻布２－９－１０－２０２,08032481072,2014-08-01,,平日・土曜日・日曜日・祝日,,,35.655790400000000,139.744783200000030
訪問介護,港区,13103,アクティブ　つるかめ介護,Ａｄｖａｎｃｅ合同会社,営利法人,1370304253,東京都港区海岸３－２１－９ＡＬＢＡ　８０２号,03-6459-1666,2014-11-01,,平日・土曜日・日曜日,3,,35.639958511090720,139.757531935163230
訪問介護,港区,13103,ドリームメット,有限会社メットエンタープライズ,営利法人,1370304287,東京都港区六本木３－１５－２ライオンズマンション第３－１０５,03-6435-5692,2015-02-01,,平日・土曜日・日曜日・祝日,11,http://metenterprise.net/wp/,35.662997800000010,139.735285300000000
訪問介護,港区,13103,フェリス訪問介護合同会社,フェリス訪問介護合同会社,営利法人,1370304303,東京都港区高輪２－１－１１－１１９号,03-6277-0739,2015-03-01,,平日,,,35.639773400000010,139.737592400000040
訪問介護,港区,13103,介護ステーションぶらんち,株式会社ぶらんち,営利法人,1370304360,東京都港区麻布十番３－６－１０－４０３,03-6400-5822,2015-05-01,,平日・土曜日・日曜日・祝日,150,http://branch-smile.com,35.653220900000000,139.734656399999950
訪問介護,港区,13103,高輪介護,株式会社スイス,営利法人,1370304758,東京都港区高輪２－１５－１１高輪ホワイトマンション６０９,03-3445-7393,2017-04-01,,,,,,
訪問介護,港区,13103,茜ケアステーション,茜株式会社,営利法人,1370304857,東京都港区高輪２－１４－９三愛ビル梅館２０１,03-5422-8971,2017-07-01,,平日・土曜日・日曜日・祝日,,,35.636006400000000,139.738115000000000
訪問介護,港区,13103,ヘルパーステーションレッズ,有限会社三辻商店,営利法人,1370304865,東京都港区赤坂６－４－１９サントミビル１階,03-5797-7253,2017-09-01,,平日・土曜日・日曜日・祝日,,https://www.mitsuji-akasaka.co.jp/,35.670553999999996,139.734737600000000
訪問介護,港区,13103,悠々ケア　六本木,ミアヘルサ株式会社,営利法人,1370304899,東京都港区六本木６－５－２５,03-6447-5047,2017-10-01,,平日,30,https://lifesupport.co.jp/,35.661299199999990,139.731194900000000
訪問介護,港区,13103,エヌエー　ケア　ステーション,合同会社アマロン,営利法人,1370304931,東京都港区南青山７－８－８－８０１号,03-6450-6348,2018-02-01,,平日・土曜日・日曜日・祝日,,,35.658569800000000,139.716760700000000
訪問介護,港区,13103,快活介護センター,快活ライフ合同会社,営利法人,1370305003,東京都港区東新橋２－１０－１０－７１４,03-6457-1915,2018-08-01,,平日・土曜日・日曜日・祝日,5,,35.661180700000020,139.756249800000030
訪問介護,港区,13103,ケアリッツ神谷町,株式会社ケアリッツ・アンド・パートナーズ,営利法人,1370305110,東京都港区芝公園３－５－１１グリーンビルⅡ－１０１,03-6441-0875,2020-01-01,,平日・土曜日・日曜日・祝日,,https://www.careritz.co.jp/station/branch/kamiyacho/,35.659656098906865,139.744572945991730
訪問介護,港区,13103,稲穂の里,合同会社稲穂,営利法人,1370305359,東京都港区高輪４－１１－２４ヒルズ高輪Ｂ棟１０１,03-6432-5889,2021-07-01,,平日・土曜日・日曜日・祝日,100,https://inaho-cares.com/,35.626865534467730,139.736651120901480
訪問介護,港区,13103,訪問介護事業所　だいだい,株式会社橙,営利法人,1370305417,東京都港区西麻布４－１１－２８エンパイアマンション４０１,03-6804-2255,2021-12-01,,,,,,
訪問介護,港区,13103,ＭＡＭＥ,株式会社Ｃ２,営利法人,1370305441,東京都港区赤坂８－１３－１９インペリアル赤坂壱番館５１３,03-6447-2061,2022-04-01,,平日・土曜日・日曜日・祝日,1,https://www.c2mame.com/,35.669631100000010,139.730622499999980
訪問介護,港区,13103,Ｃａｒｅｒ訪問介護,株式会社トモモデザイン,営利法人,1370305490,東京都港区南青山３－４－２ＢＡＳＥ南青山２０７,03-6427-1452,2022-11-01,,,,,,
訪問介護,港区,13103,ケア２１　南青山,株式会社ケア２１,営利法人,1370305524,東京都港区南青山７－１２－９スペース朱　１０２号室,03-6419-3721,2023-04-01,,平日・土曜日・日曜日・祝日,,https://care21.co.jp/,35.658082700000000,139.718488200000000
訪問介護,港区,13103,８８ヘルパーステーション,８８ホームメディカルケア株式会社,営利法人,1370305573,東京都港区六本木３－１６－３５イースト六本木７０４,03-6434-5885,2023-11-01,,平日,,,35.662650600000000,139.736704900000000
訪問介護,港区,13103,訪問介護事業所合同会社ヘルパー屋,合同会社ヘルパー屋,営利法人,1370305599,東京都港区白金台２－７－１３－２０２今道マンション,03-6721-7035,2024-02-01,,平日・土曜日・日曜日・祝日,,,35.635067800000016,139.729777500000000
訪問介護,港区,13103,結び－ｍｅ,合同会社結びめ,営利法人,1370305623,東京都港区西麻布２－１３－１７辰巳レヂデンス３０２,03-6421-0812,2024-04-01,,平日,,,35.660511300000000,139.722725600000000
訪問介護,港区,13103,エリーズセンドケア,エリーズ株式会社,営利法人,1370305656,東京都港区芝５－２０－７グランドメゾン三田２１０号,03-3456-2477,2024-06-01,,平日,,https://www.navida.ne.jp,35.647781800000000,139.747120800000000
訪問介護,港区,13103,ひよこ訪問介護ステーション,株式会社あん,営利法人,1370305664,東京都港区赤坂７－２－６白州ビル２階,03-5350-3857,2024-07-01,,平日,,,35.673649800000000,139.730523000000000
訪問介護,港区,13103,訪問介護事業所　笑　東京本店,株式会社笑グループ,営利法人,1370305672,東京都港区新橋６－２０－４新橋パインビル４階,03-6452-9666,2024-09-01,,,,,,
訪問介護,港区,13103,介護センターオフィス大和,合同会社オフィス大和,営利法人,1370305748,東京都港区赤坂９－１－７赤坂レジデンシャル１０１６,03-6388-0100,2025-05-01,,平日・土曜日・日曜日・祝日,,,35.668042700000000,139.732911700000000
訪問介護,港区,13103,ＣＬＡＳＷＥＬＬ　白金台訪問介護事業所,ＫＣ－Ｗｅｌｆａｒｅ株式会社,営利法人,1370305805,東京都港区白金台２ー１３－５,03-3440-5440,2025-11-01,,平日,,https://kc-welfare.co.jp/facility/110/,35.633758500000010,139.728659999999960
訪問介護,港区,13103,合同会社アシストライフ,合同会社アシストライフ,営利法人,1370305854,東京都港区芝３－１４－１５オーパスホームズ芝公園４０１,03-5443-3220,2026-05-01,,,,,,
訪問介護,港区,13103,あひる介護,合同会社あひる介護,営利法人,1370904102,東京都港区芝浦１－１４－１３シャンティ・イトー４０４号室,03-6450-3001,2014-02-01,,平日,,,35.647037899999994,139.752445000000000
訪問介護,港区,13103,ベストケア,株式会社ベストパートナー,営利法人,1370904748,東京都港区白金台２－２６－１０グリーンオーク高輪台３階,03-5447-8873,2017-05-01,,平日・土曜日・日曜日・祝日,,http://www.bestpartner-1.jp,35.631767914011000,139.729996634395860
訪問介護,港区,13103,アーコレードケアセンター,株式会社ヘヴンリィ,営利法人,1371004118,東京都港区白金台３－２－１６カーサ・デ・ベンターナ１０２,08047853403,2015-10-01,,平日・土曜日,,https://heavenly2014.com,35.637698728927690,139.727372243802020
訪問介護,新宿区,13104,ケアリッツ四谷,株式会社ケアリッツ・アンド・パートナーズ,営利法人,1370101162,東京都新宿区愛住町１７－９ボルベール四谷１０１,03-6709-8975,2011-03-01,,平日・土曜日・日曜日・祝日,,https://www.careritz.co.jp/station/branch/yotsuya/,35.690695601745270,139.719873683553230
訪問介護,新宿区,13104,株式会社　大起エンゼルヘルプ　新宿ケアセンター,株式会社大起エンゼルヘルプ,営利法人,1370400135,東京都新宿区大久保２－３２－８オークボニュープラザ１階,03-5291-8957,1999-10-01,,平日・土曜日・日曜日・祝日,,,35.701869700000000,139.702435199999970
訪問介護,新宿区,13104,株式会社　サン・ケアネット,株式会社サン・ケアネット,営利法人,1370400184,東京都新宿区新宿１－２０－１３花園公園ビル１０階,03-3353-4701,1999-11-01,,,,http://www.suncare.co.jp,35.689257600000000,139.712834700000030
訪問介護,新宿区,13104,株式会社Ｋ－ＷＯＲＫＥＲ,株式会社Ｋ－ＷＯＲＫＥＲ,営利法人,1370400416,東京都新宿区市谷仲之町３－２小黒ビル１Ｆ,03-6758-0287,1999-12-01,,平日・土曜日・祝日,,http://www.k-worker.co.jp/,35.688993900000000,139.716873099999930
訪問介護,新宿区,13104,ニチイケアセンター四谷,株式会社ニチイ学館,営利法人,1370400465,東京都新宿区四谷３－６－１８四谷三喜屋ビル２階,03-5363-0058,1999-12-01,,平日・土曜日・日曜日・祝日,,http://www.nichiigakkan.co.jp,35.688456861267030,139.721593718320380
訪問介護,新宿区,13104,有限会社まごころホームケアサービス,有限会社まごころホームケアサービス,営利法人,1370400515,東京都新宿区天神町６６－１０市川ビル１０２号,03-3260-6581,2000-01-04,,平日・土曜日・日曜日・祝日,,https://magokoro-homecare.com/,35.705592300000000,139.729748999999970
訪問介護,新宿区,13104,コミュニティケア　パル新宿・中野,労働者協同組合労協センター事業団,その他,1370400580,東京都新宿区西早稲田２－４－７東京ＤＥＷ　１Ｆ,03-6380-3444,2000-01-04,,平日・土曜日・日曜日・祝日,,,35.708525100000010,139.716129400000000
訪問介護,新宿区,13104,ハート介護サービス新宿,株式会社ハート介護サービス,営利法人,1370400754,東京都新宿区高田馬場２－１１－２ハピネス島田,03-3200-5461,2000-03-01,,平日・土曜日・日曜日・祝日,,http://www.media-web.co.jp/heart/,35.713531239336450,139.708482160005730
訪問介護,新宿区,13104,ニチイケアセンター神楽坂,株式会社ニチイ学館,営利法人,1370400796,東京都新宿区横寺町１３番メゾン藤１階,03-5225-2675,2000-03-01,,平日・土曜日・日曜日・祝日,,,35.702118800000010,139.735504800000000
訪問介護,新宿区,13104,やさしい手新宿訪問介護事業所,株式会社やさしい手,営利法人,1370401174,東京都新宿区西新宿７－５－２０新宿旭ビルＡ館６０１,05017521331,2000-09-01,,平日・土曜日・日曜日・祝日,,http://www.yasashiite.com,35.697780700000000,139.698197299999950
訪問介護,新宿区,13104,聖母ホームヘルパーステーション,社会福祉法人聖母会,社会福祉法人（社協以外）,1370401463,東京都新宿区中落合２－５－２１,03-3953-4028,2001-09-01,,平日・祝日,,http://www.seibohome.jp/,35.719023000000000,139.694621399999960
訪問介護,新宿区,13104,モテギケアサービス　新宿,株式会社モテギ,営利法人,1370401695,東京都新宿区上落合１－９－１１レミコ学院ビル２Ｆ,03-5338-6986,2002-06-01,,平日・土曜日・日曜日・祝日,,,35.714056800000010,139.691921900000000
訪問介護,新宿区,13104,歩くまごの手,有限会社歩くまごの手,営利法人,1370402040,東京都新宿区西新宿４－３１－３永谷リヴュール新宿８１６,03-3375-3925,2003-05-01,,,,,,
訪問介護,新宿区,13104,戸山のさくらんぼ,有限会社　戸山のさくら,営利法人,1370402982,東京都新宿区戸山２－３－１１８,03-3200-3922,2005-05-01,,平日・土曜日・日曜日・祝日,,http://www.toyamanosakura.com,35.703919800000000,139.715427999999970
訪問介護,新宿区,13104,日本リック訪問介護早稲田事業所,日本リック株式会社,営利法人,1370403105,東京都新宿区西早稲田３－２３－８早稲田セントラルハイツ１０１号,03-5287-8722,2005-09-01,,平日・土曜日・日曜日・祝日,,https://www.rickcare.jp/,35.713532700000000,139.712525199999960
訪問介護,新宿区,13104,ベリタス介護サービス,特定非営利活動法人ベリタス会,非営利法人（NPO）,1370403402,東京都新宿区西早稲田２－７－１７イールハウス２０１号,03-5273-3358,2006-11-01,,平日・土曜日・日曜日・祝日,30,http://www.ve-ri-tas.com/,35.708143900000010,139.714678500000000
訪問介護,新宿区,13104,特定非営利活動法人新宿ライフケアセンター,特定非営利活動法人新宿ライフケアセンター,非営利法人（NPO）,1370403469,東京都新宿区西早稲田２－１７－２９西北コーポ１０２,03-3205-2581,2007-04-01,,,,,,
訪問介護,新宿区,13104,セントケア新宿,セントケア東京株式会社,営利法人,1370403485,東京都新宿区高田馬場１－２９－２恒栄ビル４階,03-5287-4385,2007-04-01,,平日・土曜日・日曜日・祝日,80,http://www.saint-care.com/tokyo/,35.710321925501580,139.703916719049060
訪問介護,新宿区,13104,日本リック訪問介護市谷事業所,日本リック株式会社,営利法人,1370403576,東京都新宿区市谷台町４－１６,03-3341-1672,2007-09-01,,平日・土曜日・日曜日・祝日,,http://www.nipponrick.co.jp,35.692923491225095,139.719575469975330
訪問介護,新宿区,13104,ケアリッツ新宿,株式会社ケアリッツ・アンド・パートナーズ,営利法人,1370403865,東京都新宿区高田馬場４－２２－４６ザ・テラス１０４,03-5937-5508,2008-09-01,,平日・土曜日・日曜日・祝日,,https://www.careritz.co.jp/station/branch/shinjuku/,35.710436504392070,139.701596658465770
訪問介護,新宿区,13104,ピースフルケアサービス,株式会社ピースフルハンド,営利法人,1370404111,東京都新宿区新宿７－２０－１２戸山永田ハイツ３０２,03-6233-9901,2010-01-01,,平日・土曜日・日曜日・祝日,100,https://peacefulhand-recruit.com/,35.700704826611660,139.710147371758240
訪問介護,新宿区,13104,そら訪問介護事業所,株式会社インマヌエル,営利法人,1370404160,東京都新宿区大久保１－１４－６岩本ハウス,03-6233-8575,2010-04-01,,平日・土曜日・祝日,5,,35.700056422172970,139.703870541575300
訪問介護,新宿区,13104,ケア２１　落合,株式会社ケア２１,営利法人,1370404285,東京都新宿区中井２－１２－３三澤マンション１階,03-5906-4221,2010-11-01,,平日・土曜日・日曜日・祝日,,http://www.care21.co.jp/,35.716110555349815,139.686663130116500
訪問介護,新宿区,13104,ケアサポートまりん・新宿ヘルパーステーション,株式会社コンセプト・ジャパン,営利法人,1370404426,東京都新宿区戸塚町１－１０２江原ビル１０１,03-5155-9936,2011-05-01,,平日・土曜日・日曜日・祝日,,,35.707874939520540,139.720536679762260
訪問介護,新宿区,13104,訪問介護事業所　マアル,合同会社ＭＡＡＲ,営利法人,1370404863,東京都新宿区大久保１－６－１２川越屋ビル５階,03-5292-3130,2012-09-01,,平日・土曜日・日曜日・祝日,,http://www.maar-family.jp,35.700976006838450,139.706006365252140
訪問介護,新宿区,13104,ハート介護サービス早稲田,株式会社ハート介護サービス,営利法人,1370404897,東京都新宿区早稲田鶴巻町５５８大杉ビル１Ｆ,03-5287-1288,2012-11-01,,平日・土曜日・日曜日・祝日,,http://www.heartkaigo.jp,35.708130900000000,139.725724200000060
訪問介護,新宿区,13104,ケアライン新宿,株式会社ケアライン,営利法人,1370405225,東京都新宿区百人町２－２４－６石見ビル１Ｆ,03-5338-3022,2013-09-01,,平日・土曜日・日曜日・祝日,,https://carelinejp.com,35.702999900000000,139.695941500000000
訪問介護,新宿区,13104,学研ココファン四谷ヘルパーセンター,株式会社学研ココファン,営利法人,1370405365,東京都新宿区愛住町３－７,03-5379-7051,2014-04-01,,平日・土曜日・日曜日・祝日,,http://www.cocofump.co.jp/facilities/detail/yotsuya/,35.688773773358235,139.719081032540880
訪問介護,新宿区,13104,ホートンケアサービス,株式会社ＨＯＲＴＯＮ,営利法人,1370405407,東京都新宿区西新宿４－３２－１１セントビラ永谷４１５,03-6300-6483,2014-04-01,,平日・土曜日・日曜日・祝日,,http://www.horton-care.jp,35.687087700000000,139.688862299999980
訪問介護,新宿区,13104,あおば訪問介護　新宿,株式会社あおば,営利法人,1370405613,東京都新宿区東榎町１２,03-5579-2177,2014-12-01,,平日・土曜日・日曜日・祝日,,https://www.aoba-sinnjyuku.jp,35.705277696122730,139.728587063788980
訪問介護,新宿区,13104,スタイルケア新宿,株式会社アンド・スタイリング,営利法人,1370405662,東京都新宿区百人町１－９－１２Ｅｔｅｒｖｏ新大久保Ｂ１０１,03-5937-4171,2015-05-01,,平日・土曜日・日曜日・祝日,,,35.699563900000000,139.699802800000000
訪問介護,新宿区,13104,でぃぐにてぃ新宿,株式会社でぃぐにてぃ,営利法人,1370405704,東京都新宿区高田馬場１－２９－７－５０４号室,03-6265-9048,2015-06-01,,平日・土曜日・日曜日・祝日,,http://digunity.co.jp/,35.710708834626650,139.704177379762300
訪問介護,新宿区,13104,訪問介護　ヒマワリ・ケア,株式会社シーバック・インターナショナル,営利法人,1370405761,東京都新宿区北新宿３－１８－１３,03-3368-5664,2015-08-01,,平日・土曜日・日曜日・祝日,,,35.703271300000040,139.690748600000000
訪問介護,新宿区,13104,ユースタイルケア　新宿　訪問介護,ユースタイルラボラトリー株式会社,営利法人,1370406140,東京都新宿区高田馬場１－３１－８ダイカンプラザ４１９,05031717297,2017-09-01,,平日・土曜日・日曜日・祝日,,https://eustylelab.co.jp/,35.710061318742910,139.703336052778640
訪問介護,新宿区,13104,ぷっくるケア,ぷっくる株式会社,営利法人,1370406256,東京都新宿区高田馬場１－２３－１４シティ・ホームズ３０６,03-6875-7894,2018-04-01,,平日・土曜日・日曜日・祝日,,https://pukkulcare.com/,35.710654900000000,139.704731800000000
訪問介護,新宿区,13104,ツクイ新宿早稲田,株式会社ツクイ,営利法人,1370406389,東京都新宿区早稲田鶴巻町５１８－１第８　ＩＫビル４・５階　４０１号室,03-3208-6703,2018-09-01,,平日・土曜日・日曜日・祝日,,https://www.tsukui.net/,35.707938878912785,139.722782904036680
訪問介護,新宿区,13104,ハーモニーヘルパーズ,合同会社アワー・ディケイド,営利法人,1370406405,東京都新宿区新宿７－２６－３７グランドメゾン戸山２Ａ,03-6273-8139,2019-02-01,,平日・土曜日・日曜日・祝日,,https://www.harmony-helpers.com/index.html,35.700467600000000,139.708808600000000
訪問介護,新宿区,13104,キャリーラブ・ホームヘルパーズ,株式会社キャリーラブ,営利法人,1370406520,東京都新宿区高田馬場１－１０－１８諏訪町マンション３０２,03-5358-9440,2019-08-01,,,,,,
訪問介護,新宿区,13104,ケアリッツ江戸川橋,株式会社ケアリッツ・アンド・パートナーズ,営利法人,1370406678,東京都新宿区山吹町３５９ナレッジハウス１階,03-6457-5223,2020-03-01,,平日・土曜日・日曜日・祝日,,https://www.careritz.co.jp/station/branch/edogawabashi/,35.708614789023770,139.729816041375640
訪問介護,新宿区,13104,新宿訪問介護センター,株式会社千和富士,営利法人,1370406777,東京都新宿区大久保１－１２－３カーサ第二新宿４０４号,03-6824-5674,2021-01-01,,平日,10,,35.698534800000004,139.703462800000040
訪問介護,新宿区,13104,ユニバーサル介護サービス,株式会社唯愛国際,営利法人,1370406843,東京都新宿区住吉町２－１５萩野ビル３Ｆ,03-6416-8968,2021-07-01,,平日・土曜日・日曜日・祝日,,https://www.yoaunicare.com,35.692192349262580,139.721372649073830
訪問介護,新宿区,13104,ナイスケア戸山事業所,有限会社ナイスケア,営利法人,1370406959,東京都新宿区新宿７－３－４７新宿７丁目ハウス１階左号室,03-6233-7597,2022-05-01,,平日・土曜日・祝日,,https://nicecare.tokyo/,35.699985934793660,139.713611875463100
訪問介護,新宿区,13104,ホームケアよすが飯田橋,株式会社Ｓｏｕｒａ,営利法人,1370406975,東京都新宿区新小川町９－１０新神楽坂ハウス２１０号室,03-6821-1846,2022-06-01,,平日・土曜日・日曜日・祝日,,https://www.soura.co.jp/,35.705197500000000,139.741067900000000
訪問介護,新宿区,13104,訪問介護みく　早稲田,ミク・スタイル株式会社,営利法人,1370407098,東京都新宿区早稲田鶴巻町５３９シルキー早稲田４階,03-6262-0988,2022-12-01,,平日・土曜日・日曜日・祝日,120,,35.708989100000000,139.723336500000000
訪問介護,新宿区,13104,あけぼの介護センター信濃町,ケアゲート株式会社,営利法人,1370407106,東京都新宿区左門町１３－５左門町パクスビル３階,03-6709-9182,2023-02-01,,平日・土曜日・日曜日・祝日,,http://www.caregate.co.jp/,35.686060143816200,139.719997998416600
訪問介護,新宿区,13104,うららん訪問介護,三大株式会社,営利法人,1370407122,東京都新宿区西新宿８－６－１３－２０４,03-6279-3966,2023-03-01,,平日・土曜日・日曜日・祝日,100,https://www.ulalang.jp,35.695971500000000,139.693829600000000
訪問介護,新宿区,13104,ユースタイルケア　哲学堂　訪問介護,ユースタイルラボラトリー株式会社,営利法人,1370407171,東京都新宿区西落合２－１１－５メゾンド岩崎１０１,05018080085,2023-09-01,,,15,https://eustylelab.co.jp/,35.721729100000000,139.677598400000000
訪問介護,新宿区,13104,ファミリアケアサービス,有限会社ヒットラボ,営利法人,1370407205,東京都新宿区四谷４－１１－４エスパスウルーよつや２０１,03-5312-2621,2023-10-01,,平日・土曜日・日曜日・祝日,,,35.688455900000000,139.717874600000000
訪問介護,新宿区,13104,わかい訪問介護,和諧株式会社,営利法人,1370407353,東京都新宿区百人町３－１－６Ｂ１－Ｂ号室,03-3369-3039,2024-12-01,,平日・祝日,,,35.706286700000000,139.700683700000000
訪問介護,新宿区,13104,訪問介護　花贈り,株式会社ＣｌｅａｎＬｉｆｅ,営利法人,1370407387,東京都新宿区新小川町４－１６プラレールビル２階,03-6265-0297,2025-01-01,,平日,,https://cl-hanaokuri.com/,35.705768300000000,139.743168700000000
訪問介護,新宿区,13104,ニューライフ,東京癒心健康研究所合同会社,営利法人,1370407429,東京都新宿区新宿２－２－１－１１０４,03-5341-4279,2025-04-01,,,,,,
訪問介護,新宿区,13104,ユースタイルケア　四ッ谷　訪問介護,ユースタイルラボラトリー株式会社,営利法人,1370407445,東京都新宿区荒木町１６－２６エスペロビル４０２,05017215530,2025-06-01,,平日・土曜日,,http://eustylelab.co.jp,35.691325900000000,139.724828800000000
訪問介護,新宿区,13104,縁リンク,ｅＣａｒｅＰａｒｔｎｅｒ株式会社,営利法人,1370407528,東京都新宿区新宿１－２８－３ＴＳＧ御苑ビル８Ｆ,08041769123,2026-02-01,,平日,,https://es-s.co.jp/,35.690811800000000,139.713261800000000
訪問介護,新宿区,13104,リングケア訪問介護,合同会社リングケアサービス,営利法人,1370407536,東京都新宿区戸山２－２５－１１０号,05011232930,2026-02-01,,平日,,http://www.ring-care.com/RingCare.html,35.704093900000000,139.711322100000000
訪問介護,新宿区,13104,かけはし,特定非営利活動法人東京盲ろう者友の会,非営利法人（NPO）,1370604058,東京都新宿区岩戸町４８７ビルディング２階,03-6228-1282,2018-05-01,,,,,,
訪問介護,新宿区,13104,ワンダフルサポート訪問介護事業所,ワンダフルサポート株式会社,営利法人,1370902643,東京都新宿区西新宿７－２０－２愛美堂ビル６階,03-6279-1342,2006-08-01,,平日・土曜日・日曜日・祝日,150,http://care-net.biz/13/wonderful/,35.693838200000000,139.695455000000000
訪問介護,新宿区,13104,医療法人社団　松和会　望星西新宿診療所,医療法人社団松和会,医療法人,1371301035,東京都新宿区西新宿３－１２－１２,03-5304-5655,2002-12-01,,平日・土曜日・祝日,,https://www.nishi-s.com/,35.685398999999990,139.688195800000020
訪問介護,新宿区,13104,ヘルパーステーション　あぐり,合同会社はるにれ,営利法人,1371303320,東京都新宿区大久保１－１５－１８みゆきビル６０１号,03-6273-8963,2016-05-01,,平日,,,35.700996300000010,139.703703600000000
訪問介護,新宿区,13104,ひふみケアサービス,株式会社ひふみサービス,営利法人,1371603471,東京都新宿区百人町２－２２－１６シエン・コンドミニオ３１３,03-5925-1236,2008-04-01,,平日・土曜日・日曜日・祝日,,,35.703997100000000,139.697596800000040
訪問介護,新宿区,13104,サヤン,グッドイナフ合同会社,営利法人,1371603711,東京都新宿区下落合１－１２－１サトウマンション２０７,03-6908-6630,2009-09-01,,平日・土曜日・日曜日・祝日,1,https://sayang.co.jp/,35.715623600000000,139.696761300000000
訪問介護,文京区,13105,有限会社渡瀬,有限会社　渡瀬,営利法人,1370500058,東京都文京区本駒込１－２１－１４,03-3946-7151,2000-03-01,,平日・土曜日・日曜日・祝日,,http://www.watase-kaigo.jp,35.726477435275730,139.752174674239740
訪問介護,文京区,13105,ケアワーク弥生　介護サービス部,株式会社ケアワーク弥生,営利法人,1370500108,東京都文京区弥生２－１５－１３,03-3811-1056,1999-10-01,,平日・土曜日・日曜日・祝日,,http://www.carework.co.jp,35.716730900000000,139.763229899999940
訪問介護,文京区,13105,東京保健生活協同組合　介護センター健生,東京保健生活協同組合,生協,1370500264,東京都文京区大塚６－９－１０　２階,03-3943-7490,1999-11-01,,平日・土曜日・日曜日・祝日,10,http://www.thoken.or.jp,35.726082000000000,139.726465200000000
訪問介護,文京区,13105,有限会社あゆみ介護文京,有限会社あゆみ介護文京,営利法人,1370500272,東京都文京区千駄木５－２８－５,03-3821-8135,1999-11-01,,平日,,,35.727443400000000,139.759029800000000
訪問介護,文京区,13105,ニチイケアセンター茗荷谷,株式会社ニチイ学館,営利法人,1370500280,東京都文京区春日２－１０－１５　志知ビル２階,03-5840-8516,2000-02-01,,平日・土曜日・日曜日・祝日,,http://www.nichiigakkan.co.jp,35.713033500000016,139.741667499999950
訪問介護,文京区,13105,老松ケアサービス,有限会社老松ケアサービス,営利法人,1370500306,東京都文京区大塚五丁目１５番１０号　三恵ビル１階,03-3941-0811,1999-11-01,,平日・土曜日・日曜日・祝日,20,http://www.oimatsu-care.jp,35.723971100000000,139.729690099999970
訪問介護,文京区,13105,有限会社　加藤介護サービス,有限会社　加藤介護サービス,営利法人,1370500355,東京都文京区本駒込１－２５－２４,03-3946-3581,1999-12-01,,平日・土曜日・日曜日・祝日,,http://katocareservice.co.jp/index.html,35.727607000000000,139.751277599999980
訪問介護,文京区,13105,有限会社　アドワンス　サポート・コスモス,有限会社アドワンス,営利法人,1370500637,東京都文京区千駄木５－４９－１,03-5814-1554,2000-04-01,,平日・土曜日・日曜日・祝日,,http://www.adonce.net/,35.729598300000000,139.757476400000000
訪問介護,文京区,13105,カインド・ケア・ステーション文京,有限会社　カインド　ケア,営利法人,1370501023,東京都文京区湯島四丁目６番１２号湯島ハイタウンＢ棟９－９１６,03-3868-8758,2002-07-01,,平日・土曜日・日曜日・祝日,2,https://www.kindcare.co.jp,35.708591014761430,139.767841371164000
訪問介護,文京区,13105,ヘルパーステーション　せら,株式会社けせら,営利法人,1370501114,東京都文京区本郷３－１５－２本郷二村ビル２０１,03-5840-7040,2003-04-01,,平日・土曜日・祝日,80,https://www.houkankesera.net,35.704750596454120,139.761670932878700
訪問介護,文京区,13105,佐々木ケアサービス株式会社在宅介護事業部千駄木営業所,佐々木ケアサービス株式会社,営利法人,1370501353,東京都文京区千駄木４－１－２２,03-5832-8522,2004-08-01,,平日・土曜日・日曜日・祝日,,http://www.magonote.com/,35.730568200000000,139.761099000000060
訪問介護,文京区,13105,有限会社　リンデンケア,有限会社　リンデンケア,営利法人,1370501379,東京都文京区小石川３－２７－６コスモ小石川１０２,03-6801-9723,2004-09-01,,平日・土曜日・日曜日・祝日,3,,35.712979400000010,139.750582399999980
訪問介護,文京区,13105,ケアステーションふくしあ文京,株式会社ふくしあ,営利法人,1370501619,東京都文京区千駄木４－７－１５－２０２,03-5809-0716,2005-11-01,,平日,,,35.731385499999990,139.759475200000000
訪問介護,文京区,13105,あいえるＰｉＡ２４,特定非営利活動法人スタジオアイエル文京,非営利法人（NPO）,1370501890,東京都文京区本駒込３－１５－１０,03-5814-9225,2007-11-01,,平日,,https://ilbunkyo.jimdo.com/,35.728440400000000,139.756554999999930
訪問介護,文京区,13105,ヘルパーステーション　ケアワーク東京,株式会社ケアワーク弥生,営利法人,1370502401,東京都文京区千駄木４－９－６－１０１,03-5815-5814,2011-09-01,,平日・土曜日・日曜日・祝日,70,http://www.carework.co.jp,35.731100799999970,139.758651200000000
訪問介護,文京区,13105,グッドライフケア訪問介護　文京,株式会社グッドライフケア,営利法人,1370502807,東京都文京区小石川２－１９－１林田ビル１Ｆ,03-3868-2910,2014-02-01,,,,https://goodlifecare.co.jp/,35.710934000000000,139.750378100000030
訪問介護,文京区,13105,フィット西片ケアサービス,株式会社ＦＩＴ西片,営利法人,1370502823,東京都文京区白山１－６－５－１０４,03-3868-3522,2014-04-01,,平日・土曜日・日曜日・祝日,,http://fit-kaigo.com,35.715716300000000,139.752251000000000
訪問介護,文京区,13105,ピカ１ケア,エイチアイケーサービス合同会社,営利法人,1370503235,東京都文京区小石川５－３４－１０,03-6801-5436,2017-05-01,,平日・土曜日・祝日,88,https://pika1care.co.jp/,35.719674500000020,139.741120100000000
訪問介護,文京区,13105,訪問介護　クオーレ,株式会社拓,営利法人,1370503243,東京都文京区本郷４－３３－１２,03-6240-0174,2017-07-01,,平日・土曜日・日曜日・祝日,150,https://www.cuore-hiraku.jp,35.709614800000000,139.756541700000070
訪問介護,文京区,13105,ＳＯＭＰＯケア　文京　訪問介護,ＳＯＭＰＯケア株式会社,営利法人,1370503359,東京都文京区小日向２－８－１５,03-4362-8959,2018-07-01,,平日・土曜日・日曜日・祝日,,https://www.sompocare.com,35.726748800000000,139.746597299999960
訪問介護,文京区,13105,ホームケアよすが,株式会社Ｓｏｕｒａ,営利法人,1370503524,東京都文京区千駄木３－４２－５セントラルヴィラ千駄木１０２号室,08070308794,2020-04-01,,平日・土曜日・日曜日・祝日,,https://www.soura.co.jp/,35.727898503738160,139.763720166864770
訪問介護,文京区,13105,お・結びケアサービス,合同会社Ｆ＆Ｋ,営利法人,1370503565,東京都文京区千石４－４６－１４青山ビル４０１,03-6822-4041,2020-08-01,,平日・土曜日・日曜日・祝日,,https://omusubi.online,35.728573400000000,139.743414400000000
訪問介護,文京区,13105,ケアリッツ白山,株式会社ケアリッツ・アンド・パートナーズ,営利法人,1370503672,東京都文京区白山４－２１－１５ホワイトキューブマツシタ１０２,03-6240-0891,2023-03-01,,平日・土曜日・日曜日・祝日,,https://www.careritz.co.jp/station/branch/hakusan/,35.721105845619780,139.747267541171940
訪問介護,文京区,13105,あいむすび文京,巴電気通信株式会社,営利法人,1370503698,東京都文京区小石川５－３８－４,03-5844-6388,2023-04-01,,平日・土曜日,,,35.718343100000000,139.742733000000000
訪問介護,文京区,13105,リーベ訪問介護ステーション,株式会社インテンド,営利法人,1370503706,東京都文京区湯島２－１６－１０ＭＡＳＳビルディング３階,03-5844-6596,2023-05-01,,平日・土曜日・日曜日・祝日,,https://kango-rihabiristation.com,35.705014700000000,139.765827000000000
訪問介護,文京区,13105,メリッサケア,クードシュバル株式会社,営利法人,1370503748,東京都文京区本郷６－３－２－１０２,07021600234,2024-03-01,,,3,https://melissacare.com/,35.712566700000000,139.758639300000000
訪問介護,文京区,13105,ケア２１　文京,株式会社ケア２１,営利法人,1370503755,東京都文京区向丘２－３４－１２清水ビル１階,03-3828-5490,2024-04-01,,平日・土曜日・日曜日・祝日,,https://www.care21.co.jp/,35.723766800000010,139.756199099999980
訪問介護,文京区,13105,ケアシステム助丸,ｋｕｋｏｒ株式会社,営利法人,1370503763,東京都文京区大塚５－１５－１０三恵ビル３０２,03-5810-1737,2024-07-01,,,,,,
訪問介護,文京区,13105,ＡＬＳＯＫケアステーション文京,ＡＬＳＯＫ介護株式会社,営利法人,1370503805,東京都文京区白山５－７－９シャトレー白山１階,03-5319-2673,2024-09-01,,平日・土曜日・日曜日・祝日,,,35.722376221482530,139.748593993254080
訪問介護,文京区,13105,訪問介護事業所きずな本郷赤門店,株式会社快活快護,営利法人,1370503821,東京都文京区本郷４－５－１０サンファミリー本郷２０３号,03-5990-9227,2024-10-01,,平日・土曜日・日曜日・祝日,,https://www.kaikei-home.com/shimmuraktax/,35.707616399999990,139.758297199999960
訪問介護,文京区,13105,ヘルパーステーション　パワーエール,株式会社パワーエール,営利法人,1370503839,東京都文京区白山５－２１－９－１０１スカイコート文京白山第二,03-4363-5468,2024-10-01,,平日・土曜日,,,35.725322900000000,139.748905800000000
訪問介護,文京区,13105,よりそい訪問ステーション,一般社団法人ＹＯＲＩＳＯＩＮＥＴ,社団・財団,1370503920,東京都文京区後楽２－１６－５福永ビル２０２,08011401259,2025-06-01,,平日・土曜日・祝日,,https://yorisoinet.jp,35.706589100000000,139.744186600000000
訪問介護,文京区,13105,訪問介護プルコッチ,合同会社リアン,営利法人,1370504068,東京都文京区本郷１－２５－２Ｔｒｕｓｔ　Ｖａｌｕｅ本郷５０２,03-5654-5743,2026-05-01,,,,,,
訪問介護,台東区,13106,しのぶケア,株式会社イートゥエイチ,営利法人,1370201723,東京都台東区東上野３－３２－４　２階,03-5615-2420,2011-07-01,,平日・土曜日・日曜日・祝日,30,,35.710453900000030,139.781999099999980
訪問介護,台東区,13106,ホームヘルプサービス　ソラスト台東,株式会社ソラスト,営利法人,1370600205,東京都台東区台東２－３－６ソラスト台東ビル,03-5807-7152,1999-11-01,,平日・土曜日,,http://www.solasto.co.jp/,35.702663000000015,139.779657000000040
訪問介護,台東区,13106,同愛サポート,有限会社　ヒューマンサポート同愛,営利法人,1370600213,東京都台東区下谷２－１２ー２,03-3872-7058,1999-11-01,,平日・土曜日・日曜日・祝日,,,35.722250700000000,139.783133700000000
訪問介護,台東区,13106,りゅうせんホームヘルプステーション,社会福祉法人台東区社会福祉事業団,社会福祉法人（社協以外）,1370600304,東京都台東区竜泉２－１０－８,03-6458-1407,2002-04-01,,平日・土曜日・日曜日・祝日,,http://taitoswc.or.jp,35.725580164772620,139.789559770747400
訪問介護,台東区,13106,ニチイケアセンター台東,株式会社ニチイ学館,営利法人,1370600452,東京都台東区元浅草１－１－８内山ビル１Ｆ,03-5806-3595,2000-02-01,,平日・土曜日・日曜日・祝日,40,http://www.nichiigakkan.co.jp,35.707039552241020,139.784842564418000
訪問介護,台東区,13106,特定非営利活動法人　社会福祉サービス　マザリーエフ,特定非営利活動法人社会福祉サービスマザリーエフ,非営利法人（NPO）,1370600700,東京都台東区根岸５－１０－１３,03-3872-0936,2000-04-01,,平日・土曜日・祝日,,https://motherly-f.jimdo.com/,35.727450500000000,139.787763600000060
訪問介護,台東区,13106,ホームヘルプサービス・タンポポ,株式会社オオサワ,営利法人,1370601096,東京都台東区浅草５－２６－２リエス浅草２０１,03-3872-7806,2002-03-01,,平日・土曜日・日曜日・祝日,5,,35.719716100000010,139.798661800000020
訪問介護,台東区,13106,アイ愛介護サービス,株式会社アイ愛,営利法人,1370601120,東京都台東区池之端２－８－９,03-3828-8511,2002-04-01,,平日・土曜日・日曜日・祝日,40,http://www.ai2.jp/,35.716527371310930,139.766733072352620
訪問介護,台東区,13106,あやの実ヘルパーステーション,有限会社彩の実,営利法人,1370601237,東京都台東区寿２－２－７第２松栄ビル,03-5828-9114,2002-09-01,,平日・土曜日・日曜日・祝日,,http://r.goope.jp/ayanomi,35.709079279242694,139.790580437542670
訪問介護,台東区,13106,ヘルパーステーション　ふるさと,有限会社ひまわり,営利法人,1370601245,東京都台東区千束４－３９－６　２階,03-5808-1291,2002-09-01,,平日・土曜日・日曜日・祝日,,http://www.hurusatonokai.jp/,35.725117500000000,139.795599300000050
訪問介護,台東区,13106,いきいきらいふ　ケアサービス,株式会社ＲＡＲＥＣＲＥＷ,営利法人,1370601286,東京都台東区東上野６－１－１高長ビル３階,03-5246-6644,2003-01-01,,平日・土曜日・日曜日・祝日,,https://rare-c.co.jp/,35.711145299999984,139.784878600000040
訪問介護,台東区,13106,有限会社さくらサービス,有限会社さくらサービス,営利法人,1370601401,東京都台東区小島２－１７－８　ネギシセレッソ２０５,03-5687-3676,2003-05-01,,平日・土曜日・日曜日・祝日,,,35.706268900000000,139.782845700000050
訪問介護,台東区,13106,ゆうあい,特定非営利活動法人友愛会,非営利法人（NPO）,1370601443,東京都台東区清川２－２－３,03-5824-9135,2003-07-01,,平日・祝日,,https://you-i-kai.net,35.726414800000000,139.803623700000000
訪問介護,台東区,13106,ケア２１台東,株式会社ケア２１,営利法人,1370601450,東京都台東区千束２－１－８三井ビル１階,03-5808-4646,2003-08-01,,平日・土曜日・日曜日・祝日,120,,35.719669079327524,139.791040708698200
訪問介護,台東区,13106,ヘルパーステーション「あさがお」,東京保健生活協同組合,生協,1370601617,東京都台東区竜泉三丁目１番２号,03-3873-1171,2004-04-01,,平日・土曜日・日曜日・祝日,2,,35.726134100000000,139.795532600000000
訪問介護,台東区,13106,森田ケアーズ,有限会社　森田ケアーズ,営利法人,1370601682,東京都台東区駒形１－１２－１０－２０６,03-5826-2525,2004-05-01,,,,,,
訪問介護,台東区,13106,有限会社　すずらん介護サービス,有限会社すずらん介護サービス,営利法人,1370601823,東京都台東区花川戸１－１３－７　第２エンゼルコーポ１階,03-5246-8013,2005-03-01,,平日・土曜日・日曜日・祝日,150,,35.713624100000000,139.799919000000040
訪問介護,台東区,13106,ケアネット台東,株式会社ケアネット・トキ,営利法人,1370601922,東京都台東区日本堤２－３０－９,03-6802-0588,2005-11-01,,平日・土曜日,,http://toki-group.co.jp,35.728805025671940,139.798300913088380
訪問介護,台東区,13106,ヘルパーステーションハーモニー,一般社団法人ハーモニー,社団・財団,1370601989,東京都台東区日本堤１－３１－１,03-6279-3998,2006-03-01,,平日・土曜日・日曜日・祝日,,https://www.heartpage.jp/taito/facility/20010433,35.725770609894650,139.797331623942540
訪問介護,台東区,13106,フラットサポート浅草,合同会社フラットサポート浅草,営利法人,1370602177,東京都台東区松が谷３－８－１池田ビル１階,03-5806-2602,2007-06-01,,平日・土曜日・日曜日・祝日,10,,35.715215400000000,139.785961700000030
訪問介護,台東区,13106,とりごえケアサービス,三き株式会社,営利法人,1370602268,東京都台東区浅草橋５－７－９,03-5822-2356,2007-12-01,,平日・土曜日・日曜日・祝日,,,35.700411100000000,139.782098799999970
訪問介護,台東区,13106,ケアサービス福寿草,合同会社ケアサービス福寿草,営利法人,1370602375,東京都台東区東浅草１－１８－４　関口ビル１階,03-6671-5289,2009-01-01,,平日・土曜日・日曜日・祝日,60,http://www.fukujyusou.com/,35.722642800000000,139.800085200000000
訪問介護,台東区,13106,こころヘルパーステーション,こころヘルパーステーション合同会社,営利法人,1370602839,東京都台東区清川２－１２－８ミヤマビル１階,03-5849-4855,2011-02-01,,平日・土曜日・日曜日・祝日,,http://cocoro-hs.wixsite.com/kokoro4855,35.726847300000010,139.802967200000000
訪問介護,台東区,13106,浅草あおばケアサービス,一般社団法人Ｃ＆Ｎ,社団・財団,1370602938,東京都台東区浅草４－２－６,03-6240-6531,2012-12-01,,平日・土曜日・日曜日・祝日,,https://asakusaaoba.web.fc.com,35.718106686805880,139.798523162496220
訪問介護,台東区,13106,やさしい手浅草訪問介護事業所,株式会社やさしい手,営利法人,1370602946,東京都台東区浅草２－３４－１１　リファイズ浅草４０１,05017521310,2011-07-01,,平日・土曜日・日曜日・祝日,,http://www.yasashiite.com/,35.714840600000010,139.798013500000000
訪問介護,台東区,13106,ケアリッツ上野,株式会社ケアリッツ・アンド・パートナーズ,営利法人,1370603209,東京都台東区入谷２－２５－８池田ビル１階,03-5808-9013,2012-11-01,,平日・土曜日・日曜日・祝日,,https://www.careritz.co.jp/station/branch/ueno/,35.721508112897200,139.787643749702850
訪問介護,台東区,13106,ケア２１　浅草,株式会社ケア２１,営利法人,1370603233,東京都台東区寿３－２０－９ＩＮビル３階,03-5827-2721,2012-12-01,,平日・土曜日・日曜日・祝日,,http://www.care21.co.jp/,35.708279374502840,139.791496254106160
訪問介護,台東区,13106,巴　三ノ輪,株式会社巴,営利法人,1370603282,東京都台東区根岸５－２２－６ブロッケン６Ｆ,03-3876-7456,2013-03-01,,平日・土曜日・日曜日・祝日,30,https://tomoe.group,35.730086400000000,139.791352100000040
訪問介護,台東区,13106,三筋介護センター,介護トータルプランニング合同会社,営利法人,1370603613,東京都台東区三筋１－５－６,03-3863-8562,2015-09-01,,平日・土曜日・日曜日・祝日,,,35.703549800000000,139.786020700000000
訪問介護,台東区,13106,ケアセンター家族,有限会社健康ライブ,営利法人,1370603779,東京都台東区竜泉１－１４－５－Ｂ１Ｆ,03-3873-1113,2017-01-01,,平日・土曜日・日曜日・祝日,,http://www.keasenta-kazoku.com/,35.723489700000000,139.787474999999970
訪問介護,台東区,13106,さんわケア,ケーエム株式会社,営利法人,1370603902,東京都台東区東上野２－２－７渡邉ビル１階,03-5830-7692,2017-08-01,,平日・土曜日・日曜日・祝日,,,35.709351900000000,139.781812299999960
訪問介護,台東区,13106,訪問介護あったかスタッフ,合同会社あったかスタッフ,営利法人,1370603993,東京都台東区千束３－２７－１０－１階,03-6458-1664,2017-11-01,,平日・土曜日・日曜日・祝日,,http://www.attaka-staff.com,35.722873200000000,139.794007800000030
訪問介護,台東区,13106,特定非営利活動法人　トータルサポートたいとう,特定非営利活動法人　トータルサポートたいとう,非営利法人（NPO）,1370604074,東京都台東区竜泉３－１９－７,03-5824-2480,2018-07-01,,平日・土曜日・日曜日・祝日,,https://www.tomoni-ikiru.com/,35.725678500000000,139.792452200000070
訪問介護,台東区,13106,ＳＯＭＰＯケア　台東　訪問介護,ＳＯＭＰＯケア株式会社,営利法人,1370604090,東京都台東区寿１－５－９盛光伸光ビル８階,03-6231-6120,2018-07-01,,平日・土曜日・日曜日・祝日,60,https://www.sompocare.com/service/zaitaku/kaigo/Z000044,35.706890819999344,139.790461110656140
訪問介護,台東区,13106,えにし　あさくさ,株式会社縁,営利法人,1370604165,東京都台東区浅草４－４６－１アリアーテ浅草１Ｆ,03-6458-1105,2019-04-01,,平日・土曜日・日曜日・祝日,,,35.718569900000000,139.797143499999950
訪問介護,台東区,13106,おおきなき台東,株式会社日本エルダリーケアサービス,営利法人,1370604173,東京都台東区上野７－１１－７川村ビル６０１,03-5830-1845,2019-04-01,,平日・土曜日・日曜日・祝日,80,http://www.elderly.jp/,35.716230500000000,139.780121300000020
訪問介護,台東区,13106,ウェルビーイング２１訪問介護事業所,医療法人社団トータルライフ医療会,医療法人,1370604199,東京都台東区雷門２－１１－１０コモドール雷門１階,03-5827-1921,2019-09-01,,平日・土曜日・日曜日・祝日,,https://www.wb21.jp,35.709513200000000,139.795830600000000
訪問介護,台東区,13106,ケアリッツ御徒町,株式会社ケアリッツ・アンド・パートナーズ,営利法人,1370604215,東京都台東区台東３－４４－２エスポワールビル１階,03-5826-8381,2019-11-01,,平日・土曜日・日曜日・祝日,,https://www.careritz.co.jp/station/branch/okachimachi/,35.705447468174675,139.777542315326880
訪問介護,台東区,13106,ニチイケアセンター池之端,株式会社ニチイ学館,営利法人,1370604223,東京都台東区池之端４－２４－４パレ・キャトレーズ地下１階,03-3827-4014,2019-11-01,,平日・土曜日・日曜日・祝日,,http://www.nichiigakkan.co.jp,35.718085599999990,139.767256399999950
訪問介護,台東区,13106,日本在宅サービス,株式会社愛総合福祉,営利法人,1370604249,東京都台東区元浅草１－１２－７竹内ビル１Ｆ,03-5827-2200,2020-04-01,,平日・土曜日・日曜日・祝日,,https://i-sogofukushi.com/,35.708231400000010,139.784522299999960
訪問介護,台東区,13106,クローバーケアステーション浅草,株式会社カンケイ舎,営利法人,1370604272,東京都台東区浅草２－２７－９,03-3847-6337,2020-05-01,,平日・土曜日・日曜日・祝日,,https://kankeisha.jp/service/facilities/clover-asakusa,35.716468799783804,139.794915861088330
訪問介護,台東区,13106,訪問介護ステーション　どんぐり,合同会社中島,営利法人,1370604355,東京都台東区橋場２－１２－１,03-5849-4286,2021-06-01,,平日,,,35.726761799999990,139.806783399999970
訪問介護,台東区,13106,訪問介護ＢＨ,ＢＨ株式会社,営利法人,1370604371,東京都台東区根岸２－２０－５パストラル根岸７０１,03-5808-9512,2021-10-01,,平日・土曜日・日曜日・祝日,,https://bhkabushikigaisha.com,35.725626300000000,139.774812500000000
訪問介護,台東区,13106,グロリア,株式会社グロリア,営利法人,1370604397,東京都台東区竜泉１－２１－１８伊藤ビル１Ｆ,03-5824-6066,2022-02-01,,,,,,
訪問介護,台東区,13106,雷門ふれあいケアステーション,ふれあい東京合同会社,営利法人,1370604405,東京都台東区雷門１－１５－１２－２１２号,03-5830-3948,2022-02-01,,平日・土曜日・日曜日・祝日,4,,35.711065700000010,139.793298800000000
訪問介護,台東区,13106,陽だまりの杜,株式会社隆陽会,営利法人,1370604439,東京都台東区台東４－１－１０　４階,03-3866-8056,2022-06-01,,平日,,,35.705780093485814,139.781577386508200
訪問介護,台東区,13106,あいおん訪問介護ステーション,合同会社ＤｏＴ,営利法人,1370604447,東京都台東区清川２－１８－３,03-6802-4340,2022-07-01,,平日・祝日,,,35.727498099999990,139.801368900000030
訪問介護,台東区,13106,訪問介護あいえん,株式会社あいえん,営利法人,1370604504,東京都台東区千束３－１２－７　１階,03-5849-4916,2023-04-01,,平日・土曜日・日曜日・祝日,,,35.720969400000000,139.792748600000000
訪問介護,台東区,13106,ｎａｎｍｏ　ｎａｎｍｏ,合同会社いいかげん村,営利法人,1370604538,東京都台東区根岸１－１－２４鶯谷日神ハイツ９０３号室,03-5830-6774,2023-07-01,,平日・土曜日・日曜日・祝日,,https://www.nanmonanmo.com/,35.720631999999990,139.780837900000000
訪問介護,台東区,13106,ケアリッツ千駄木,株式会社ケアリッツ・アンド・パートナーズ,営利法人,1370604546,東京都台東区谷中２－２－２サンエール根津Ａ－１０３,03-5832-9087,2023-10-01,,平日・土曜日・日曜日・祝日,,https://www.careritz.co.jp/station/branch/sendagi/,35.720201278234490,139.765473530688470
訪問介護,台東区,13106,うちくるケアⅡ,株式会社うちくる,営利法人,1370604553,東京都台東区上野７－１１－７川村ビル４０１号室,076-255-0856,2023-11-01,,平日・土曜日・日曜日・祝日,,https://www.uchikuru-k.co.jp/,35.716235100000010,139.780130900000020
訪問介護,台東区,13106,ケアリッツ三ノ輪,株式会社ケアリッツ・アンド・パートナーズ,営利法人,1370604561,東京都台東区竜泉３－３５－８ホワイトコート１階,03-6802-3623,2023-12-01,,平日・土曜日・日曜日・祝日,,https://www.careritz.co.jp/station/branch/minowa/,35.726580372915870,139.793418412268400
訪問介護,台東区,13106,あいほっとケア,ティー・アンド・デザインズ株式会社,営利法人,1370604579,東京都台東区入谷１－２１－１入谷Ｇｊハイム３０１,03-5849-4538,2024-02-01,,平日・祝日,,http://i-hot.t-and-d.co.jp,35.720616199999990,139.786676200000000
訪問介護,台東区,13106,合同会社訪問介護ハートフル,合同会社訪問介護ハートフル,営利法人,1370604710,東京都台東区竜泉１－２７－８,03-5849-4320,2025-05-01,,平日,,,35.723921900000000,139.787565000000000
訪問介護,台東区,13106,ホームヘルプ紡ぎ,ＳＰＩＮ株式会社,営利法人,1370604728,東京都台東区千束２－３４－６宮路ビル２０１,05088861929,2025-05-01,,平日,,https://spin.jp.net/company/,35.722598300000000,139.790452300000000
訪問介護,台東区,13106,訪問介護事業所　おはな,ホエールテール株式会社,営利法人,1370604751,東京都台東区三ノ輪２－３－２,03-5838-6992,2025-12-01,,,,,,
訪問介護,台東区,13106,ケアステーション　ひまわり,有限会社ケアステーションひまわり,営利法人,1370701938,東京都台東区根岸５－２４－７野中第三ビル３０１,03-6795-0172,2006-04-01,,平日・土曜日・日曜日・祝日,2,http://care-net.biz/13/himawari/,35.730990387700470,139.791952697714240
訪問介護,台東区,13106,オアシスケアセンター,株式会社オアシス,営利法人,1371507227,東京都台東区北上野２－２５－８,03-5830-3920,2012-06-01,,,,,,
訪問介護,台東区,13106,社会福祉法人　有隣協会　ケアサービス　ゆうりん,社会福祉法人有隣協会,社会福祉法人（社協以外）,1371802271,東京都台東区根岸５－１７－４根岸コーワハイツ４０１号,03-6458-1204,2006-10-01,,平日・土曜日・日曜日・祝日,,http://yurin.org/yurin.html,35.728608700000020,139.789891099999980
訪問介護,墨田区,13107,介護クラーク東日本橋,株式会社シーユーシー・ホスピス,営利法人,1370202374,東京都墨田区立花１－３４－１,03-6657-1317,2018-10-01,,平日・土曜日・日曜日・祝日,25,https://cuc-hospice.com/,35.703147100000020,139.831732300000000
訪問介護,墨田区,13107,ケア・サービス　恵,アールタクシー株式会社,営利法人,1370602474,東京都墨田区文花１－３１－１６,03-6661-8874,2009-08-01,,平日・土曜日・祝日,,,35.706669588197840,139.823200885585300
訪問介護,墨田区,13107,ラックすみだ,株式会社ラックコーポレーション,営利法人,1370700138,東京都墨田区京島１－４７－１７－２Ｆ,03-5655-7500,1999-10-01,,平日・土曜日・日曜日・祝日,,http://www.lac-corp.jp/,35.718826700000000,139.821719799999980
訪問介護,墨田区,13107,株式会社　東京介護サービス,株式会社東京介護サービス,営利法人,1370700203,東京都墨田区押上３－４３－４,03-3611-0184,1999-10-01,,平日・土曜日・日曜日・祝日,,https://care-net.biz/13/tokyokaigo/,35.711013300000000,139.820045199999980
訪問介護,墨田区,13107,本所介護サービス,株式会社本所介護サービス,営利法人,1370700310,東京都墨田区文花３－１４－４本所ＫＳビル２階,03-5655-3820,1999-11-01,,平日・土曜日・日曜日・祝日,,http://www.honjokaigo.co.jp,35.711991499999990,139.825958099999980
訪問介護,墨田区,13107,パル墨田,労働者協同組合労協センター事業団,その他,1370700328,東京都墨田区向島３－３－１ミリアレジデンス押上　2階,03-5819-5206,2000-01-04,,平日・土曜日・日曜日・祝日,105,https://parusumida.jimdosite.com,35.713782400000000,139.807543400000000
訪問介護,墨田区,13107,ニチイケアセンターおしあげ,株式会社ニチイ学館,営利法人,1370700351,東京都墨田区太平３－１９－５,03-5819-3160,2000-01-04,,平日・土曜日・日曜日・祝日,,http://www.nichiigakkan.co.jp,35.702475000000000,139.813540500000040
訪問介護,墨田区,13107,あゆみケアサービス,労働者協同組合労協センター事業団,その他,1370700666,東京都墨田区墨田５－４３－９若草八番館１Ｆ,03-5630-8711,2000-04-01,,平日・土曜日・日曜日・祝日,,,35.733814700000000,139.819427899999940
訪問介護,墨田区,13107,なのはな福祉サービス曳舟訪問介護事業所,有限会社なのはな福祉サービス,営利法人,1370700955,東京都墨田区東向島２－４６－１１柏木ビル２Ｆ,03-5630-6621,2001-07-01,,平日・土曜日・日曜日・祝日,,http://www.nanohana.biz,35.720176599999990,139.818811699999970
訪問介護,墨田区,13107,有限会社　ほほえみ介護サービス,有限会社ほほえみ介護サービス,営利法人,1370701052,東京都墨田区業平２－８－６-１０１,03-5608-8088,2001-12-01,,平日・土曜日・祝日,,https://care-net.biz/13/hohoemikaigo/,35.707418999999990,139.812554300000000
訪問介護,墨田区,13107,ケア２１墨田,株式会社ケア２１,営利法人,1370701185,東京都墨田区八広１－７－３０,03-5655-2155,2003-01-01,,平日・土曜日・日曜日・祝日,,http://www.care21.co.jp,35.721212700000000,139.821936400000030
訪問介護,墨田区,13107,ケアサービス　ひろば,有限会社ハーモニー,営利法人,1370701219,東京都墨田区押上２－３０－１６,03-3613-4545,2003-02-01,,平日・土曜日・日曜日・祝日,,http://www.hiroba-kaigo.jp,35.714554700000000,139.814842799999950
訪問介護,墨田区,13107,ヘルパーステーション　和翔苑,社会福祉法人八広会,社会福祉法人（社協以外）,1370701284,東京都墨田区八広六丁目５５番１７号,03-3617-1501,2003-04-01,,平日・土曜日・日曜日・祝日,,http://www.washouen.com,35.724004300000000,139.830982599999970
訪問介護,墨田区,13107,ファミリーケアネット,ケイヨーエンジニアリング株式会社,営利法人,1370701300,東京都墨田区東駒形４－１１－３,03-3621-3511,2003-06-01,,,,,,
訪問介護,墨田区,13107,なのはな福祉サービス大正通り　訪問介護事業所,有限会社なのはな福祉サービス,営利法人,1370701318,東京都墨田区東向島４－４２－４,03-5630-6177,2003-06-01,,平日・土曜日・日曜日・祝日,,https://nanohana.biz/,35.727043000000000,139.818593000000000
訪問介護,墨田区,13107,テルウェル東日本　墨田介護センタ,テルウェル東日本株式会社,営利法人,1370701474,東京都墨田区墨田４－１０－６　メゾンノースⅡ１階,03-5631-5271,2003-12-01,,平日・土曜日・日曜日・祝日,,http://telwel-kaigo.com,35.732145400000000,139.821300000000060
訪問介護,墨田区,13107,アースサポート墨田,アースサポート株式会社,営利法人,1370701599,東京都墨田区東向島３－３６－８,03-3613-2600,2004-07-01,,平日・土曜日・日曜日・祝日,,https://www.earthsupport.co.jp,35.720815400000000,139.816195200000040
訪問介護,墨田区,13107,ニチイケアセンター墨田,株式会社ニチイ学館,営利法人,1370701672,東京都墨田区東向島６－３２－３宮川ビル１階,03-5655-2061,2004-11-01,,平日・土曜日・日曜日・祝日,5,http://www.nichiigakkan.co.jp,35.724504100000000,139.820830900000030
訪問介護,墨田区,13107,ゆとりケア,有限会社ゆとりケア,営利法人,1370702035,東京都墨田区亀沢１－２０－４川浦ビル２Ｆ,03-6658-8660,2006-06-01,,平日・土曜日・日曜日・祝日,50,https://www.yutori-care.jp/,35.698159830856500,139.799452191723360
訪問介護,墨田区,13107,ファミリーケアすみだ,社会福祉法人すこやか福祉会,社会福祉法人（社協以外）,1370702068,東京都墨田区墨田３－４１－１６　２Ｆ,03-5630-6818,2006-08-01,,平日・土曜日・日曜日・祝日,,http://www.sukoyaka-fu.or.jp/,35.729985977358350,139.823051295106500
訪問介護,墨田区,13107,セントケア墨田,セントケア東京株式会社,営利法人,1370702159,東京都墨田区吾妻橋２－２－４フェスティ・ワン５階,03-3624-2943,2007-04-01,,平日・土曜日・日曜日・祝日,,http://www.saint-care.com,35.708341200000000,139.803466200000000
訪問介護,墨田区,13107,ケアセンター　えがお,株式会社えがお,営利法人,1370702332,東京都墨田区本所２－５－１ライオンズシティ両国　１階,03-6658-1188,2008-03-01,,平日・土曜日・日曜日・祝日,120,https://www.care-egao.jp,35.703057700000010,139.801241300000020
訪問介護,墨田区,13107,あしたば訪問介護,株式会社明日葉,営利法人,1370702373,東京都墨田区押上１－４３－３,03-6905-6130,2008-04-01,,平日・土曜日・日曜日・祝日,,http://hp.kaipoke.biz/frm/10198/index_0003.html,35.709966100000000,139.816537199999970
訪問介護,墨田区,13107,ラック厩橋,株式会社ラックコーポレーション,営利法人,1370702407,東京都墨田区本所３－４－８－２Ｆ,03-5969-8524,2008-05-01,,平日・土曜日・日曜日・祝日,,http://lac-corp.jp,35.702347200000000,139.803516400000030
訪問介護,墨田区,13107,ラック鐘ヶ淵,株式会社ラックコーポレーション,営利法人,1370703116,東京都墨田区墨田２－３６－１１　２０２号室,03-5630-2236,2011-07-01,,平日・土曜日・日曜日・祝日,,http://www.lac-corp.jp,35.731049255319250,139.818273837156650
訪問介護,墨田区,13107,ラック立花,株式会社ラックコーポレーション,営利法人,1370703207,東京都墨田区立花１－２３－２－１０１・１０２サンタウン立花,03-5631-7151,2011-10-01,,平日・土曜日・日曜日・祝日,,http://www.lac-corp.jp/,35.706588800000000,139.830724899999950
訪問介護,墨田区,13107,翔美訪問介護ステーション,株式会社翔美,営利法人,1370703272,東京都墨田区墨田５－１１－７隅田ハイム３０２号室,03-5631-3381,2011-12-01,,平日・土曜日・日曜日・祝日,,https://shoubi-houmonkaigo.jimdofree.com/,35.736896799999990,139.819798600000040
訪問介護,墨田区,13107,ニチイケアセンターあづま町,株式会社ニチイ学館,営利法人,1370703348,東京都墨田区立花２－２７－９,03-5631-7166,2012-04-01,,平日,3,https://www.nichiigakkan.co.jp/,35.707452700000005,139.831019299999980
訪問介護,墨田区,13107,全労済在宅介護サービスセンターとうきょう,株式会社全労済ウィック,営利法人,1370703595,東京都墨田区江東橋４－１１－１錦糸町ダイヤビル５階,03-3846-6800,2012-12-01,,平日・土曜日・日曜日・祝日,,,35.694431500000000,139.815484800000030
訪問介護,墨田区,13107,ケアリッツ錦糸町,株式会社ケアリッツ・アンド・パートナーズ,営利法人,1370703629,東京都墨田区太平２－３－１０すずひらハイツ１階,03-6456-1485,2013-01-01,,平日・土曜日・日曜日・祝日,,https://www.careritz.co.jp/station/branch/kinshicho/,35.699930627262700,139.812791857559550
訪問介護,墨田区,13107,ホームヘルプサービス　あゆみ,株式会社ｔｏｙｏｕ,営利法人,1370704163,東京都墨田区東駒形３－２３－１０和田ビル　１Ｆ,03-6240-4245,2014-10-01,,平日・土曜日・日曜日・祝日,80,http://hp.kaipoke.biz/cwn/,35.707610700000000,139.803138499999930
訪問介護,墨田区,13107,訪問介護事業所クリエイト・ケア　キラキラ橘商店街,株式会社クリエイト・ケア,営利法人,1370704312,東京都墨田区京島３－３９－８,03-6657-5531,2015-05-01,,平日・土曜日・日曜日・祝日,10,http://www.w-createcare.com/,35.713802800000025,139.823289900000000
訪問介護,墨田区,13107,ハーツ訪問介護,株式会社Ｈｅａｒｔｓ,営利法人,1370704494,東京都墨田区業平１－３－１０ソレイユ業平２０２,03-5819-4381,2016-02-01,,平日・土曜日・日曜日・祝日,8,https://hearts-passion.com,35.707104050849146,139.810883822494960
訪問介護,墨田区,13107,つばめ訪問介護,株式会社アンプラグド,営利法人,1370704817,東京都墨田区業平４－２－９,03-6658-8387,2017-06-01,,平日・土曜日・日曜日・祝日,,https://tsubamecare.fun/,35.706575900000000,139.814909200000000
訪問介護,墨田区,13107,まごのてケア,株式会社ＭＲＢ,営利法人,1370704924,東京都墨田区八広３－２４－１６,03-6657-5651,2018-01-01,,平日,,http://hp.kaipoke.biz/pf1/110667/index_0003.html,35.719278200000010,139.828186700000000
訪問介護,墨田区,13107,ケアサービス　赤とんぼ,合同会社赤とんぼ,営利法人,1370704999,東京都墨田区向島１－１３－１０グレースジュン１０２,03-5637-7371,2018-05-01,,平日・土曜日・日曜日・祝日,40,,35.711668400000015,139.805730400000020
訪問介護,墨田区,13107,ＳＯＭＰＯケア　錦糸町　訪問介護,ＳＯＭＰＯケア株式会社,営利法人,1370705020,東京都墨田区太平３－１１－１０ＮＴＫ大野ビル４Ｆ,03-5637-1751,2018-07-01,,平日・土曜日・日曜日・祝日,,https://corporate.sompocare.com/,35.701366800000000,139.813585000000000
訪問介護,墨田区,13107,ＳＯＭＰＯケア　東墨田　訪問介護,ＳＯＭＰＯケア株式会社,営利法人,1370705038,東京都墨田区東墨田２－３－１８,03-5631-2258,2018-07-01,,,,,,
訪問介護,墨田区,13107,こむケア,合同会社こむ,営利法人,1370705079,東京都墨田区江東橋３－２－２ドルミ錦糸町大興ビル３０７号,03-5625-4250,2018-09-01,,平日,,,35.693584400000010,139.814471000000030
訪問介護,墨田区,13107,フルケア,株式会社フルケア,営利法人,1370705145,東京都墨田区江東橋１－１２－４,03-6659-6561,2019-03-01,,平日・土曜日,80,,35.695742386433830,139.810860888954920
訪問介護,墨田区,13107,このまち両国こころ訪問介護ステーション,株式会社コンフォケア,営利法人,1370705152,東京都墨田区緑３－３－５両都ハイツ４０５号,03-6659-5645,2019-03-01,,,,,,
訪問介護,墨田区,13107,訪問介護　ライフシェア,合同会社ライフスタイル,営利法人,1370705160,東京都墨田区京島３－３２－１０－１０２号,03-6231-9455,2019-04-01,,平日,10,http://hp.kaipoke.biz/z8c/?utm_source=kd,35.714675900000010,139.821170700000040
訪問介護,墨田区,13107,おおきなき墨田,株式会社日本エルダリーケアサービス,営利法人,1370705194,東京都墨田区本所２－１０－３ルアセイントビル１Ｆ,03-5819-0242,2019-04-01,,平日・土曜日・日曜日・祝日,,http://www.elderly.jp/,35.700662400000000,139.809015400000020
訪問介護,墨田区,13107,ケアサービス　あんず,日本マーキュリー株式会社,営利法人,1370705251,東京都墨田区文花２－１７－５ソミコーポ文花１０４,03-6661-8516,2019-08-01,,平日・土曜日・日曜日・祝日,,http://japan-mercury.com,35.710031600000000,139.825498400000000
訪問介護,墨田区,13107,ケアリッツ曳舟,株式会社ケアリッツ・アンド・パートナーズ,営利法人,1370705293,東京都墨田区東向島１－１９－５東向島１丁目事務所１階,03-6657-0870,2020-02-01,,平日・土曜日・日曜日・祝日,,https://www.careritz.co.jp/station/houmon-hikifune/,35.720576577250760,139.814406600000000
訪問介護,墨田区,13107,までにケア,合同会社までに,営利法人,1370705483,東京都墨田区京島１－５０－８,03-6657-5988,2022-02-01,,,,,,
訪問介護,墨田区,13107,ケアリッツ両国,株式会社ケアリッツ・アンド・パートナーズ,営利法人,1370705541,東京都墨田区両国４－３４－１４すみれハイツ１階,03-6284-0701,2022-05-01,,平日・土曜日・日曜日・祝日,,https://www.careritz.co.jp/station/branch/ryogoku/,35.694972479495064,139.796722227001000
訪問介護,墨田区,13107,ケアリッツ鐘ヶ淵,株式会社ケアリッツ・アンド・パートナーズ,営利法人,1370705558,東京都墨田区墨田３－２２－５コーポ若草１階,03-6661-8893,2022-06-01,,平日・土曜日・日曜日・祝日,,https://www.careritz.co.jp/station/branch/kanegafuchi/,35.730594295667340,139.820962460713200
訪問介護,墨田区,13107,紫～ゆかり～,特定非営利活動法人ＳＪ,非営利法人（NPO）,1370705657,東京都墨田区石原２－２３－９,03-6284-1311,2023-04-01,,,,,,
訪問介護,墨田区,13107,ケアセンターえがお墨田,株式会社えがお,営利法人,1370705707,東京都墨田区東向島５－８－２エンディミオン　２Ｆ,03-6231-9189,2023-08-01,,平日・土曜日・日曜日・祝日,,https://www.care-egao.jp/,35.725892000000000,139.819792000000000
訪問介護,墨田区,13107,ケアリッツ八広,株式会社ケアリッツ・アンド・パートナーズ,営利法人,1370705731,東京都墨田区八広６－５２－１６八広プレインビル２０４,03-6661-8723,2024-01-01,,平日・土曜日・日曜日・祝日,,https://www.careritz.co.jp/station/branch/yahiro/,35.724565100000000,139.830035600000000
訪問介護,墨田区,13107,訪問介護ポケットヘルパーＳＵＮ,合同会社ライフＲ＆Ｂストーリー,営利法人,1370705749,東京都墨田区東向島６－３９－９,03-6231-9440,2024-01-01,,平日,,,35.725133700000000,139.822470400000000
訪問介護,墨田区,13107,ドリーム訪問介護,株式会社ドリーム,営利法人,1370705806,東京都墨田区墨田４－３９－１,03-6661-8948,2024-05-01,,平日・土曜日・日曜日・祝日,,https://www.dream3588.com/index.html,35.731824300000000,139.824489100000000
訪問介護,墨田区,13107,訪問介護　たろう,合同会社ハイプレイス,営利法人,1370705814,東京都墨田区八広３－２３－７八広サンハイツ１０６号,03-6661-8368,2024-06-01,,平日・土曜日・日曜日・祝日,,,35.719096399999990,139.828182400000000
訪問介護,墨田区,13107,ケア＆サポート東京みかん,ＡＳｃａｒｅ＆ｓｕｐｐｏｒｔＬｉｎｋ株式会社,営利法人,1370705863,東京都墨田区錦糸４－２－６パークプレイス１０２,03-5637-8565,2024-08-01,,平日・土曜日・日曜日・祝日,,https://tokyo-mikan.com/,35.703075000000040,139.816819400000000
訪問介護,墨田区,13107,すみねこ,合同会社Ｓｕｍｉねこ,営利法人,1370705939,東京都墨田区墨田５－４１－１１,03-6231-9778,2025-07-01,,平日・土曜日・日曜日・祝日,,,35.734164200000000,139.819492600000000
訪問介護,墨田区,13107,すみだケアーズ,合同会社すみだケアーズ,営利法人,1370705954,東京都墨田区両国２－６－１０－１０１号,03-3631-4815,2025-09-01,,平日・土曜日・日曜日・祝日,,,35.692752800000000,139.792039500000000
訪問介護,墨田区,13107,匠楽館ヘルパーステーション粋,株式会社グロープ・トレイル,営利法人,1370705970,東京都墨田区向島３－３４－１２佐原ビル２０２,03-6801-7834,2025-10-01,,平日,,,35.712341900000000,139.809589100000000
訪問介護,墨田区,13107,訪問介護事業所エイフクライフ錦糸町,ＰｉｓｔｅＳ’ａｌｌｉｅｒ株式会社,営利法人,1370705988,東京都墨田区江東橋４－２９－１３第二鈴勘ビル８階８０１号室,03-6666-9341,2025-11-01,,平日,,https://piste-sallier.com/,35.696049900000000,139.816950100000000
訪問介護,墨田区,13107,介護事業所いっぽてらす,株式会社ＣａｔｃｈｙｏｕｒＡｃｔＢａｓｅ,営利法人,1370706069,東京都墨田区錦糸１－１－５シャインパーク錦糸町５０１号室,07092009755,2026-09-01,,,,,,
訪問介護,江東区,13108,有限会社　サン介護センター,有限会社サン介護センター,営利法人,1370800045,東京都江東区東砂１－６－５,03-5617-3955,1999-11-01,,平日・土曜日・日曜日・祝日,200,http://www.sankaigo.co.jp,35.681753000000000,139.840796400000040
訪問介護,江東区,13108,アンシンケアサービス　東陽,株式会社アンシンケアサービス,営利法人,1370800367,東京都江東区東陽五丁目２６番１５号,03-5635-9855,1999-12-01,,平日・土曜日・日曜日・祝日,,http://www.anshin.care,35.670867600000000,139.814265699999960
訪問介護,江東区,13108,フォービスライフ江東,フォービスライフ株式会社,営利法人,1370800409,東京都江東区海辺２３－１５,03-6666-6840,1999-12-01,,平日・土曜日・日曜日・祝日,10,http://cs-forvice.com,35.681558362415345,139.820374582529870
訪問介護,江東区,13108,ニチイケアセンター門前仲町,株式会社ニチイ学館,営利法人,1370800532,東京都江東区牡丹３－１５－１　Ｍ・Ｉビル２階,03-5639-9691,2000-02-01,,平日・土曜日・日曜日・祝日,,https://www.nichiigakkan.co.jp,35.669120600000000,139.800442300000000
訪問介護,江東区,13108,ニチイケアセンター大島,株式会社ニチイ学館,営利法人,1370800805,東京都江東区大島５－１０－１０　セントラルプラザ大島４０４,03-5628-5694,2000-05-01,,平日・土曜日・日曜日・祝日,,http://www.nichiigakkan.co.jp,35.689268704275900,139.834169908598370
訪問介護,江東区,13108,株式会社　エスパーズ　プランニング,株式会社エスパーズ・プランニング,営利法人,1370800888,東京都江東区牡丹３－３－６村井ビル１階,03-3641-5500,2000-08-01,,平日・土曜日・日曜日・祝日,,,35.668459600000000,139.798395400000000
訪問介護,江東区,13108,ベストケアセンター江東,株式会社ベストケア,営利法人,1370801068,東京都江東区南砂３－１３－１０,03-5665-2700,2001-06-01,,平日・土曜日・日曜日・祝日,220,https://www.best-care.co.jp,35.671084700000000,139.833847000000000
訪問介護,江東区,13108,生活協同組合パルシステム東京ホームヘルプサービス「辰巳陽だまり」,生活協同組合パルシステム東京,生協,1370801480,東京都江東区辰巳１－１－３４辰巳ビル３階,03-3522-6653,2002-08-01,,平日・土曜日・祝日,10,http://www.palsystem-tokyo.coop,35.647669500000006,139.809015600000070
訪問介護,江東区,13108,あっとほ～む,有限会社ヒロ薬品,営利法人,1370801720,東京都江東区千田２２－４丸千ビル２０１号,03-5690-8766,2003-03-01,,平日・土曜日,,http://www.hiroyaku.co.jp,35.680384438622475,139.816167862565660
訪問介護,江東区,13108,ケア２１　江東,株式会社ケア２１,営利法人,1370801795,東京都江東区東陽１－１５－５サンテラス木場１階,03-5617-1330,2003-05-01,,平日・土曜日・日曜日・祝日,160,http://www.care21.co.jp,35.668064200000000,139.810458300000000
訪問介護,江東区,13108,テルウェル東日本　江東介護センタ,テルウェル東日本株式会社,営利法人,1370801902,東京都江東区亀戸１－３０－１０　メゾン・ド・アマキビル１階,03-5627-5148,2003-08-01,,平日・土曜日・日曜日・祝日,,http://www.telwel-kaigo.com/,35.694523300000000,139.825247799999940
訪問介護,江東区,13108,アイプラン,有限会社アイプラン,営利法人,1370802454,東京都江東区石島４－４　岩間ビル２０２号室,03-3644-4072,2005-04-01,,平日・土曜日・日曜日・祝日,,,35.680305400000000,139.811257599999980
訪問介護,江東区,13108,ベネッセ介護センター江東,株式会社ベネッセスタイルケア,営利法人,1370802793,東京都江東区亀戸６－５７－２０亀戸東口駅前ビル４Ｆ,03-5836-8050,2005-06-01,,平日・土曜日・日曜日・祝日,,http://www.benesse-style-care.co.jp,35.697003504470220,139.828734607765230
訪問介護,江東区,13108,わかば・介護ステーション,株式会社ＴＣＳわかば,営利法人,1370802843,東京都江東区大島４－１－２－１０９号,03-5628-1165,2005-09-01,,平日・土曜日,112,http://www.tc-wakaba.com,35.687993600000006,139.828600300000060
訪問介護,江東区,13108,ケア・サポート　そよかぜ,有限会社ケア･サポートそよかぜ,営利法人,1370803171,東京都江東区大島８－２２－１７,03-5627-8477,2006-06-01,,平日・土曜日・日曜日・祝日,,http://www.soyokaze-care.co.jp/,35.689710400000010,139.840515900000000
訪問介護,江東区,13108,はなケアセンター,株式会社はな,営利法人,1370803361,東京都江東区大島５－４７－１３ライオンズマンション大島第二１０４,03-5836-6275,2007-04-01,,平日・土曜日・日曜日・祝日,10,http://hanagroup.jp,35.689452000000000,139.837677200000030
訪問介護,江東区,13108,ラック亀戸,株式会社ラックコーポレーション,営利法人,1370803643,東京都江東区亀戸１－８－５小林ビルディング１階,03-3681-5031,2008-04-01,,平日・土曜日・日曜日・祝日,110,http://www.lac-corp.jp/,35.696081300000000,139.822053600000000
訪問介護,江東区,13108,ケア２１　大島,株式会社ケア２１,営利法人,1370803742,東京都江東区大島６－９－７メイゾンキムラ１０２号室,03-5836-6741,2008-09-01,,平日・土曜日・日曜日・祝日,,http://www.care21.co.jp,35.690624000000000,139.835124700000050
訪問介護,江東区,13108,みのり,株式会社みのり,営利法人,1370803916,東京都江東区亀戸２－６－１－１１２,03-5875-2322,2009-07-01,,平日・土曜日・祝日,,http://www.minori-kaigo.jp/,35.699419800000000,139.822264700000000
訪問介護,江東区,13108,メディカルケアサービス,株式会社メディカル・フロント,営利法人,1370803924,東京都江東区牡丹３－１２－２ぼたん杉野ビル２０１,03-6458-5036,2009-07-01,,平日,117,https://medical-care-5.jimdosite.com/,35.669398400000000,139.797837100000040
訪問介護,江東区,13108,ニチイケアセンター江東,株式会社ニチイ学館,営利法人,1370804039,東京都江東区森下５－１３－２サンモールアサミ１０１,03-3634-9600,2010-01-01,,平日・土曜日・日曜日・祝日,40,http://www.nichiigakkan.co.jp,35.686089500000000,139.809291100000000
訪問介護,江東区,13108,やわら介護　江東,株式会社エスポワール,営利法人,1370804310,東京都江東区扇橋２－３－７－１０１,03-5653-6431,2011-02-01,,平日・土曜日・日曜日・祝日,200,https://espoir-kaigo.jp/,35.682727299999980,139.815325799999980
訪問介護,江東区,13108,城東訪問介護,株式会社黒澤,営利法人,1370804500,東京都江東区大島７－１５－５－３０４,03-5628-3377,2011-10-01,,平日・土曜日・日曜日・祝日,,http://joto-hhs.com/,35.693152149117346,139.838921968986280
訪問介護,江東区,13108,こころ介護サービス,こころ株式会社,営利法人,1370804518,東京都江東区潮見１－２７－２金山ビル２０１,03-5857-6100,2011-10-01,,平日・土曜日・日曜日・祝日,,https://www.cocorokaigo.jp/,35.657435900000000,139.815118699999970
訪問介護,江東区,13108,グッドライフケア訪問介護　江東,株式会社グッドライフケア,営利法人,1370804690,東京都江東区豊洲４－２－２豊南堂ビル４階,03-6204-9633,2012-07-01,,,,https://goodlifecare.co.jp/,35.655075915233680,139.797716230063660
訪問介護,江東区,13108,ピュアサービス,株式会社エーダン,営利法人,1370804831,東京都江東区木場５－３－４コータス木場４０１,03-5809-9014,2013-01-01,,平日・土曜日・日曜日・祝日,4,,35.669217448908654,139.807269687102500
訪問介護,江東区,13108,ケアリッツ木場,株式会社ケアリッツ・アンド・パートナーズ,営利法人,1370804914,東京都江東区東陽３－８－５日向野ビル１階,03-6666-3140,2013-05-01,,平日・土曜日・日曜日・祝日,,https://www.careritz.co.jp/station/branch/kiba/,35.670362793520660,139.809303313144680
訪問介護,江東区,13108,いちご訪問介護ステーション,株式会社ジョイトラスト,営利法人,1370804989,東京都江東区毛利１－８－１ツインタワーすみとし毛利館１０３号,03-3634-0702,2013-07-01,,平日・土曜日・日曜日・祝日,,http://www.joytrust.jp/ichigo/,35.690768000000000,139.812926800000000
訪問介護,江東区,13108,さくら・介護ステーションアイクル,株式会社さくらモンデックス,営利法人,1370805176,東京都江東区富岡１－１４－１５和楽ビル１０１,03-5809-8778,2014-04-01,,平日・土曜日・日曜日・祝日,80,http://www.sakurakaigo.co.jp/service/detail/id/161/ken/area/3/page/2/,35.672666000000000,139.796823900000000
訪問介護,江東区,13108,さくら・介護ステーション大島,咲の樹ケア株式会社,営利法人,1370805390,東京都江東区東砂２－１０－７,03-6659-8991,2015-01-01,,平日・土曜日・日曜日・祝日,,https://eminoki-recruit.com/,35.682523920643080,139.841874588727820
訪問介護,江東区,13108,Ｒａｋｕｅ江東,株式会社ネクセル,営利法人,1370805440,東京都江東区北砂５－１４－５コーポ佐々木１０２,03-6356-0467,2015-04-01,,平日・土曜日・祝日,,http://www.nexwell.jp/,35.680610899999990,139.834196600000000
訪問介護,江東区,13108,カレッジケア,ホープウェル株式会社,営利法人,1370805481,東京都江東区北砂５－２０－１３－１０１,03-5875-2188,2015-04-01,,平日・土曜日・日曜日・祝日,130,http://www.couragecare.jp,35.683787000000010,139.832062100000030
訪問介護,江東区,13108,ケアパートナー銀木犀　東砂,株式会社シルバーウッド,営利法人,1370805655,東京都江東区東砂４－１８－１,03-6666-0933,2016-04-01,,平日・土曜日・日曜日・祝日,30,http://www.ginmokusei.net,35.678064600000000,139.840304800000000
訪問介護,江東区,13108,ラック大島,株式会社ラックコーポレーション,営利法人,1370805721,東京都江東区大島８－３０－８ドルミ大島１Ｆ,03-5875-5327,2016-06-01,,平日・土曜日・日曜日・祝日,,http://lac-corp.jp/,35.688830935791830,139.842362562565630
訪問介護,江東区,13108,東京海上日動みずたま介護ＳＴ江東住吉,東京海上日動ベターライフサービス株式会社,営利法人,1370805788,東京都江東区猿江１－１２－１住吉パークホームズ１階,03-5625-2109,2016-07-01,,平日・土曜日・日曜日・祝日,165,http://www.mizutama-kaigo.jp/stations/kotosumiyoshi/,35.686176900000000,139.812185199999930
訪問介護,江東区,13108,グッドワン,グッドワン株式会社,営利法人,1370805853,東京都江東区住吉１－１４－１１,03-6284-0411,2017-02-01,,平日・土曜日・日曜日・祝日,,https://goodone-kaigo.com,35.688454400000005,139.813465599999970
訪問介護,江東区,13108,グッドワン東部営業所,グッドワン株式会社,営利法人,1370805911,東京都江東区南砂６－３－２６長江ビル１０２号室,03-6666-1152,2017-05-01,,平日・土曜日・日曜日・祝日,,https://goodone-kaigo.com,35.671933400000000,139.833473799999980
訪問介護,江東区,13108,グッドワン南部営業所,グッドワン株式会社,営利法人,1370805994,東京都江東区辰巳１－２－９－１０３,03-6457-0070,2017-09-01,,平日・土曜日・日曜日・祝日,,https://goodone-kaigo.com,35.650055999999990,139.808297499999980
訪問介護,江東区,13108,トータスケア株式会社,トータスケア株式会社,営利法人,1370806059,東京都江東区亀戸１－３１－９杉村レジデンス２０１,03-6322-3429,2017-12-01,,平日・土曜日・日曜日・祝日,,https://tortoisecare.jp/,35.694526800000034,139.825585300000030
訪問介護,江東区,13108,株式会社　カインドケア,株式会社カインドケア,営利法人,1370806083,東京都江東区大島７－１５－５－６０６号,03-6802-9527,2018-03-01,,平日・土曜日・祝日,10,https://www.kindcare-koto.com/,35.693123800000000,139.838985399999960
訪問介護,江東区,13108,ＳＯＭＰＯケア　江東　訪問介護,ＳＯＭＰＯケア株式会社,営利法人,1370806190,東京都江東区東陽５－３０－１３東京原木会館７Ｆ,03-6666-4911,2018-07-01,,平日・土曜日・日曜日・祝日,,,35.673633151362990,139.815774400000000
訪問介護,江東区,13108,オハナ・ケアサービス大島（訪問介護）,株式会社オハナ・ケア,営利法人,1370806273,東京都江東区大島５－４５－１４ＳＴビル２階,03-5875-2460,2019-01-01,,平日・土曜日・日曜日・祝日,,https://www.ohanacare.co.jp/,35.689327000000000,139.836571800000000
訪問介護,江東区,13108,六華園訪問介護ステーション,社会福祉法人あそか会,社会福祉法人（社協以外）,1370806331,東京都江東区住吉１－１８－１５,03-3632-0471,2019-07-01,,平日・土曜日,,http://www.asokakai.or.jp,35.689809700000000,139.812284900000000
訪問介護,江東区,13108,ケアリッツ亀戸,株式会社ケアリッツ・アンド・パートナーズ,営利法人,1370806414,東京都江東区亀戸５－３７－６ジャスティー亀戸ａ１０１,03-5858-9667,2020-02-01,,平日・土曜日・日曜日・祝日,,https://www.careritz.co.jp/station/branch/kameido/,35.700932316974880,139.831672806440080
訪問介護,江東区,13108,サンライフケア大島ステーション,株式会社サンライフ,営利法人,1370806471,東京都江東区大島７－８－３,03-5875-1411,2020-08-01,,平日・土曜日・日曜日・祝日,,https://sanlife.tokyo/,35.692120474515430,139.837611970534900
訪問介護,江東区,13108,ケアリッツ南砂町,株式会社ケアリッツ・アンド・パートナーズ,営利法人,1370806489,東京都江東区南砂３－６－６砂町マンション１０５,03-6666-6081,2020-09-01,,平日・土曜日・日曜日・祝日,,https://www.careritz.co.jp/station/branch/minamisunamachi/,35.672913815116864,139.827645223602020
訪問介護,江東区,13108,訪問介護江東,ｗｅ　ｃａｒｅ株式会社,営利法人,1370806554,東京都江東区大島３－２７－２０マスダビル１Ｆ,03-5858-9347,2021-04-01,,平日・土曜日・日曜日・祝日,80,https://www.wecare-senior.com/daytest.html,35.691001391471225,139.831773728850780
訪問介護,江東区,13108,ａｓｓｉｓｔ介護ステーション東陽,株式会社ａｓｓｉｓｔ,営利法人,1370806620,東京都江東区東陽４－５－１１川崎ビル３０７,03-6458-6996,2021-10-01,,平日・土曜日・祝日,,,35.670209500000000,139.819086900000000
訪問介護,江東区,13108,愛・訪問介護ステーション江東,株式会社愛総合福祉,営利法人,1370806752,東京都江東区木場２－２１－２加島ビル２０１,03-5621-9817,2022-06-01,,平日・土曜日・日曜日・祝日,,https://i-sogofukushi.com/,35.668952407559200,139.804737141733540
訪問介護,江東区,13108,江東ヘルパーステーション,株式会社仁済,営利法人,1370806802,東京都江東区東陽３－１１－７岩瀬ビル２階,03-6666-0127,2022-07-01,,平日・土曜日・日曜日・祝日,,https://www.jinsai.co.jp,35.670282394754230,139.810891273588200
訪問介護,江東区,13108,すまいるサポート,株式会社ＡＴＹ,営利法人,1370806968,東京都江東区亀戸４－２１－３,03-3637-2800,2023-06-01,,平日,5,,35.702718600000000,139.825918100000000
訪問介護,江東区,13108,オハナ・ケアサービス門前仲町（訪問介護）,株式会社オハナ・ケア,営利法人,1370806984,東京都江東区古石場１－１２－１２堤ビル１０１号室,03-6381-8437,2023-08-01,,平日・土曜日・日曜日・祝日,,https://www.ohanacare.co.jp/,35.668482199999990,139.795785000000000
訪問介護,江東区,13108,セントケア東雲,セントケア東京株式会社,営利法人,1370806992,東京都江東区東雲１－９－２０東雲キャナルコートＣＯＤＡＮ第２０号棟２０１号室,03-5144-1070,2023-10-01,,平日・祝日,,,35.648186299999990,139.803808899999980
訪問介護,江東区,13108,なつみ訪問介護事業所,合同会社ＰｌａｎＢ,営利法人,1370807248,東京都江東区千石２－８－１３アーバンステラ四ツ目３０１号室,05088881290,2025-06-01,,平日・土曜日・日曜日・祝日,2,,35.679466700000000,139.815818600000000
訪問介護,江東区,13108,コミュケア訪問介護ステーション,株式会社コミュニケーションサービス,営利法人,1370807263,東京都江東区北砂３－１４－２３髙橋ビル１０２,03-6659-8556,2025-07-01,,平日・土曜日・日曜日・祝日,100,,35.681672300000000,139.828306300000000
訪問介護,江東区,13108,ハッピーケアセンター,株式会社ハッピーケア,営利法人,1370807271,東京都江東区大島１－２９－６－２０１,03-5858-8265,2025-09-01,,平日,,https://www.happycare777.com,35.689159000000000,139.824691500000000
訪問介護,江東区,13108,ほっとスマイルＰｌｕｓ,アリエ祐起元株式会社,営利法人,1370807305,東京都江東区千石１－１２－５　２階,05058107068,2025-11-01,,平日・祝日,,,35.678945700000000,139.812108600000000
訪問介護,江東区,13108,ウィルの重度訪問介護　東京,ＷｙＬ株式会社,営利法人,1370807370,東京都江東区猿江１－１８－９前田ビル２０４,05017258629,2026-04-01,,,,,,
訪問介護,江東区,13108,訪問介護サービス　くるくる,株式会社美らぬち,営利法人,1370807412,東京都江東区有明１－４－２０－２７１４号,070-2347-4903,2026-07-01,,,,,,
訪問介護,江東区,13108,ななほしケア,株式会社ｅｃｒｕ,営利法人,1370807420,東京都江東区森下４－２－１,03-6659-9367,2026-08-01,,,,,,
訪問介護,品川区,13109,株式会社ハート・トータルサービス,株式会社ハート・トータルサービス,営利法人,1370900035,東京都品川区東五反田４－８－７,03-3443-6666,1999-11-01,,平日・土曜日・日曜日・祝日,5,http://care-net.biz/13/heart-total/,35.629855944498290,139.726797103041040
訪問介護,品川区,13109,株式会社　仁済　ヘルパーステーション品川,株式会社仁済,営利法人,1370900258,東京都品川区大井１－４９－１２－３階,03-3773-0875,1999-10-01,,平日・土曜日・日曜日・祝日,,http://www.jinsai.co.jp,35.605909648978880,139.733032879515100
訪問介護,品川区,13109,恵愛ヘルパーステーション,株式会社ケアサークル恵愛,営利法人,1370900282,東京都品川区大井６－１０－１後町ビル１Ｆ,03-3771-6767,1999-10-01,,平日・土曜日・祝日,,http://keiai-nknk.jp/,35.597553896433120,139.730392098224940
訪問介護,品川区,13109,株式会社ライフケアーサービスセンター,株式会社ライフケアーサービスセンター,営利法人,1370900373,東京都品川区北品川３－３－３東和ビル３階,03-3471-3883,2000-01-04,,平日・土曜日・日曜日・祝日,,http://www.lcss.co.jp,35.621760900000000,139.738754500000030
訪問介護,品川区,13109,ケアメイト品川訪問介護事業所,株式会社ケアメイト,営利法人,1370900381,東京都品川区西大井２－４－１４,03-6303-7240,1999-11-01,,平日・土曜日・日曜日・祝日,5,http://caremate.jp,35.599664672261110,139.722770150605130
訪問介護,品川区,13109,株式会社　大崎ホームヘルプサービス,株式会社大崎ホームヘルプサービス,営利法人,1370900464,東京都品川区南品川４－１１－１－５０３号室,03-3471-2475,2000-01-04,,平日・土曜日・日曜日・祝日,,http://www.ohsaki-hhs.co.jp/,35.613111900000000,139.737088299999980
訪問介護,品川区,13109,ブライトヘルパーステーション品川,株式会社ブライトケア,営利法人,1370900522,東京都品川区旗の台１－６－１８　１階,03-3783-4439,2000-02-01,,平日・土曜日・日曜日・祝日,,http://www.yutaka-care.jp/,35.609105060029000,139.703638046006380
訪問介護,品川区,13109,ニチイケアセンター大井町,株式会社ニチイ学館,営利法人,1370900555,東京都品川区大井１－２４－２ミヤタビル６階,03-5769-0641,2004-11-01,,平日,10,http://www.nichiigakkan.co.jp,35.607223800000000,139.738030200000020
訪問介護,品川区,13109,ニチイケアセンター大崎,株式会社ニチイ学館,営利法人,1370900746,東京都品川区西五反田５－６－４３　フォレストコート１Ｆ,03-5745-0416,2000-03-01,,平日・土曜日・祝日,,http://www.nichiigakkan.co.jp,35.625051100000000,139.715810700000020
訪問介護,品川区,13109,さくら会ヘルパーステーション,社会福祉法人さくら会,社会福祉法人（社協以外）,1370900902,東京都品川区南大井５－１９－１,03-5753-3917,2000-04-01,,平日・土曜日・日曜日・祝日,,http://www.shinagawa-sakurakai.or.jp,35.594647400000000,139.733981099999940
訪問介護,品川区,13109,ホームケア品川,ＡＬＳＯＫらいふケア株式会社,営利法人,1370901017,東京都品川区東品川２－２－２４天王洲セントラルタワー１８階,03-5769-7266,2000-04-01,,平日・土曜日・日曜日・祝日,,http://www.life-silver.com/,35.622688900000000,139.748778600000040
訪問介護,品川区,13109,品川区ヘルパーステーション大原,株式会社仁済,営利法人,1370901363,東京都品川区豊町６－２５－１３－１階,03-5749-2532,2001-08-01,,平日・土曜日・日曜日・祝日,,http://www.jinsai1939.jp,35.603806799999994,139.713612600000030
訪問介護,品川区,13109,生活協同組合パルシステム東京ホームヘルプサービス「八潮陽だまり」,生活協同組合パルシステム東京,生協,1370901397,東京都品川区八潮５－２－２八潮ビル２Ｆ,03-3799-0131,2001-10-01,,平日・土曜日・日曜日・祝日,,http://www.palsystem-tokyo.coop,35.604457900000020,139.753507099999980
訪問介護,品川区,13109,ヒューマンヘルパー城南,有限会社ウエストスリー,営利法人,1370901561,東京都品川区西五反田５－２９－１,03-5740-6557,2002-05-01,,平日・土曜日・日曜日・祝日,,https://r.goope.jp/humanhelper-jn,35.622987799999990,139.712753799999940
訪問介護,品川区,13109,品川区ヘルパーステーション東品川,社会福祉法人福栄会,社会福祉法人（社協以外）,1370901595,東京都品川区東品川３－１－５,03-5479-3035,2002-06-01,,平日・土曜日・祝日,,,35.617147900000000,139.747362399999930
訪問介護,品川区,13109,西五反田ホームヘルパーステーション,社会福祉法人さくら会,社会福祉法人（社協以外）,1370901991,東京都品川区西五反田３－６－６,03-5434-5603,2004-04-01,,平日・土曜日・祝日,,http://www.sakurakai.jp,35.628117900000000,139.716964299999970
訪問介護,品川区,13109,ケア２１品川,株式会社ケア２１,営利法人,1370902015,東京都品川区南大井５－１７－７中村ビル１階,03-5753-6090,2004-04-01,,平日・土曜日・日曜日・祝日,,http://www.care21.co.jp,35.595152900000000,139.733206099999960
訪問介護,品川区,13109,ヘルパーステーション・湯～亀,有限会社新井湯,営利法人,1370902163,東京都品川区旗の台４－５－１７,03-5788-6168,2004-10-01,,平日・土曜日・日曜日・祝日,,http://www.yuki.fun,35.602562300000000,139.705777200000060
訪問介護,品川区,13109,品川区ヘルパーステーション　成幸,キララ介護サービス株式会社,営利法人,1370902478,東京都品川区中延２－６－２中延コーポ第１－１階,03-6426-2358,2005-05-01,,平日・土曜日・日曜日・祝日,,,35.611813600000005,139.711721499999980
訪問介護,品川区,13109,テルウェル東日本　南品川介護センタ,テルウェル東日本株式会社,営利法人,1370902494,東京都品川区大井３－４－１加瀬ビル１４８　３階,03-6429-2607,2005-06-01,,平日・土曜日・日曜日・祝日,,http://www.telwel-kaigo.com/,35.603618500000024,139.731638999999970
訪問介護,品川区,13109,陽向介護ステーション,ケアサポーティブ株式会社,営利法人,1370902734,東京都品川区戸越６－６－８ＭＫビル２０１号,03-6426-2641,2007-03-01,,平日・土曜日・日曜日・祝日,,,35.608358419203490,139.717545455293530
訪問介護,品川区,13109,品川区ヘルパーステーション　中延,株式会社ケアサークル恵愛,営利法人,1370902825,東京都品川区中延６－８－８,03-5702-9037,2007-08-01,,平日・土曜日・祝日,2,https://keiai-nknk.jp/,35.601812500000000,139.711190699999970
訪問介護,品川区,13109,ヘルパーステーション　シャローム,株式会社バディ,営利法人,1370903070,東京都品川区中延４－１２－７,03-3783-8561,2008-12-01,,平日・土曜日・日曜日・祝日,30,,35.605362321567240,139.711192151756800
訪問介護,品川区,13109,ニチイケアセンター西小山,株式会社ニチイ学館,営利法人,1370903195,東京都品川区荏原６－２－８荏原いきいき倶楽部,03-5749-4385,2009-04-01,,平日,,,35.612976666588810,139.702884150926140
訪問介護,品川区,13109,品川区ヘルパーステーション杜松,株式会社ニチイ学館,営利法人,1370903203,東京都品川区豊町４－２４－１５杜松ホーム１Ｆ,03-5750-7708,2009-04-01,,平日,,http://www.nichiigakkan.co.jp,35.606134599999990,139.722764500000040
訪問介護,品川区,13109,アサヒサービス,朝日眞空機械株式会社,営利法人,1370903492,東京都品川区西大井６－１４－４－２階,03-3775-0220,2010-08-01,,平日・土曜日・祝日,,,35.600768400000000,139.717231900000000
訪問介護,品川区,13109,介護ゆうしん,有限会社結伸工業,営利法人,1370903559,東京都品川区小山５－４－６,03-3787-0534,2011-01-01,,平日・土曜日・日曜日,,,35.617801900000000,139.700824400000000
訪問介護,品川区,13109,ヘルパーステーション　のぞみ,三和ケア株式会社,営利法人,1370903666,東京都品川区東大井５－２５－２０つるやビル５０２,03-6711-5080,2011-09-01,,平日・土曜日・祝日,60,,35.606151700000005,139.737460800000000
訪問介護,品川区,13109,品川区ヘルパーステーション　荏原,キララ介護サービス株式会社,営利法人,1370903757,東京都品川区荏原２－９－６,03-5751-7231,2012-04-01,,平日・土曜日・日曜日・祝日,,,35.617971600000004,139.707762700000000
訪問介護,品川区,13109,品川区ヘルパーステーション　戸越台,キララ介護サービス株式会社,営利法人,1370904003,東京都品川区戸越１－１５－２３,03-5498-7288,2013-08-01,,平日・土曜日・日曜日・祝日,,,35.627245800000000,139.719864100000000
訪問介護,品川区,13109,ケアリッツ品川,株式会社ケアリッツ・アンド・パートナーズ,営利法人,1370904185,東京都品川区大崎４－２－２トーカンマンション五反田２階,03-6417-0223,2014-06-01,,平日・土曜日・日曜日・祝日,,https://www.careritz.co.jp/station/branch/shinagawa/,35.622442457177570,139.723183787102500
訪問介護,品川区,13109,ヘルパーステーションｃａｒｎａ五反田,医療法人社団東光会,医療法人,1370904326,東京都品川区西五反田３－１０－９ｃａｒｎａ五反田６階,03-5496-8775,2015-02-01,,平日・土曜日・日曜日・祝日,,http://www.tmg.or.jp/carna_gotanda/,35.626657053696850,139.715855222090140
訪問介護,品川区,13109,トーコーヘルパーステーション,株式会社東興,営利法人,1370904334,東京都品川区大井５－１４－８清田荘１０２,03-3775-0513,2015-02-01,,平日・土曜日・日曜日・祝日,,,35.598724768088350,139.726303517938280
訪問介護,品川区,13109,ケアステーション　リリフル,株式会社リリフル,営利法人,1370904409,東京都品川区北品川５－１２－１－５０３号,03-5475-7733,2015-05-01,,,,,,
訪問介護,品川区,13109,さくら・介護ステーション山の手,株式会社さくらモンデックス,営利法人,1370904490,東京都品川区南品川３－５－３４タカキヨＳＳコーポ１０６号,03-6433-3234,2015-07-01,,平日・土曜日・日曜日・祝日,200,https://peraichi.com/landing_pages/view/yamanote-mondex/,35.609622551610045,139.743233631282800
訪問介護,品川区,13109,愛・訪問介護ステーション五反田,株式会社愛総合福祉,営利法人,1370904565,東京都品川区東五反田３－２０－１６センチュリーメモリアル島津山６０２,03-6450-3839,2016-01-01,,平日・土曜日,,https://i-sogofukushi.com/,35.625430700000000,139.730036900000000
訪問介護,品川区,13109,ヘルパーステーション上大崎,社会福祉法人愛生福祉会,社会福祉法人（社協以外）,1370904581,東京都品川区上大崎３－１０－７,03-3440-4165,2016-03-01,,平日・土曜日・日曜日・祝日,31,http://www.aiseifukusikai.jp,35.633294258255795,139.718381812855540
訪問介護,品川区,13109,コウノトリしながわ　訪問介護ステーション,特定非営利活動法人コウノトリしながわ,非営利法人（NPO）,1370904680,東京都品川区南品川２－２－３－２０５号石塚金属ビル,03-6874-0646,2017-02-01,,平日・土曜日,80,http://www.kohnotori-shinagawa.com,35.611762200000015,139.742140800000010
訪問介護,品川区,13109,ケアメイト荏原訪問介護事業所,株式会社ケアメイト,営利法人,1370904813,東京都品川区小山台１－５－１０,03-6426-1761,2017-09-01,,平日・土曜日・日曜日・祝日,5,http://www.caremate.jp,35.623745620543670,139.704906373004520
訪問介護,品川区,13109,ワイズブリッジ・ウェルフェア,ワイズブリッジ合同会社,営利法人,1370904839,東京都品川区小山４－９－１２ＴＨハイム１０１,03-6426-9256,2017-10-01,,平日・土曜日・日曜日・祝日,,https://wisebridge.net,35.618599100000004,139.702513100000030
訪問介護,品川区,13109,品川区ヘルパーステーション台場,ＳＯＭＰＯケア株式会社,営利法人,1370904912,東京都品川区北品川３－１１－１６品川第一地域センタービル１階,03-5783-0911,2018-07-01,,平日・土曜日・日曜日・祝日,,,35.616681000000010,139.740079599999940
訪問介護,品川区,13109,ミライブ　花笑みケア　品川,株式会社ミライブ,営利法人,1370904953,東京都品川区大井７－３－１５　Ｂ棟,03-6417-1351,2018-09-01,,平日・土曜日・日曜日・祝日,80,,35.596558100000000,139.727039699999980
訪問介護,品川区,13109,ケアリッツ旗の台,株式会社ケアリッツ・アンド・パートナーズ,営利法人,1370905000,東京都品川区西中延３－９－１５岩越ビル１階,03-6426-8716,2019-01-01,,平日・土曜日・日曜日・祝日,,https://www.careritz.co.jp/station/branch/hatanodai/,35.607289825402376,139.706594066864800
訪問介護,品川区,13109,訪問介護本舗　優,合同会社コーディアルスタイル,営利法人,1370905133,東京都品川区小山３－２２－６メゾンいずみⅡ　２２１号室,03-6426-2836,2020-08-01,,平日・土曜日・日曜日・祝日,140,https://dayservicehonpo.jp/houmonyou/,35.618873539216660,139.706359130688470
訪問介護,品川区,13109,メディヘルスエイド合同会社,メディヘルスエイド合同会社,営利法人,1370905174,東京都品川区北品川２－１９－１５,05068825005,2021-08-01,,,,,35.618039200000000,139.741887400000000
訪問介護,品川区,13109,そらヘルパーステーション,合同会社そらヘルパーステーション,営利法人,1370905216,東京都品川区平塚１－６－４長谷川ハイツ１０３号,03-6426-7312,2021-11-01,,平日,60,,35.615842800000000,139.715998000000000
訪問介護,品川区,13109,品川区ヘルパーステーション八潮,株式会社大崎ホームヘルプサービス,営利法人,1370905232,東京都品川区八潮５－１０－２７,03-6412-9981,2021-12-01,,平日,,https://ohsaki-hhs.co.jp/,35.599913567797110,139.751208101188670
訪問介護,品川区,13109,ケアリッツ大井町,株式会社ケアリッツ・アンド・パートナーズ,営利法人,1370905257,東京都品川区東大井４－７－２２ヴィラ木の芽坂２０２,03-6718-4835,2022-02-01,,平日・土曜日・日曜日・祝日,,https://www.careritz.co.jp/station/branch/oimachi/,35.603842000000000,139.740568000000000
訪問介護,品川区,13109,愛恩訪問介護ステーション品川,愛恩株式会社,営利法人,1370905331,東京都品川区東品川２－２－２５サンウッド品川天王洲タワー１３０６,03-6433-2781,2023-04-01,,平日・土曜日・日曜日・祝日,10,https://aion-care.jp,35.621735300000000,139.749280900000000
訪問介護,品川区,13109,訪問介護事業所　うみ,株式会社オリエンタルコア,営利法人,1370905406,東京都品川区西五反田８－２－２喜助西五反田ビル３階,03-6455-7766,2024-05-01,,,,https://www.orientalcore.com/,35.623030399999980,139.720878200000000
訪問介護,品川区,13109,クローバルー・ケア品川,株式会社スターライフトップ,営利法人,1370905422,東京都品川区南大井３－３０－９なあ・ま成岩５０１号室,03-6459-6807,2024-07-01,,平日,,https://cloveru.net/,35.587730387767024,139.734325342327880
訪問介護,品川区,13109,ヴィータケア,合同会社フリーフリーダム,営利法人,1370905430,東京都品川区戸越６－６－１２ケントコート１０１,03-6426-1047,2024-09-01,,平日・土曜日・日曜日・祝日,,https://www.fvitacare.com/,35.608373800000000,139.717237000000000
訪問介護,品川区,13109,ミライエ訪問介護,みらいえ株式会社,営利法人,1370905513,東京都品川区西大井１－１０－１６　４０１,042-705-1950,2025-10-01,,,,,,
訪問介護,品川区,13109,訪問介護ステーション若里,社会福祉法人若里,社会福祉法人（社協以外）,1370905521,東京都品川区小山４－４－４ワールドパレス武蔵小山プレイシズ１Ｆ,03-6426-6903,2025-10-01,,平日,,,35.618762400000010,139.703941500000000
訪問介護,品川区,13109,りいちあうと慈慈,合同会社スマイル商会,営利法人,1370905539,東京都品川区西五反田２－１５－１０－４０１,09038655058,2025-11-01,,平日,,,35.625936499999995,139.720878200000000
訪問介護,目黒区,13110,ケアメイト目黒訪問介護事業所,株式会社ケアメイト,営利法人,1370500470,東京都目黒区鷹番２－１９－３エミタ鷹番ビル１０１号室,03-5725-8215,2000-02-01,,平日・土曜日・日曜日・祝日,,http://www.caremate.jp/office/目黒営業所/,35.627105038251720,139.686900639950520
訪問介護,目黒区,13110,ヘルパーステーション　目黒医療生協,目黒医療生活協同組合,生協,1371000215,東京都目黒区目黒本町６－６－８,03-5768-1344,1999-10-01,,平日・土曜日,,http://www.yuiyuidori.net/meguro-coop/,35.618435100000000,139.696938600000070
訪問介護,目黒区,13110,ニチイケアセンター自由ヶ丘,株式会社ニチイ学館,営利法人,1371000306,東京都目黒区自由が丘２－１０－１６栗山ビル６階,03-5729-3402,1999-12-01,,平日・土曜日・祝日,,http://www.nichiigakkan.co.jp,35.608571500000000,139.667411000000010
訪問介護,目黒区,13110,ニチイケアセンター中目黒,株式会社ニチイ学館,営利法人,1371000363,東京都目黒区東山１－４－４目黒東山ビル１Ｆ,03-5768-1135,2000-03-01,,平日,,http://www.nichiigakkan.co.jp,35.646937200000000,139.694907400000030
訪問介護,目黒区,13110,訪問介護　ナイスケア,株式会社ナイスケア,営利法人,1371000371,東京都目黒区大岡山１－５－１５大岡山ＮＣビル１Ｆ,03-3717-7143,1999-11-01,,平日・土曜日・日曜日・祝日,,http://www.nice-care.co.jp,35.610685600000000,139.684420600000070
訪問介護,目黒区,13110,やさしい手自由が丘訪問介護事業所,株式会社やさしい手,営利法人,1371000843,東京都目黒区自由が丘２－１１－１０パルシィード４階,05017520679,2000-06-01,,平日・土曜日・日曜日・祝日,300,http://www.yasashiite.com/,35.607379999999990,139.667372200000040
訪問介護,目黒区,13110,ホクトケアサポート,有限会社ホクト物産,営利法人,1371000892,東京都目黒区南１－２３－１４,03-6459-5671,2000-09-01,,平日・土曜日・日曜日・祝日,5,http://www.hokuto-care.com,35.617872608392640,139.676992453558230
訪問介護,目黒区,13110,アースサポート目黒,アースサポート株式会社,営利法人,1371000934,東京都目黒区下目黒２－２１－１６,03-3492-3330,2001-02-01,,平日・土曜日・日曜日・祝日,,https://www.earthsupport.co.jp/,35.631944800000014,139.709320800000000
訪問介護,目黒区,13110,有限会社　生羅,有限会社生羅,営利法人,1371001122,東京都目黒区中央町２－１６－３ミネタウンハウスＢ棟,03-5720-7797,2002-04-01,,平日・土曜日・日曜日・祝日,90,http://e-seira.jp/,35.632905300000000,139.689088900000000
訪問介護,目黒区,13110,えるはあと　ケアセンター,有限会社映光メディカル,営利法人,1371001205,東京都目黒区中央町２－６－１Ｋ２ビル２Ｆ,03-5725-4771,2002-08-01,,平日・土曜日・日曜日・祝日,160,https://el-heart.com/,35.631529383610400,139.693104921951320
訪問介護,目黒区,13110,ホームヘルプサービス　ソラスト大岡山,株式会社ソラスト,営利法人,1371001338,東京都目黒区大岡山１－３－４ドリームマンション１階　１０１号室,03-5726-0915,2003-02-01,,平日・土曜日・日曜日・祝日,,,35.611888300000000,139.684162199999950
訪問介護,目黒区,13110,(有)しんあいケアセンター　中目黒,有限会社しんあいケアセンター,営利法人,1371001452,東京都目黒区上目黒２－４９－１４,03-3711-7088,2003-06-01,,平日・土曜日・日曜日・祝日,50,http://www.shin-i.co.jp,35.641682200000000,139.693963199999980
訪問介護,目黒区,13110,ベアタケア,ベアタケア株式会社,営利法人,1371001510,東京都目黒区平町１－２６－３アーバンハイム１０１号,03-3723-3988,2003-08-01,,平日・土曜日・日曜日・祝日,100,https://www.beata-care.com/,35.618004500000030,139.677359199999950
訪問介護,目黒区,13110,ヘルパーステーションこまば,社会福祉法人愛隣会,社会福祉法人（社協以外）,1371002146,東京都目黒区大橋２－１９－３８,03-3466-2444,2006-04-01,,平日・土曜日・日曜日・祝日,80,http://komabaen.org/,35.655041400000000,139.682522200000000
訪問介護,目黒区,13110,有限会社　はぎ介護センター,有限会社はぎ介護センター,営利法人,1371002179,東京都目黒区目黒２－８－１０アーバン目黒ビル７階,03-5436-6081,2006-06-01,,平日・土曜日・日曜日・祝日,95,https://www.hagikaigo-recruit.com/,35.633505900000000,139.709750900000020
訪問介護,目黒区,13110,ニチイケアセンター八雲,株式会社ニチイ学館,営利法人,1371002732,東京都目黒区八雲１－８－７　エスパス八雲１Ｆ,03-3723-8882,2009-04-01,,平日・土曜日・日曜日・祝日,,http://www.nichiigakkan.co.jp,35.618989900000000,139.672985199999970
訪問介護,目黒区,13110,ケアサービス駒場,有限会社亜々夢,営利法人,1371002823,東京都目黒区駒場３－１１－９－１０１,03-6407-9428,2009-10-01,,平日・土曜日・日曜日・祝日,,,35.659272600000000,139.682205999999980
訪問介護,目黒区,13110,アニスケア　訪問介護事業所,株式会社アニスケア,営利法人,1371003029,東京都目黒区中町２－４８－３３市川興産ビル３０５号,03-3760-1377,2010-10-01,,平日・土曜日・日曜日・祝日,70,http://hp.kaipoke.biz/3tc/info.html,35.635074600000024,139.692305199999960
訪問介護,目黒区,13110,ケアリッツ目黒,株式会社ケアリッツ・アンド・パートナーズ,営利法人,1371003060,東京都目黒区東山１－１５－１５,03-5725-8290,2011-03-01,,平日・土曜日・日曜日・祝日,,https://www.careritz.co.jp/station/branch/meguro/,35.647481164167820,139.692517719794150
訪問介護,目黒区,13110,ケアステーションきらら学芸大学,スターツケアサービス株式会社,営利法人,1371003441,東京都目黒区鷹番３－６－６－１０２,03-5721-7216,2012-12-01,,平日・土曜日・日曜日・祝日,204,https://www.starts-care.jp/,35.628636299999990,139.684725599999980
訪問介護,目黒区,13110,やさしい手学芸大学訪問介護事業所,株式会社やさしい手,営利法人,1371003508,東京都目黒区碑文谷５－２０－１ドゥオールビル２０１号室,05017520680,2013-02-01,,平日・土曜日・日曜日・祝日,,http://www.yasashiite.com/subdomains/section/211/,35.624531100000030,139.682256500000000
訪問介護,目黒区,13110,ハピネスヘルパーステーション,株式会社トラスト・ホープ,営利法人,1371003532,東京都目黒区原町２－８－１４　１Ｆ,03-6451-2170,2013-04-01,,平日・土曜日・日曜日・祝日,120,http://happiness-0401.com/,35.615557500000000,139.691715700000000
訪問介護,目黒区,13110,ベネッセ介護センター学芸大学,株式会社ベネッセスタイルケア,営利法人,1371003664,東京都目黒区中央町２－２０－１１,03-5773-4545,2013-10-01,,平日・土曜日・日曜日・祝日,100,http://www.benesse-style-care.co.jp,35.632352600000000,139.688708400000000
訪問介護,目黒区,13110,ジーザス介護サービス合同会社,ジーザス介護サービス合同会社,営利法人,1371003771,東京都目黒区八雲３－１４－１７八雲マンション３０２,03-3717-1681,2014-04-01,,平日,,http://jesus-kaigo.com,35.616360960921526,139.666200304893400
訪問介護,目黒区,13110,クリエイティブ・ケア,株式会社キヨンクリエイティブ,営利法人,1371004019,東京都目黒区目黒３－２－２１サンホーム１階,03-6452-4595,2015-04-01,,平日・祝日,,,35.635797100000000,139.705417899999930
訪問介護,目黒区,13110,トータル介護　エール目黒,株式会社ＥＬＹ,営利法人,1371004324,東京都目黒区鷹番３－２１－１４第一菊地マンションン１０５,03-6303-4753,2016-11-01,,平日・土曜日・日曜日・祝日,80,https://www.yell-welfare.com/,35.629069400000000,139.682105400000000
訪問介護,目黒区,13110,訪問介護　ぽかぽかあったか　めぐろ,ぽかぽかあったかパートナー合同会社,営利法人,1371004605,東京都目黒区目黒２－１１－１２－７０１号,03-6417-9688,2017-08-01,,平日・土曜日・日曜日・祝日,5,http://www.ppap55.com,35.633891900000000,139.707851099999970
訪問介護,目黒区,13110,サンライフ東京指定訪問介護事業所,株式会社サンライフ,営利法人,1371004654,東京都目黒区目黒１－５－１９目黒第一ビル３０７,03-3495-6211,2017-12-01,,平日・土曜日・日曜日・祝日,,https://www.sunlife1930.org/,35.634683600000000,139.712345100000000
訪問介護,目黒区,13110,アリーヘルパーステーション,アリー合同会社,営利法人,1371004753,東京都目黒区平町１－２０－１７平町アビタシオン２０２号室,03-6721-6087,2018-05-01,,,50,https://www.allyhelper.com/,35.615211838823456,139.673665711050830
訪問介護,目黒区,13110,ＳＯＭＰＯケア　目黒　訪問介護,ＳＯＭＰＯケア株式会社,営利法人,1371004787,東京都目黒区自由が丘１－２０－１９光進自由が丘ビルＢ１階一号室,03-6421-1559,2018-07-01,,平日・土曜日・日曜日・祝日,,https://www.sompocare.com,35.613676653146780,139.668944050467250
訪問介護,目黒区,13110,ユースタイルケア　不動前　訪問介護,ユースタイルラボラトリー株式会社,営利法人,1371004878,東京都目黒区下目黒３－１８－７－２０１,03-5704-5788,2019-04-01,,平日・土曜日・日曜日・祝日,,https://eustylelab.co.jp/,35.627367900000000,139.709157300000010
訪問介護,目黒区,13110,ケア２１　学芸大学,株式会社ケア２１,営利法人,1371004969,東京都目黒区鷹番２－１８－２５美松コーポ１０２号室,03-5720-8137,2019-09-01,,平日・土曜日・日曜日・祝日,,,35.627971700000000,139.686613800000000
訪問介護,目黒区,13110,訪問介護ビーボ学芸大学,株式会社コンブリオ,営利法人,1371004977,東京都目黒区中央町２－３５－１７ＮＯＶＡハイツ学芸大学１０２,03-6303-1134,2019-11-01,,平日・土曜日・日曜日・祝日,,http://vivo.con-brio.co.jp,35.631845899999995,139.686709299999960
訪問介護,目黒区,13110,ケアリッツ都立大学,株式会社ケアリッツ・アンド・パートナーズ,営利法人,1371004985,東京都目黒区中根２－１３－１１コンパウンド中根３０１,03-5726-9831,2019-11-01,,平日・土曜日・日曜日・祝日,,https://www.careritz.co.jp/station/branch/toritsudaigaku/,35.616474400000000,139.675875400000000
訪問介護,目黒区,13110,アドバンスライフ駒沢大学,株式会社ライフクリエーション,営利法人,1371005016,東京都目黒区東が丘２－１４－１２コテージ東が丘１０３,03-6450-7236,2020-01-01,,平日・土曜日・祝日,120,http://life-creation.info,35.628762273069285,139.662983936492880
訪問介護,目黒区,13110,ＰＡステーションすまいる,株式会社すまいるナーシング,営利法人,1371005024,東京都目黒区八雲２－８－２ウェルス都立大１０２,03-5726-5015,2020-03-01,,平日・土曜日,,https://smilage.jp/,35.616275707571560,139.671792083912950
訪問介護,目黒区,13110,ＧＩＶＥＲ訪問介護ステーション,一般社団法人ＧＩＶＥＲ,社団・財団,1371005099,東京都目黒区碑文谷４－２２－１ＴＳ碑文谷２０２,03-6451-0210,2020-09-01,,平日,,,35.619456300000000,139.681865200000000
訪問介護,目黒区,13110,ひまわりヘルパーステーション,合同会社ウィズ,営利法人,1371005115,東京都目黒区中目黒５－４－２,03-6451-0860,2020-11-01,,平日,,,35.636494499999990,139.698656000000000
訪問介護,目黒区,13110,ヘルパーステーションＨＡＨＡ,一般社団法人ＨＡＨＡ,社団・財団,1371005164,東京都目黒区緑が丘２－３－１グレンデール自由が丘１０２号,03-6421-2760,2021-03-01,,平日,5,https://haha.or.jp/,35.610446344973750,139.675742500629070
訪問介護,目黒区,13110,在宅介護センターｎａｇｏｍｉ和ケア,株式会社Ｇｒａｃｅ,営利法人,1371005230,東京都目黒区中目黒１－３－３ＵＲＢＡＮ　ＲＥＳＯＲＴ代官山８Ｄ,03-6412-7041,2021-07-01,,平日・土曜日・日曜日・祝日,,,35.645764600000000,139.701868000000000
訪問介護,目黒区,13110,あうん訪問サービス,株式会社Ａｏｕｎ,営利法人,1371005289,東京都目黒区自由が丘１－１３－１４－７０２号,03-6421-4808,2022-03-01,,,,,,
訪問介護,目黒区,13110,ヘルパーステーション　タグボート,一般社団法人タグボート,社団・財団,1371005305,東京都目黒区東山１－２２－２７－１０１エスペランサ東山,03-6822-0473,2022-04-01,,平日・土曜日・日曜日・祝日,10,https://tugboat1213.com,35.647448899999986,139.696946900000000
訪問介護,目黒区,13110,Ｙ’ｓ　Ｇｅｎｋｉ　ｃｌｕｂ,株式会社ＹＡＳＵＤＡ,営利法人,1371005362,東京都目黒区上目黒４－８－７アトリウム稲荷坂Ｉ号,03-6626-5020,2022-12-01,,平日・祝日,70,https://www.ybctokyo.com/,35.640865704856060,139.693416172223040
訪問介護,目黒区,13110,アドバンスライフ中目黒,株式会社ライフクリエーション,営利法人,1371005396,東京都目黒区上目黒５－８－２サンライズＫＥＮ１０３,03-6303-2492,2023-04-01,,平日・土曜日・祝日,120,http://life-creation.info,35.643218999999990,139.690040600000000
訪問介護,目黒区,13110,ケアリッツ自由が丘,株式会社ケアリッツ・アンド・パートナーズ,営利法人,1371005446,東京都目黒区自由が丘１－２１－７ＧＡＲＤＥＮＶＩＥＷ自由が丘１０２,03-5726-9416,2023-10-01,,平日・土曜日・日曜日・祝日,,https://www.careritz.co.jp/station/branch/jiyugaoka/,35.612419873083574,139.669533420901500
訪問介護,目黒区,13110,エイジオ,株式会社エイジオ,営利法人,1371005511,東京都目黒区下目黒１－２－２２セザール目黒９０４,03-4361-8521,2025-05-01,,平日・土曜日・日曜日・祝日,80,https://azio.jp,35.633934300000000,139.713676000000000
訪問介護,目黒区,13110,いろはケア,株式会社クーラ,営利法人,1371005537,東京都目黒区目黒２－３－９目黒田道マンション１０２,03-6452-3752,2025-09-01,,平日・土曜日・日曜日・祝日,,https://www.iroha-cura.info,35.636363100000000,139.707374200000000
訪問介護,目黒区,13110,Ｈｅａｒｔ　Ｓｔａｔｉｏｎ,合同会社ｏｆｆｉｃｅｃｒａｆｔ,営利法人,1371005552,東京都目黒区東山３－１－１１サンサーラ東山８０３,03-6826-2448,2025-12-01,,平日・土曜日・日曜日・祝日,,https://www.heartstation-2023.com,35.651010265123680,139.685681000663780
訪問介護,目黒区,13110,訪問介護ステーションててて,株式会社ケアリード,営利法人,1371005586,東京都目黒区八雲２－２－６ＹＫハウス１０５号,03-6421-4026,2026-06-01,,,,,,
訪問介護,目黒区,13110,ケアリッツ学芸大学,株式会社ケアリッツ・アンド・パートナーズ,営利法人,1371005594,東京都目黒区鷹番３－４－５鷹番３丁目事務所２階,03-6303-2285,2026-07-01,,,,,,
訪問介護,目黒区,13110,ＡＬＳＯＫヘルパーステーション目黒,ＡＬＳＯＫ介護株式会社,営利法人,1371101450,東京都目黒区平町１－２１－２１－３０２,03-5731-2171,2000-04-01,,平日・土曜日・日曜日・祝日,,,35.618909500000000,139.677915300000000
訪問介護,目黒区,13110,ヒューマン・ケア,株式会社ヒューマン・ケア,営利法人,1371209758,東京都目黒区緑が丘２－１５－１４－２０２,03-3724-0773,2011-08-01,,平日,100,,35.608430000000000,139.673279999999980
訪問介護,大田区,13111,たけのこ介護サービス　大田,株式会社ライコム・コーポレーション,営利法人,1370304873,東京都大田区大森中２－２３－３,03-6447-7542,2017-09-01,,平日・土曜日・日曜日・祝日,2,,35.640569800000000,139.737878700000000
訪問介護,大田区,13111,株式会社　仁済　ヘルパーステーション大田,株式会社仁済,営利法人,1371100205,東京都大田区鵜の木２－２３－２,03-6715-0398,1999-10-01,,平日・土曜日・日曜日・祝日,,https://jinsai.co.jp/,35.574563218965416,139.679213066903540
訪問介護,大田区,13111,ホームケア井上,株式会社ホームケア井上,営利法人,1371100460,東京都大田区鵜の木１－１６－２４ＨＩビル,03-3750-2077,1999-11-01,,平日・土曜日・日曜日・祝日,240,http://www.h-c-i.co.jp,35.575578479161020,139.681580820237740
訪問介護,大田区,13111,芙蓉ケアサービス,有限会社芙蓉ケアサービス,営利法人,1371100536,東京都大田区大森北２－１２－８,03-3766-7116,1999-11-01,,平日・土曜日・日曜日・祝日,,,35.584601400000000,139.734801100000030
訪問介護,大田区,13111,蒲田訪問介護ステーション,有限会社アットホーム蒲田,営利法人,1371100650,東京都大田区羽田１－１６－１１仙和ビル１０２,03-3737-1758,1999-12-01,,平日・土曜日・日曜日・祝日,5,https://www.athomekamata.tokyo,35.549197614777874,139.741261474670320
訪問介護,大田区,13111,株式会社　エーナ　介護センター,株式会社エーナ,営利法人,1371100700,東京都大田区東矢口２－１８－１７,03-3757-3389,1999-12-01,,平日,60,http://eenakaigo.c.ooco.jp/index.html,35.563465228990410,139.702162097553240
訪問介護,大田区,13111,株式会社シーン　ケア・シーン蒲田,株式会社シーン,営利法人,1371100767,東京都大田区南蒲田３－１－５,03-3744-1511,2000-01-04,,平日・土曜日・日曜日・祝日,,http://www.care-scene.com,35.555499500000000,139.726886700000020
訪問介護,大田区,13111,好日苑ヘルパーステーション,社会福祉法人響会,社会福祉法人（社協以外）,1371101120,東京都大田区上池台５－７－１,03-3748-6055,2000-02-01,,平日・土曜日・日曜日・祝日,50,http://www.hibikikai-tokyo.or.jp,35.594535500000000,139.702244899999980
訪問介護,大田区,13111,ニチイケアセンター大森,株式会社ニチイ学館,営利法人,1371101286,東京都大田区大森北１－３３－４湯建大森北ビルⅡ４階,03-5753-4655,2000-03-01,,平日・土曜日・日曜日・祝日,,http://www.nichiigakkan.co.jp,35.585315000000000,139.727057100000020
訪問介護,大田区,13111,アクセス訪問介護ステーション,株式会社アクセス,営利法人,1371101476,東京都大田区蒲田本町２－２－１　マネジメントビル３階,03-5713-0762,2000-04-01,,平日・土曜日・祝日,,http://www.access-care.co.jp/,35.558507200000000,139.719025999999980
訪問介護,大田区,13111,有限会社　ベスト・フレンド　ホームヘルプサービス,有限会社ベスト・フレンド,営利法人,1371101575,東京都大田区中央７－１７－１９第７２シンエイビル１階,03-3778-5892,2000-05-01,,平日・土曜日・日曜日・祝日,9,,35.575018800000000,139.716552999999980
訪問介護,大田区,13111,有限会社　マリス・ステラ,有限会社マリス・ステラ,営利法人,1371102045,東京都大田区北千束２－２０－７,03-5754-6031,2001-05-01,,平日,,,35.605678300000000,139.695836399999960
訪問介護,大田区,13111,訪問介護ナイスケア大田,株式会社ナイスケア,営利法人,1371102227,東京都大田区中央３－７－２,03-6366-1515,2001-07-01,,平日・土曜日・日曜日・祝日,8,http://www.nice-care.co.jp,35.606502900000000,139.687403799999970
訪問介護,大田区,13111,スマイルケア,有限会社スマイルケア,営利法人,1371102391,東京都大田区東雪谷２－７－５東興ビル１Ｆ,03-6425-9925,2002-01-01,,平日・土曜日・日曜日・祝日,180,http://www.smile1165.jp,35.596666700000010,139.684173699999970
訪問介護,大田区,13111,すまいる蓮沼,特定非営利活動法人大田区NPOセンター,非営利法人（NPO）,1371102847,東京都大田区西蒲田６－９－１,03-3737-5470,2007-10-01,,平日・土曜日・日曜日・祝日,,,35.565899025594476,139.709789893254080
訪問介護,大田区,13111,ワークスタッフ　鵜の木,有限会社ビハーラ,営利法人,1371103324,東京都大田区鵜の木２－１７－３ライオンズマンション鵜の木１階,03-5741-8239,2003-09-01,,平日・土曜日・日曜日・祝日,5,http://work-staff.jp,35.576164244616150,139.679580707548550
訪問介護,大田区,13111,シンクハーツ・ケア,有限会社シンクハーツ,営利法人,1371103407,東京都大田区大森北３－２４－２５－１０２,03-5753-6876,2003-10-01,,平日・土曜日・日曜日・祝日,,https://www.shinku-hearts.com/,35.583257499410880,139.730202614606920
訪問介護,大田区,13111,ケア２１大田,株式会社ケア２１,営利法人,1371103720,東京都大田区蒲田４－４１－１大熊ビル１階,03-5480-3521,2004-04-01,,平日・土曜日・日曜日・祝日,,http://www.care21.co.jp,35.559787600000000,139.719042599999970
訪問介護,大田区,13111,フルケアサービス,有限会社フルケア,営利法人,1371104371,東京都大田区大森南２－６－５,03-5705-6641,2004-11-01,,平日・土曜日・日曜日・祝日,,http://fullcaregroup.kai5.jp/,35.563957200000000,139.746226699999960
訪問介護,大田区,13111,あすか桜坂,有限会社ウェルメディエイション,営利法人,1371104884,東京都大田区田園調布本町４６－２　１階,03-5483-7411,2006-01-01,,平日・土曜日・日曜日・祝日,,https://www.wmj.be/wp/,35.587716500000000,139.675381300000030
訪問介護,大田区,13111,訪問介護　さんさん,株式会社アーチ,営利法人,1371105394,東京都大田区大森西７－８－１９－１０１,03-6715-8033,2006-11-01,,平日・土曜日・日曜日・祝日,,,35.569600000000000,139.695819799999980
訪問介護,大田区,13111,ＧＯＯＤ　ＬＩＦＥ,株式会社ＧＯＯＤ　ＬＩＦＥ,営利法人,1371105535,東京都大田区大森北６－３２－７メゾン平和２０１,03-5767-9229,2007-04-01,,平日・土曜日・日曜日,,https://goodlifekaigo.wixsite.com/mysite,35.580938200000020,139.735908400000030
訪問介護,大田区,13111,セントケア蒲田,セントケア東京株式会社,営利法人,1371105592,東京都大田区蒲田５－３６－２相互蒲田ビル２０１,03-5713-7241,2007-04-01,,平日・土曜日・日曜日・祝日,,http://www.saint-care.com/tokyo/,35.561359600000000,139.718795300000000
訪問介護,大田区,13111,ニチイケアセンター南蒲田,株式会社ニチイ学館,営利法人,1371107002,東京都大田区南蒲田２－１６－２テクノポート三井生命ビルＢ１Ｆ,03-5713-1130,2010-01-01,,平日・土曜日・日曜日・祝日,,http://www.nichiigakkan.co.jp,35.555888200000000,139.721784200000000
訪問介護,大田区,13111,ケア２１　馬込,株式会社ケア２１,営利法人,1371107531,東京都大田区中馬込２－９－１１,03-5718-7521,2011-03-01,,平日,,http://www.care21.co.jp/,35.595924870835650,139.708830396643460
訪問介護,大田区,13111,ケアオフィス南六郷,株式会社リブロード,営利法人,1371107812,東京都大田区南蒲田２－２７－２１シティハイツ蒲田１０１,03-3739-4331,2011-08-01,,平日・土曜日・日曜日・祝日,,http://hp.kaipoke.biz/pad/,35.555177036091370,139.721409141340470
訪問介護,大田区,13111,ウォームスケア,株式会社Ａｐ－ｓｐｅｅｄ,営利法人,1371107861,東京都大田区大森西７－５－１３三常ビル１Ｆ,03-5471-7171,2011-09-01,,平日・土曜日・日曜日・祝日,130,http://www.warmth-1.com,35.570055600000000,139.723344300000000
訪問介護,大田区,13111,移送家介援社,合同会社移送家,営利法人,1371108315,東京都大田区大森北３－４２－１１,03-6404-6347,2012-04-01,,平日,20,,35.583460600000010,139.735578100000000
訪問介護,大田区,13111,コールケアサポートセンター,合同会社コールエンドコール,営利法人,1371108646,東京都大田区南雪谷４－１３－１７,03-3720-5556,2012-08-01,,平日,,,35.589301332623510,139.684983330202500
訪問介護,大田区,13111,さくら・介護ステーション下丸子,有限会社ハウスショップ,営利法人,1371109008,東京都大田区下丸子２－１９－２２ハイコーポ晃栄１０１号室,03-5741-8552,2013-03-01,,平日・土曜日・日曜日・祝日,35,,35.565427680680340,139.688110991371100
訪問介護,大田区,13111,百風ヘルパーステーション,株式会社もも風,営利法人,1371109636,東京都大田区田園調布２－４－２０ハイツ大和１０５号,03-6459-7503,2014-03-01,,平日・土曜日・日曜日・祝日,,,35.593279100000000,139.672204900000000
訪問介護,大田区,13111,ケアリッツ蒲田,株式会社ケアリッツ・アンド・パートナーズ,営利法人,1371109800,東京都大田区蒲田１－２３－９ハイツＡＢＥ１階,03-6428-6266,2014-06-01,,平日・土曜日・日曜日・祝日,,https://www.careritz.co.jp/station/branch/kamata/,35.564406400000000,139.720550399999980
訪問介護,大田区,13111,ペンギン印ケアステーション,株式会社やすらぎ邸,営利法人,1371110113,東京都大田区大森北１－３６－９マンションオリエント１Ｂ,03-5767-7365,2014-11-01,,平日・土曜日・日曜日・祝日,,http://www.penguin-cs.com,35.586089899999990,139.726715400000000
訪問介護,大田区,13111,ケアセンター　フォーエバー,株式会社フォーエバー,営利法人,1371110402,東京都大田区西蒲田７－４３－１１　３Ｆ,03-6424-7851,2015-03-01,,平日・土曜日・日曜日・祝日,,http://www.forever-with.co.jp/,35.562895500000010,139.712526400000000
訪問介護,大田区,13111,ホームヘルプサービスひだまり,株式会社グレース,営利法人,1371110675,東京都大田区仲六郷１－４０－７ドリームハイツ１階,03-6715-9552,2015-06-01,,平日・土曜日・日曜日・祝日,160,https://www.grace-corporation.jp/caregiving/,35.553063600000000,139.714793399999960
訪問介護,大田区,13111,訪問介護ステーション　風鈴,合同会社Ｋライフ都城,営利法人,1371111095,東京都大田区蒲田２－２１－１０下田コーポ１０３,03-6428-6865,2016-01-01,,平日・祝日,10,,35.565320200000000,139.725441700000030
訪問介護,大田区,13111,ベネッセ介護センター西馬込,株式会社ベネッセスタイルケア,営利法人,1371111343,東京都大田区西馬込１－２９－１２,03-5746-9201,2016-08-01,,平日・土曜日・日曜日・祝日,80,https://zaitaku.benesse-style-care.co.jp/base/kc-nishimagome,35.588442100000000,139.706175499999970
訪問介護,大田区,13111,ヨウコーフォレスト西馬込　訪問介護,株式会社ヨウコーフォレスト竹の塚,営利法人,1371111673,東京都大田区東雪谷５－８－８,03-3720-6766,2017-07-01,,平日・土曜日・日曜日・祝日,22,http://kaigo-youko.com/,35.589925578746940,139.695403933204700
訪問介護,大田区,13111,平和島訪問介護サービス,合同会社平和島訪問介護サービス,営利法人,1371111855,東京都大田区大森西３－３２－１７フラットフォーレスト７０２号室,03-6450-0042,2018-03-01,,平日・土曜日,40,https://www.heiwajimahoumonkaigo.com/,35.579542888782310,139.736830111639400
訪問介護,大田区,13111,ＳＯＭＰＯケア　大田　訪問介護,ＳＯＭＰＯケア株式会社,営利法人,1371112044,東京都大田区西蒲田６－３６－１１西蒲田ＮＳビル５階,03-6428-7612,2018-07-01,,平日・土曜日・日曜日・祝日,,https://www.sompocare.com/service/zaitaku/kaigo/Z000642,35.563611291385380,139.709706489549260
訪問介護,大田区,13111,ケアサポート　クローバー,株式会社キタムラ,営利法人,1371112184,東京都大田区鵜の木２－２３－１４北村ビル２０５,03-6459-8264,2018-09-01,,平日・土曜日・日曜日・祝日,,,35.574718700000000,139.678815500000040
訪問介護,大田区,13111,サンライフ大田指定訪問介護事業所,株式会社サンライフ,営利法人,1371112283,東京都大田区多摩川１－１８－７井沼ビル１階,03-3750-6111,2018-12-01,,平日・土曜日・日曜日・祝日,10,https://www.sunlife1930.org/,35.563470400000000,139.697953099999950
訪問介護,大田区,13111,ケア２１　雪谷,株式会社ケア２１,営利法人,1371112382,東京都大田区東嶺町４４－９ミマツスクエアガーデン２０２号室,03-5732-1321,2019-03-01,,平日・土曜日・日曜日・祝日,,,35.584719899999990,139.682520999999950
訪問介護,大田区,13111,おおきなき大田,株式会社日本エルダリーケアサービス,営利法人,1371112408,東京都大田区南六郷２－２０－２コアパレス・Ｋ貸店舗Ａ　１階,03-5480-3866,2019-04-01,,平日・土曜日・日曜日・祝日,,http://www.elderly.jp/,35.546743900000000,139.720628800000000
訪問介護,大田区,13111,ケアセンター　りょうか,合同会社りょうか,営利法人,1371112523,東京都大田区蒲田１－２６－６山六マンション２０５号,03-6424-9616,2019-09-01,,平日・土曜日・日曜日・祝日,,,35.565852999999990,139.718375000000040
訪問介護,大田区,13111,ニチイケアセンター北馬込,株式会社ニチイ学館,営利法人,1371112606,東京都大田区北馬込２－３０－８ＲＫＩビル　２Ｆ,03-5718-1053,2019-12-01,,平日,,,35.596634300000000,139.711693299999980
訪問介護,大田区,13111,ケアリッツ久が原,株式会社ケアリッツ・アンド・パートナーズ,営利法人,1371112705,東京都大田区南久が原２－２６－１９ファミリーハイツ１０２,03-6459-8436,2020-06-01,,平日・土曜日・日曜日・祝日,,https://www.careritz.co.jp/station/branch/kugahara/,35.575160631026066,139.685707006763300
訪問介護,大田区,13111,ｎｕ　ｃａｒｅ,ｎｃｌ合同会社,営利法人,1371113083,東京都大田区千鳥２－２１－６コートチドリ１０２,03-6715-5166,2021-05-01,,平日・土曜日・祝日,,https://nu-care-lab.jp,35.569711437616924,139.693400710350770
訪問介護,大田区,13111,ケアリッツ羽田,株式会社ケアリッツ・アンド・パートナーズ,営利法人,1371113117,東京都大田区羽田３－３－１５デラモタワー１階,03-6423-2315,2021-07-01,,平日・土曜日・日曜日・祝日,,https://www.careritz.co.jp/station/branch/haneda/,35.548266889905880,139.746735509821700
訪問介護,大田区,13111,訪問介護ステーション　ダブルアイ大田,株式会社ダブルアイ,営利法人,1371113158,東京都大田区北嶺町３２－１６ベルフィーユ２０１,03-6303-9224,2021-09-01,,,,,,
訪問介護,大田区,13111,訪問介護　いと,Ｆｉｌｏ株式会社,営利法人,1371113331,東京都大田区中央８－１３－１０コーポふじ２０４号,03-6410-9511,2022-08-01,,平日,7,https://filo2021.info/,35.573967299999980,139.715052599999980
訪問介護,大田区,13111,ベネッセ介護センター蒲田,株式会社ベネッセスタイルケア,営利法人,1371113406,東京都大田区蒲田５－２６－８アーデル蒲田３１０号室,03-5710-7111,2023-01-01,,平日・土曜日・日曜日・祝日,,https://www.benesse-style-care.co.jp/,35.562608700000000,139.720030500000000
訪問介護,大田区,13111,訪問介護つき,株式会社れい,営利法人,1371113471,東京都大田区千鳥２－４－９ｆｏｕｒ千鳥町１０２,03-4335-9118,2023-06-01,,平日・土曜日・日曜日・祝日,,,35.571097700000000,139.693161600000000
訪問介護,大田区,13111,ケアリッツ馬込,株式会社ケアリッツ・アンド・パートナーズ,営利法人,1371113570,東京都大田区山王３－１１－１０ラミアカーサ山王２０１,03-6809-9744,2024-01-01,,平日・土曜日・日曜日・祝日,,https://www.careritz.co.jp/station/branch/magome/,35.581184700000000,139.723472000000000
訪問介護,大田区,13111,ネコロボマン訪問介護大田店,株式会社ハピネスライフ,営利法人,1371113711,東京都大田区仲六郷１－１１－１３エステートピア妙栄１０２号室,03-6428-6529,2024-09-01,,平日,,,35.555292500000000,139.716351500000000
訪問介護,大田区,13111,バンビ訪問介護,株式会社エヌズコア,営利法人,1371113745,東京都大田区東六郷２－１５－３－１０５,03-6715-9656,2024-12-01,,,,,,
訪問介護,大田区,13111,アイリスハートケア蒲田,合同会社アイリスハートケア,営利法人,1371113836,東京都大田区南六郷３－１４－１１ハイツタケザワ　３０１,08023474766,2025-08-01,,平日・土曜日・日曜日・祝日,4,,35.543907800000014,139.715498500000000
訪問介護,大田区,13111,訪問介護まぁーち,有限会社エスエヌ企画,営利法人,1371113968,東京都大田区西蒲田８－３－６橋本ビル４Ｆ,03-6715-8181,2026-04-01,,,,,,
訪問介護,大田区,13111,訪問介護東京ライフケア,ＦＵＡＮ株式会社,営利法人,1371113992,東京都大田区鵜の木２－２－２オーチャードアルファ３０１号室,03-6388-1737,2026-05-01,,,,,,
訪問介護,大田区,13111,Ｒｅ：ライフ訪問介護事業所,ＳＰヘルスケア株式会社,営利法人,1371114099,東京都大田区中央３－８－１５,03-6303-7975,2026-09-01,,,,,,
訪問介護,世田谷区,13112,株式会社　ニッカ・コミュニケーションズ,株式会社ニッカ・コミュニケーションズ,営利法人,1370100388,東京都世田谷区等々力７－１４－２８－１０１号室,03-5706-3848,2002-02-01,,平日・祝日,50,,35.614074200000000,139.658591300000000
訪問介護,世田谷区,13112,ツクイ世田谷経堂,株式会社ツクイ,営利法人,1371000900,東京都世田谷区宮坂２－１１－１３,03-3429-6700,2000-10-01,,平日・土曜日・日曜日・祝日,,http://www.tsukui.net,35.652316679891570,139.642321345526740
訪問介護,世田谷区,13112,株式会社　野沢トータルケア,株式会社野沢トータルケア,営利法人,1371200690,東京都世田谷区野沢２－２４－２,03-3422-6450,1999-12-01,,平日・土曜日・日曜日・祝日,,http://nozawatotalcare.jp/,35.633979600000000,139.668076899999960
訪問介護,世田谷区,13112,ツクイ世田谷明大前,株式会社ツクイ,営利法人,1371200930,東京都世田谷区松原１－３９－１７レインボー松原１階,03-5355-5565,2000-04-01,,平日・土曜日・日曜日・祝日,,http://www.tsukui.net,35.670243623763426,139.651953597900420
訪問介護,世田谷区,13112,世田谷ホームヘルプサービス,社会福祉法人世田谷区社会福祉事業団,社会福祉法人（社協以外）,1371201326,東京都世田谷区世田谷１－２３－２　ＤＳ１ビル１階,03-5450-8292,2000-03-01,,平日・土曜日・日曜日・祝日,,http://www.setagayaj.or.jp/,35.641806804685615,139.648082650926170
訪問介護,世田谷区,13112,ホームヘルプサービス　ソラスト世田谷,株式会社ソラスト,営利法人,1371202282,東京都世田谷区桜新町２－３１－５桜新町二丁目ビル３Ｆ,03-5426-6651,2001-04-01,,平日・土曜日・日曜日・祝日,,,35.633648699999990,139.638923999999970
訪問介護,世田谷区,13112,有限会社　おひさま,有限会社おひさま,営利法人,1371202472,東京都世田谷区深沢５－２８－３,03-5758-7077,2001-09-01,,平日・土曜日・日曜日・祝日,,https://ohisama-kaigo.jimdofree.com/,35.616084200000000,139.648940400000010
訪問介護,世田谷区,13112,給田　ヘルパーステーション,社会福祉法人敬心福祉会,社会福祉法人（社協以外）,1371202977,東京都世田谷区給田５－９－５,03-3307-2424,2002-06-01,,平日・土曜日・祝日,,http://www.keishinen.or.jp/,35.672106000000000,139.585834900000000
訪問介護,世田谷区,13112,もみの木ケアセンター,有限会社　ピュアライフ,営利法人,1371203264,東京都世田谷区三宿２－２８－２１,03-3424-6055,2002-12-01,,平日・祝日,,http://mominoki-kaigo.jp,35.651636000000000,139.674520199999960
訪問介護,世田谷区,13112,愛の羽・世田谷西,株式会社愛の羽,営利法人,1371203488,東京都世田谷区砧６－１９－４,03-5727-0613,2003-04-01,,平日・土曜日・日曜日・祝日,3,https://www.ainohane.com/,35.642275388213480,139.609926779870650
訪問介護,世田谷区,13112,ホームヘルプサービス　ソラスト烏山,株式会社ソラスト,営利法人,1371203850,東京都世田谷区南烏山６－６－５安藤ビル１階,03-5314-2706,2003-10-01,,平日・土曜日・日曜日・祝日,,https://solasto-kaigo.com/service/homecare/karasuyama,35.667645800000000,139.599281099999980
訪問介護,世田谷区,13112,セコムケアステーション千歳烏山,セコム医療システム株式会社,営利法人,1371204064,東京都世田谷区南烏山５－５－９,03-5969-0905,2003-12-01,,平日・土曜日・日曜日・祝日,60,https://medical.secom.co.jp/service/care/visit/,35.667808229718574,139.604488130718980
訪問介護,世田谷区,13112,ライフサポートやすらぎ,ライフサポートやすらぎ有限会社,営利法人,1371204585,東京都世田谷区豪徳寺１－５０－１６,03-6804-4580,2004-07-01,,平日・土曜日・日曜日・祝日,,http://yasuragi-g.jp/,35.654565958998330,139.646610105322680
訪問介護,世田谷区,13112,ケアステーション　こころ,有限会社ブレスアスオール,営利法人,1371205145,東京都世田谷区宇奈根２－１４－２８,03-5494-1410,2005-03-01,,,7,,35.622070400000005,139.599833100000000
訪問介護,世田谷区,13112,千山の里ヘルパーステーション,有限会社千山の里,営利法人,1371205699,東京都世田谷区南烏山２－３２－２８千山の里１階,03-3300-1850,2005-10-01,,平日・土曜日・日曜日・祝日,10,,35.668798606423030,139.608828516007970
訪問介護,世田谷区,13112,タンドル南烏山,株式会社タンドル,営利法人,1371206267,東京都世田谷区南烏山６－４－２１ＳＪＫビル２Ｆ,03-5314-1205,2006-06-01,,平日・土曜日・祝日,,http://www.tandoru.com/,35.669471544504620,139.599721652192670
訪問介護,世田谷区,13112,セントケア世田谷,セントケア東京株式会社,営利法人,1371206762,東京都世田谷区三軒茶屋２－１４－８　ファションビル第２　２階,03-5430-2943,2007-04-01,,平日・土曜日・祝日,,https://www.saint-care.com,35.643161800000000,139.669071000000030
訪問介護,世田谷区,13112,訪問介護ステーション　ＳＯＲＡ,株式会社ＳＯＲＡ,営利法人,1371207620,東京都世田谷区駒沢３－２８－１１アーバン駒沢１Ｆ,03-5787-8505,2008-09-01,,平日・土曜日・祝日,,http://sora.kai5.jp,35.632401500000000,139.650592500000000
訪問介護,世田谷区,13112,ＮＰＯわかば,特定非営利活動法人ソーシャルケア清和会,非営利法人（NPO）,1371208032,東京都世田谷区三軒茶屋２－４９－６－１０４,03-5712-5185,2009-07-01,,平日・土曜日・日曜日・祝日,40,http://www.kaigo-wakaba.jp,35.641397900000000,139.661327300000040
訪問介護,世田谷区,13112,マルク・ケアサポート訪問介護事業所,株式会社マルク・ケアサポート,営利法人,1371208685,東京都世田谷区三軒茶屋１－３５－２０平原ビル２階,03-5430-2227,2010-06-01,,平日,,http://www.marc-cs.jp,35.642913400000000,139.672814000000000
訪問介護,世田谷区,13112,ななほしケアステーション,株式会社星明,営利法人,1371208925,東京都世田谷区奥沢６－２２－１４自由が丘ハイム１０１号室,03-5752-2436,2010-09-01,,,,,,
訪問介護,世田谷区,13112,セニアケアセンター,株式会社みどりけあ,営利法人,1371209147,東京都世田谷区世田谷４－１－１１テラス世田谷Ｂ－１０１,03-5799-6333,2010-12-01,,平日,,,35.642928836948710,139.655050247499080
訪問介護,世田谷区,13112,ケアリッツ下北沢,株式会社ケアリッツ・アンド・パートナーズ,営利法人,1371209592,東京都世田谷区代沢５－１９－８濱口ビルＢ１Ｆ,03-5779-9118,2011-06-01,,平日・土曜日・日曜日・祝日,,https://www.careritz.co.jp/station/branch/shimokitazawa/,35.657758963663250,139.667311075424200
訪問介護,世田谷区,13112,ＡＬＳＯＫヘルパーステーション豪徳寺,ＡＬＳＯＫ介護株式会社,営利法人,1371210343,東京都世田谷区赤堤２－１６－１,03-5355-1747,2012-04-01,,平日・土曜日・日曜日・祝日,,,35.656933056875830,139.647935980356550
訪問介護,世田谷区,13112,ベネッセ介護センター祖師谷,株式会社ベネッセスタイルケア,営利法人,1371211036,東京都世田谷区砧６－９－３ハーモニーハイツ２０５,03-5727-9361,2013-02-01,,平日・土曜日・日曜日・祝日,,http://www.benesse-style-care.co.jp/,35.644444100000000,139.614361700000020
訪問介護,世田谷区,13112,訪問介護　おりーぶ,株式会社おりーぶ,営利法人,1371211309,東京都世田谷区北烏山１－４８－４伽羅ハイツ１０７,03-6909-1931,2013-05-01,,平日・土曜日・日曜日・祝日,,,35.678247600000000,139.605274700000000
訪問介護,世田谷区,13112,ぺんぎん介護,株式会社ヘルシコ,営利法人,1371211952,東京都世田谷区宮坂２－１５－４鈴木ビル２Ａ,03-6804-4286,2014-02-01,,平日・土曜日・祝日,50,https://www.penginkaigo.com/,35.650772554265160,139.640445384408650
訪問介護,世田谷区,13112,健康生活訪問センター,労働者協同組合健康生活サポートセンター,非営利法人（NPO）,1371212190,東京都世田谷区祖師谷１－３５－４－２階,03-5429-2372,2014-05-01,,平日・土曜日・日曜日・祝日,60,http://npokenkouseikatu.jimdo.com/,35.645832571089190,139.608658084655800
訪問介護,世田谷区,13112,クウの翼ケア,合同会社クウの翼,営利法人,1371212679,東京都世田谷区等々力４－４－１喜島ビル１Ｆ,03-6805-9251,2015-01-01,,平日・土曜日・日曜日・祝日,250,http://www.kuunotsubasa.jp,35.607959254752120,139.650404940013520
訪問介護,世田谷区,13112,愛の羽・さくら,株式会社愛の羽,営利法人,1371213032,東京都世田谷区経堂４－１０－１２吉野ビル１０２号,03-3425-8192,2015-07-01,,平日・土曜日・日曜日・祝日,,,35.647382900000000,139.626591100000040
訪問介護,世田谷区,13112,キラッと烏山訪問介護事業所,株式会社Ｐｒｏｆｅｓｓｉｏｎａｌ,営利法人,1371213560,東京都世田谷区南烏山６－３４－１５ハイムピア６－１０３,03-5315-9435,2016-05-01,,平日・土曜日・祝日,100,https://www.kiratto.co.jp,35.670953700000000,139.600097600000030
訪問介護,世田谷区,13112,エブリンクケア,株式会社リベア,営利法人,1371213743,東京都世田谷区松原３－３３－２ダジュール松原１０３,03-6379-2016,2016-08-01,,平日・土曜日・日曜日・祝日,,http://livea.co.jp,35.666674300000000,139.643385800000000
訪問介護,世田谷区,13112,ニチイケアセンター豪徳寺,株式会社ニチイ学館,営利法人,1371213842,東京都世田谷区宮坂２－２７－２６,03-5450-7150,2016-09-01,,平日・土曜日・日曜日・祝日,,http://www.nichiigakkan.co.jp,35.653285100000005,139.645736500000000
訪問介護,世田谷区,13112,愛・訪問介護ステーション上野毛,株式会社愛総合福祉,営利法人,1371214097,東京都世田谷区上野毛１－２１－６フラッツＫ　１Ｆ,03-5758-3661,2016-12-01,,平日・土曜日・日曜日・祝日,,https://i-sogofukushi.com/,35.614262300000000,139.639689900000000
訪問介護,世田谷区,13112,かいごりらんど,株式会社トータルほっとサポート,営利法人,1371214253,東京都世田谷区上北沢４－２７－８光風荘１２号室,070-5565-8916,2017-03-01,,,,,,
訪問介護,世田谷区,13112,梅ヶ丘総合支援サービス,ケアパートナー株式会社,営利法人,1371214626,東京都世田谷区松原６－３－１０寺島ビル８３　１階　北側事業所,03-6413-6333,2017-08-01,,平日・祝日,,https://www..care-partner.com/,35.656955810946556,139.653094962287900
訪問介護,世田谷区,13112,ファインケアステーション千歳船橋,株式会社ファインケア,営利法人,1371214964,東京都世田谷区船橋１－９－１６,03-3429-7244,2018-01-01,,平日・土曜日・日曜日・祝日,,http://www.finecare.co.jp,35.648213300000000,139.623482899999970
訪問介護,世田谷区,13112,愛の羽・烏山,株式会社愛の羽,営利法人,1371215136,東京都世田谷区南烏山６－７－１９グレイスビル３０２,03-6909-0347,2018-06-01,,平日・土曜日・日曜日・祝日,,https://ainohane.com/,35.668703900000000,139.599375499999950
訪問介護,世田谷区,13112,株式会社世田谷コアラ,株式会社世田谷コアラ,営利法人,1371215417,東京都世田谷区世田谷４－２３－５－１０２,03-6413-6471,2018-12-01,,平日・土曜日・祝日,,http://setagaya-koala.com,35.647157781519080,139.651499222090170
訪問介護,世田谷区,13112,生活支援センター　あっと東京,社会福祉法人むそう,社会福祉法人（社協以外）,1371215557,東京都世田谷区代田１－１３－１４,03-6805-6470,2019-05-01,,,,,,
訪問介護,世田谷区,13112,ケアリッツ三軒茶屋,株式会社ケアリッツ・アンド・パートナーズ,営利法人,1371215771,東京都世田谷区三軒茶屋２－４１－６ブラウンズ大場１階,03-6453-4955,2019-10-01,,平日・土曜日・日曜日・祝日,,https://www.careritz.co.jp/station/branch/sangenjaya/,35.640089900000000,139.664039800000000
訪問介護,世田谷区,13112,ケアリッツ経堂,株式会社ケアリッツ・アンド・パートナーズ,営利法人,1371215847,東京都世田谷区桜１－６３－１９グリーンネスト１階,03-6413-1804,2020-01-01,,平日・土曜日・日曜日・祝日,,https://www.careritz.co.jp/station/branch/kyoudo/,35.646449304781570,139.636811200000000
訪問介護,世田谷区,13112,ワールドケアＺ,株式会社ワールド,営利法人,1371215953,東京都世田谷区給田５－１－２０,03-6265-8403,2020-04-01,,平日・土曜日・日曜日・祝日,,,35.671806900000014,139.588364200000000
訪問介護,世田谷区,13112,ヘルパーステーション　ダッシュ,一般社団法人ダッシュ,社団・財団,1371216076,東京都世田谷区祖師谷６－１－５アーバンコート祖師谷２０２,03-5787-7698,2020-07-01,,平日,5,https://dashlifesupport.net,35.653914200000000,139.607938800000000
訪問介護,世田谷区,13112,ケア２１　砧,株式会社ケア２１,営利法人,1371216266,東京都世田谷区砧５－１７－１４プランドール砧１０１号,03-5494-5221,2021-03-01,,平日・土曜日・日曜日・祝日,5,https://www.care21.co.jp/news/notice/pr/2854/,35.638790700000000,139.608376900000000
訪問介護,世田谷区,13112,やさしい手太子堂訪問介護事業所,株式会社やさしい手,営利法人,1371216456,東京都世田谷区太子堂３－３８－２０,05017521882,2021-10-01,,平日・土曜日・日曜日・祝日,,https://search.yasashiite.com/detail/homonkaigo_taishido/,35.651710400000006,139.671598800000000
訪問介護,世田谷区,13112,ヘルパーステーション　モア　世田谷成城,株式会社ｍｏｒｅ,営利法人,1371216514,東京都世田谷区成城９－５－１７グリーンシティ成城２０３,03-6411-3833,2021-11-01,,平日・土曜日・日曜日・祝日,,,35.651519400000010,139.596673800000000
訪問介護,世田谷区,13112,訪問介護はれのひ,株式会社ＭＡＩＮＣＡＳＴ,営利法人,1371216589,東京都世田谷区北沢３－２６－７マンション緑１０１号室,03-6407-9559,2022-03-01,,,,,,
訪問介護,世田谷区,13112,リオークケアサービス,株式会社サンタイヨウ,営利法人,1371216779,東京都世田谷区桜３－１６－７ドウェルフジ３０３,03-6765-5619,2022-10-01,,平日・土曜日・日曜日・祝日,,https://rioakcareservice.suntaiyou.co.jp/,35.639700491744804,139.634655492561050
訪問介護,世田谷区,13112,じりつのいえ,特定非営利活動法人自立の家,非営利法人（NPO）,1371216936,東京都世田谷区豪徳寺１－４１－６,03-3426-0768,2023-04-01,,平日,,http://www.jiritsunoie.com,35.655015800000010,139.648138500000000
訪問介護,世田谷区,13112,サンウェルズ用賀ヘルパーステーション,株式会社サンウェルズ,営利法人,1371217074,東京都世田谷区瀬田５－３３－２２,03-5491-7666,2023-10-01,,平日・土曜日・日曜日・祝日,,https://sunwels.jp/pdh/facility/pdhouse-yoga,35.626769000000000,139.623737200000000
訪問介護,世田谷区,13112,訪問介護事業所きずな世田谷店,ＹＭＭ合同会社,営利法人,1371217132,東京都世田谷区松原２－３４－１１－２０１,03-6379-1414,2024-02-01,,平日,,https://kizuna-ymm.com/,35.667757700000020,139.645069700000000
訪問介護,世田谷区,13112,ひばり訪問介護ステーション千歳烏山,シマダリビングパートナーズ株式会社,営利法人,1371217231,東京都世田谷区北烏山３－１４－１９,03-5969-9222,2024-06-01,,平日・土曜日・日曜日・祝日,,https://garden-terrace.jp/chitose-karasuyama,35.675382300000000,139.602090300000000
訪問介護,世田谷区,13112,ヘルパーステーション　モア世田谷喜多見,株式会社ｍｏｒｅ,営利法人,1371217488,東京都世田谷区喜多見８－７－３ボヌール４F,03-6411-0190,2024-12-01,,平日・土曜日・日曜日・祝日,80,https://more-g.co.jp/service/hs-kitami/,35.634388000000000,139.591850600000000
訪問介護,世田谷区,13112,あいケアサービス　成城店,ＢＢラボ合同会社,営利法人,1371217603,東京都世田谷区成城８－１０－５　１Ｆ平林ハウス,03-6277-9090,2025-04-01,,平日,,,35.646134200000000,139.595036000000000
訪問介護,世田谷区,13112,株式会社リリー・アップ,株式会社リリー・アップ,営利法人,1371217736,東京都世田谷区上馬１－４－１３第１３菊池ビル３階,03-6450-8859,2025-08-01,,平日,,https://lily-up.com/,35.636728500000000,139.666140599999980
訪問介護,世田谷区,13112,こかげケア,一般社団法人地域介護支援,社団・財団,1371217975,東京都世田谷区世田谷４－２０－１１ＴＳビルステイジア世田谷１０３,03-5426-2939,2026-04-01,,,,,,
訪問介護,世田谷区,13112,青藍会在宅医療支援センター二子玉川　ヘルパーステーション,社会福祉法人青藍会,社会福祉法人（社協以外）,1371218098,東京都世田谷区玉川４－１１－７ピア二子玉川１階,03-5797-5720,2026-09-01,,,,,,
訪問介護,世田谷区,13112,ハート笹塚,株式会社保健福祉総研,営利法人,1371302504,東京都世田谷区北沢５－３３－３加藤ビルＥ,03-6427-7908,2011-08-01,,平日・土曜日・日曜日・祝日,,,35.671381400000000,139.669243300000000
訪問介護,世田谷区,13112,ケアセンターコスモス,インターナショナル・クリエイト有限会社,営利法人,1373202314,東京都世田谷区駒沢２－５８－１３,03-3413-7221,2005-03-01,,平日・土曜日・日曜日・祝日,10,,35.637484400000000,139.658508200000030
訪問介護,渋谷区,13113,アクセスポイント代々木公園,株式会社アライブ,営利法人,1371206945,東京都渋谷区初台１－４９－１第３０田中ビル２Ｆ,03-5738-7233,2007-07-01,,平日・土曜日・日曜日・祝日,,http://www.access-point.jp,35.681269625691264,139.686938334571070
訪問介護,渋谷区,13113,ニチイケアセンター恵比寿,株式会社ニチイ学館,営利法人,1371300110,東京都渋谷区広尾５－１９－１１　井門広尾ビル２階,03-5475-6717,1999-12-01,,平日・土曜日・日曜日・祝日,50,https://www.nichii-kaigo.jp/base/base-result/05C49/,35.648523699999990,139.720399400000020
訪問介護,渋谷区,13113,アースサポート渋谷,アースサポート株式会社,営利法人,1371300219,東京都渋谷区本町１－４－３,03-3377-7275,1999-12-01,,平日・土曜日・日曜日・祝日,,https://www.earthsupport.co.jp,35.681648515771540,139.684992293813700
訪問介護,渋谷区,13113,モテギケアサービス,株式会社モテギ,営利法人,1371300276,東京都渋谷区代々木２－２６－１１桑野ビル１－Ａ,03-3379-1150,1999-11-01,,平日・土曜日・日曜日・祝日,,https://care-net.biz/13/motegi/,35.685377100000000,139.699097400000030
訪問介護,渋谷区,13113,株式会社　生活援助会,株式会社生活援助会,営利法人,1371300318,東京都渋谷区富ケ谷１－９－２３服部ビル２０１,03-3469-7395,1999-12-01,,平日・祝日,80,http://seikatsuenjyokai.com,35.668651100000000,139.689968300000030
訪問介護,渋谷区,13113,訪問介護パールケア,社会福祉法人パール,社会福祉法人（社協以外）,1371300359,東京都渋谷区鉢山町３－２７,03-5458-4816,2000-01-04,,平日・土曜日・日曜日・祝日,,http://www.shibuya-pearl.or.jp/,35.652794900000000,139.698751300000030
訪問介護,渋谷区,13113,笹塚ケア２１,有限会社笹塚ケア・ニジュウイチ,営利法人,1371300375,東京都渋谷区笹塚１－４０－７,03-5970-6677,2000-01-04,,平日・土曜日・日曜日・祝日,,,35.671563800000000,139.662081800000000
訪問介護,渋谷区,13113,日介センター代々木,株式会社日本介護センター,営利法人,1371300417,東京都渋谷区代々木１－１６－６代々木コパン３階,03-5333-1390,2000-01-04,,平日・土曜日・日曜日・祝日,160,http://www.nikkai-center.co.jp,35.680771585367210,139.700933042258380
訪問介護,渋谷区,13113,ホームヘルプサービス　ソラスト渋谷,株式会社ソラスト,営利法人,1371300656,東京都渋谷区幡ヶ谷１－１７－１５幡ヶ谷オフィスハウス　２階,03-5738-2888,2000-04-01,,平日・土曜日・日曜日・祝日,,https://www.solasto.co.jp/,35.675055300000004,139.672308500000000
訪問介護,渋谷区,13113,ポピンズシルバーサービス,株式会社ポピンズファミリーケア,営利法人,1371300672,東京都渋谷区広尾５－６－６広尾プラザ５Ｆ,03-3447-5666,2000-04-01,,平日・土曜日・日曜日・祝日,,http://www.poppins.co.jp/,35.650318100000000,139.721852099999980
訪問介護,渋谷区,13113,テルウェル東日本　渋谷介護センタ,テルウェル東日本株式会社,営利法人,1371300821,東京都渋谷区元代々木町２４－１１フロンティア３Ｆ　Ａ号室,03-5465-2187,2001-06-01,,平日・土曜日・日曜日・祝日,,http://www.telwel-kaigo.com,35.670589600000000,139.685660300000000
訪問介護,渋谷区,13113,泰の木有限会社,泰の木有限会社,営利法人,1371300946,東京都渋谷区本町五丁目１１番３　４０７号,03-5456-3035,2002-07-01,,平日・土曜日・日曜日・祝日,,,35.685051500000000,139.678035400000000
訪問介護,渋谷区,13113,トモ・ケアサービス,株式会社トモ・コミュニケーションズ,営利法人,1371301233,東京都渋谷区渋谷２－１２－１２三貴ビル４０３,03-3486-0256,2003-09-01,,平日・土曜日・日曜日・祝日,50,http://www.tomo-tokyo.co.jp,35.658620407757830,139.708276485488880
訪問介護,渋谷区,13113,ケア２１渋谷,株式会社ケア２１,営利法人,1371301340,東京都渋谷区西原一丁目２７番３号藤井マンション１階,03-5452-1640,2004-04-01,,平日・土曜日・日曜日・祝日,,http://www.care21.co.jp,35.677408000000000,139.679471700000020
訪問介護,渋谷区,13113,ばむりぃ,有限会社ばむりぃ,営利法人,1371301407,東京都渋谷区本町二丁目２０番６号,03-3376-5440,2004-06-01,,平日・土曜日・日曜日・祝日,,,35.683149100000000,139.680754699999970
訪問介護,渋谷区,13113,やさしい手渋谷東訪問介護事業所,株式会社やさしい手,営利法人,1371301480,東京都渋谷区東２－２６－１４ＮＮ．ＢＬＤＧ．３階,05017520681,2004-08-01,,平日・土曜日・日曜日・祝日,,http://www.yasashiite.com/subdomains/section/024/,35.652500799999990,139.707131200000050
訪問介護,渋谷区,13113,有限会社　アルカディアライフ,有限会社アルカディアライフ,営利法人,1371301530,東京都渋谷区東一丁目３１番１９号　マンション渋谷並木橋９０１号,03-3797-0230,2005-01-01,,平日・土曜日・日曜日・祝日,,,35.654544900000000,139.706331200000020
訪問介護,渋谷区,13113,ホーム･ケアサービス　やわらぎ,有限会社　広尾紹介サービス,営利法人,1371301555,東京都渋谷区広尾五丁目１６番１号キタムラ６０館ビル４０１号,03-3473-2052,2005-02-01,,平日・土曜日・日曜日・祝日,3,http://www.hiroo-kaseifu.com,35.650145827110430,139.720485735581970
訪問介護,渋谷区,13113,さわやか渋谷東センター,有限会社さわやか介護,営利法人,1371301589,東京都渋谷区東２－１７－１２パーシモンチバ４０２,03-3407-5561,2005-04-01,,平日・土曜日・日曜日・祝日,50,http://www.sawayaka-kaigo.jp/,35.652715100000000,139.709139400000000
訪問介護,渋谷区,13113,ニチイケアセンター神宮前,株式会社ニチイ学館,営利法人,1371302140,東京都渋谷区神宮前３－３９－５青山ウエスト２Ｆ,03-3497-5252,2009-04-01,,平日・土曜日・祝日,,,35.671409800000000,139.713182800000030
訪問介護,渋谷区,13113,ケアリッツ初台,株式会社ケアリッツ・アンド・パートナーズ,営利法人,1371302272,東京都渋谷区本町２－１３－８Ｅハウス２０２,03-5309-2550,2010-02-01,,平日・土曜日・日曜日・祝日,,https://www.careritz.co.jp/station/branch/hatsudai/,35.682616721062466,139.682034298307370
訪問介護,渋谷区,13113,つるかめケア訪問介護事業所,株式会社クイーンズプロモーション,営利法人,1371302769,東京都渋谷区千駄ヶ谷５－８－２イワオアネックス２０２,03-3359-8008,2012-08-01,,平日・土曜日・日曜日・祝日,120,http://www.kamecare.jp,35.681664622073170,139.705267865404380
訪問介護,渋谷区,13113,ヘルパーステーション　スマイライフ　代々木上原,株式会社スマイライフ,営利法人,1371303031,東京都渋谷区西原２－４－５,03-5738-7827,2014-03-01,,平日・土曜日・日曜日・祝日,20,http://smi-life.com/,35.675092023485700,139.681025242327900
訪問介護,渋谷区,13113,ＮＰＯ法人　まごころ,特定非営利活動法人まごころ,非営利法人（NPO）,1371303072,東京都渋谷区幡ヶ谷２－２０－１２シャトレー幡ヶ谷２－１０２号,03-6300-6799,2014-04-01,,平日・土曜日・日曜日・祝日,100,http://www.magocoro.org,35.676558000000020,139.673250100000020
訪問介護,渋谷区,13113,はぴねすケア,株式会社ルータス,営利法人,1371303122,東京都渋谷区笹塚３－１９－４ローラ笹塚３０２,03-6770-8330,2014-09-01,,,,,,
訪問介護,渋谷区,13113,東京海上日動みずたま介護ＳＴ初台,東京海上日動ベターライフサービス株式会社,営利法人,1371303403,東京都渋谷区本町１－３０－１５Ｎｅｗ　Ｒｉｖｅｒ　ＨＡＴＳＵＤＡＩ１階,03-5333-3437,2016-07-01,,平日・土曜日・日曜日・祝日,,http://www.mizutama-kaigo.jp/,35.680777100000000,139.681129800000000
訪問介護,渋谷区,13113,ＮＰＯいのち在宅ケアセンター,特定非営利活動法人いのち,非営利法人（NPO）,1371303478,東京都渋谷区西原１－４３－２,03-5790-9160,2017-07-01,,平日・土曜日・日曜日・祝日,,http://www.npoinochi.org/,35.676071400000000,139.683021600000000
訪問介護,渋谷区,13113,ケアリッツ恵比寿,株式会社ケアリッツ・アンド・パートナーズ,営利法人,1371303502,東京都渋谷区桜丘町２３－１７シティコート桜丘３１０,03-6450-4133,2017-11-01,,平日・土曜日・日曜日・祝日,,https://www.careritz.co.jp/station/branch/ebisu/,35.647902308011150,139.713309016873500
訪問介護,渋谷区,13113,ＳＯＭＰＯケア　渋谷　訪問介護,ＳＯＭＰＯケア株式会社,営利法人,1371303577,東京都渋谷区代々木３－２８－６いちご西参道ビルＡ棟２階Ａ室,03-6300-0960,2018-07-01,,平日・土曜日・日曜日・祝日,,https://www.sompocare.com,35.683577800000000,139.692154500000000
訪問介護,渋谷区,13113,合同会社タップ＆カイゴ,合同会社タップ＆カイゴ,営利法人,1371303601,東京都渋谷区本町１－７－７ビラ杉山１０２,03-6383-4791,2019-01-01,,平日,,https://tapandkaigo.jimdofree.com/,35.680412739463110,139.683848113500180
訪問介護,渋谷区,13113,ホームケア代々木,ＡＬＳＯＫらいふケア株式会社,営利法人,1371303635,東京都渋谷区代々木１－１９－１３藤ビル１階,03-5304-5077,2019-03-01,,平日・土曜日・日曜日・祝日,,https://www.life-silver.com/life_homecare/office/,35.680449582730915,139.701958594945550
訪問介護,渋谷区,13113,訪問介護アスター,特定非営利活動法人アスター,非営利法人（NPO）,1371303734,東京都渋谷区代々木２－３６－１０アドウェル代々木２０６,03-6276-8412,2020-10-01,,平日・土曜日・日曜日・祝日,,https://regene.themedia.jp/,35.684611000000000,139.697318100000000
訪問介護,渋谷区,13113,訪問介護　パールケア原宿,社会福祉法人パール,社会福祉法人（社協以外）,1371303775,東京都渋谷区神宮前２－３０－７　パレドール原宿４０３,03-6805-0023,2021-04-01,,平日・土曜日・祝日,,http://www.shibuya-pearl.or.jp,35.674166900992596,139.709219759002650
訪問介護,渋谷区,13113,あららぎ,有限会社天山堂,営利法人,1371303916,東京都渋谷区幡ヶ谷２－３１－３,03-5333-1590,2022-10-01,,平日・土曜日・日曜日・祝日,,,35.675810199999990,139.670897499999970
訪問介護,渋谷区,13113,ケアリッツ千駄ヶ谷,株式会社ケアリッツ・アンド・パートナーズ,営利法人,1371303932,東京都渋谷区千駄ヶ谷５－３－１４ＧｒｅｅｎＰａｒｋ１階,03-5315-0411,2023-01-01,,平日・土曜日・日曜日・祝日,,https://www.careritz.co.jp/station/branch/sendagaya/,35.682360109184970,139.708330014426740
訪問介護,渋谷区,13113,かなりや訪問介護ステーション,株式会社セレッソ,営利法人,1371304039,東京都渋谷区神泉町９－１２カサ・デ・チェ―ロ５０１,03-6824-8463,2023-12-01,,平日・土曜日・日曜日・祝日,,https://care.shibuya-canary.com/,35.656664000000000,139.692247000000000
訪問介護,渋谷区,13113,合同会社Ｕサポート,合同会社Ｕサポート,営利法人,1371304054,東京都渋谷区本町５－２１－２レオパレス幡ヶ谷第二　１０１号,03-5309-2414,2024-06-01,,平日,,https://www.usuppout.com,35.684569099999990,139.676232800000000
訪問介護,渋谷区,13113,夏への扉,株式会社春の花,営利法人,1371304062,東京都渋谷区西原３－４４－１２西原パークマンション１０２,03-5738-8316,2024-07-01,,平日・土曜日・日曜日・祝日,6,,35.671643800000000,139.677688200000000
訪問介護,渋谷区,13113,訪問介護事業所榮福ケア,株式会社榮福ケア,営利法人,1371304070,東京都渋谷区恵比寿西２－７－９,03-6433-7970,2024-08-01,,,,https://eifukugroup.com/,35.650484100000000,139.707021900000000
訪問介護,渋谷区,13113,訪問介護　みやび,フォース株式会社,営利法人,1371304088,東京都渋谷区初台１－４５－２プライムメゾン初台６０１,03-4400-2775,2024-09-01,,平日・土曜日・日曜日・祝日,,,35.680969700000000,139.688461500000000
訪問介護,渋谷区,13113,ラン,株式会社ウエスト,営利法人,1371304096,東京都渋谷区広尾１－１１－５朝日広尾マンション８０６,03-6721-6814,2024-11-01,,平日・土曜日・日曜日・祝日,,,35.648258962236520,139.716013493240350
訪問介護,渋谷区,13113,エンプレシャス代々木,株式会社エンプレシャス,営利法人,1371304104,東京都渋谷区代々木３－３３－１０メゾンヨーラク２０３号室,03-6258-4711,2025-01-01,,,,https://www.enprecious.net/,35.683236799999996,139.691975000000000
訪問介護,渋谷区,13113,介護事業所オルカ,株式会社オルカ,営利法人,1371304112,東京都渋谷区千駄ヶ谷５－２１－８代々木第１０下田ビル４階,03-6820-5857,2025-04-01,,,10,https://orcacare.co.jp/,35.682619500000000,139.704400300000000
訪問介護,渋谷区,13113,ユースタイルケア　神宮　訪問介護,ユースタイルラボラトリー株式会社,営利法人,1371304120,東京都渋谷区初台２－５－２１初台富士ハイツ１０４号室,05017227116,2025-04-01,,,,,,
訪問介護,渋谷区,13113,ＭＵＬ　ＣＡＲＥ　ＢＲＡＮＣＨ,株式会社ＭＵＬ,営利法人,1371304138,東京都渋谷区幡ヶ谷３－６８－４,07093181674,2025-11-01,,平日,,,35.681500600000010,139.672337800000000
訪問介護,渋谷区,13113,訪問介護　お夢すび,合同会社ｍｋｓ,営利法人,1371304146,東京都渋谷区神泉町７－１０冨士ビル３０５号室,03-6455-0084,2026-04-01,,,,,,
訪問介護,渋谷区,13113,ぷらっと・なかよし,特定非営利活動法人渋谷なかよしぐるーぷ,非営利法人（NPO）,1371304153,東京都渋谷区西原２－３６－７,07056494662,2026-08-01,,,,,,
訪問介護,渋谷区,13113,くんちゃんず訪問介護事業所,有限会社くんちゃんず,営利法人,1371905082,東京都渋谷区本町４－１８－１萩原ビル２階,03-6789-2002,2005-11-01,,平日・土曜日・祝日,30,http://www.ekaigo.co/,35.688208757218960,139.680341434208460
訪問介護,中野区,13114,訪問介護事業所　ｃｅｒｔｏ,ＫＡＬＭＡ合同会社,営利法人,1370407262,東京都中野区東中野４－２７－３８サンパレス東中野２０３,03-6677-2281,2024-05-01,,平日,,,35.701481200000020,139.691755600000000
訪問介護,中野区,13114,ニチイケアセンター中野本町,株式会社ニチイ学館,営利法人,1371400357,東京都中野区本町４－４－１８,03-5342-3762,1999-12-01,,平日・土曜日・日曜日・祝日,10,http://www.nichiigakkan.co.jp,35.696061200000000,139.673913099999940
訪問介護,中野区,13114,ニチイケアセンター野方,株式会社ニチイ学館,営利法人,1371400381,東京都中野区野方４－２１－４オービスビル４F,03-5345-5069,1999-12-01,,平日・土曜日・日曜日・祝日,,http://www.nichiigakkan.co.jp,35.720874800000020,139.653982899999960
訪問介護,中野区,13114,ニチイケアセンター中野,株式会社ニチイ学館,営利法人,1371400399,東京都中野区上高田２－４６－６,03-5318-1780,1999-12-01,,平日・土曜日・日曜日・祝日,,http://www.nichiigakkan.co.jp,35.712292600000000,139.669173799999950
訪問介護,中野区,13114,中野区福祉サービス事業団　ヘルパーステーション中野,社会福祉法人中野区福祉サービス事業団,社会福祉法人（社協以外）,1371400621,東京都中野区沼袋１－３４－６サンハイツ戸倉１階,03-5318-0533,2000-02-01,,平日・土曜日・日曜日・祝日,,https://www.nakano-fj.jp/,35.720006864592510,139.664827624198070
訪問介護,中野区,13114,社会医療法人社団　健友会　ヘルパーステーションほっと,社会医療法人社団健友会,医療法人,1371400639,東京都中野区中野５－４４－５石井メゾン１０３,03-3386-8610,2000-02-01,,平日・土曜日・日曜日・祝日,10,http://www.kenyu-kai.or.jp,35.708562400000020,139.667298999999960
訪問介護,中野区,13114,在宅サポートセンター　クローバー,株式会社タフィ,営利法人,1371400779,東京都中野区鷺宮４－３７－１４七十七ビル４階,03-5327-6071,2000-04-01,,平日・土曜日・日曜日・祝日,,http://www.taffystyle.com,35.725474100000000,139.638070299999980
訪問介護,中野区,13114,ケア・アカデミー葉っぱのフレディ,株式会社ケア・アカデミー葉っぱのフレディ,営利法人,1371400886,東京都中野区東中野５－１－１　ユニゾンモール３Ｆ,03-3361-2297,2000-07-01,,平日,,http://happa.co.jp,35.706654800000000,139.687136700000000
訪問介護,中野区,13114,たんぽぽ介護,株式会社アスモ,営利法人,1371401041,東京都中野区新井１－２６－４－２Ｆ,03-5318-5731,2001-03-01,,平日・土曜日・日曜日・祝日,,http://www.asumo-kaigo.jp,35.712208367066330,139.665884611045040
訪問介護,中野区,13114,みつ葉訪問介護事業所,有限会社クローバー介護サービス,営利法人,1371401348,東京都中野区本町３－８－１５矢崎コープ１０１,03-5304-0177,2002-10-01,,平日・土曜日・祝日,110,,35.694132400000015,139.676650300000030
訪問介護,中野区,13114,ハナ・ケアサービス,有限会社　ハナ・ケアサービス,営利法人,1371401447,東京都中野区新井一丁目６番４号　明和ハイム中野１階,03-5318-2605,2003-03-01,,平日・土曜日・日曜日・祝日,5,https://hana-careservice.com/,35.710106700000000,139.667704500000000
訪問介護,中野区,13114,ＮＰＯ　ヘルパーステーション　中野の郷,特定非営利活動法人モンドラゴン中野の郷,非営利法人（NPO）,1371401702,東京都中野区弥生町２－５２－４城西弥生町マンション１０６,03-3384-6881,2003-05-01,,平日・土曜日・祝日,50,http://www.nakanonosato.jp,35.690685700000020,139.669544299999980
訪問介護,中野区,13114,テルウェル東日本　中野介護センタ,テルウェル東日本株式会社,営利法人,1371401793,東京都中野区弥生町３－３０－１加藤ビル１階,03-3375-7903,2003-07-01,,平日・土曜日・日曜日・祝日,,http://www.telwel-east.co.jp/kaigo/,35.688078800000000,139.673535600000040
訪問介護,中野区,13114,ケア２１　中野,株式会社ケア２１,営利法人,1371401900,東京都中野区江古田４－３０－３岡村ビル２階,03-5343-7937,2004-02-01,,平日・土曜日・日曜日・祝日,,,35.724007306905754,139.662523630888330
訪問介護,中野区,13114,ハート介護サービス中野,株式会社ハート介護サービス,営利法人,1371401959,東京都中野区中央３－５０－９ワタナベセカンドビル4階,03-6304-0615,2004-03-01,,平日・土曜日・日曜日・祝日,,http://www.media-web.co.jp/heart/,35.702238327324764,139.673132950501750
訪問介護,中野区,13114,ケアサポートモモ,有限会社　ケアサポートモモ,営利法人,1371402023,東京都中野区中央３－３９－３,03-3380-2310,2004-05-01,,平日・土曜日・日曜日・祝日,,http://www.momokaigo.jp/,35.699171900000000,139.672082500000000
訪問介護,中野区,13114,やさしい手中野南口訪問介護事業所,株式会社やさしい手,営利法人,1371402262,東京都中野区中野中央３－５０－９ワタナベセカンドビル２階,05017520657,2005-06-01,,平日・土曜日・日曜日・祝日,5,https://search.yasashiite.com/detail/homonkaigo_nakanominamiguchi/,35.702199300000000,139.673137799999950
訪問介護,中野区,13114,ふくろうサポート,株式会社ふくろうサポート,営利法人,1371402270,東京都中野区沼袋４－２７－１２,03-3389-2963,2005-06-01,,平日・土曜日・日曜日・祝日,,http://www.maroon.dti.ne.jp/fukurou-support,35.722147100000000,139.662510000000000
訪問介護,中野区,13114,あおば,特定非営利活動法人あおば,非営利法人（NPO）,1371402668,東京都中野区本町三丁目５番４号メゾンシルクロード１階,03-5358-8200,2006-08-01,,平日・土曜日・日曜日・祝日,,http://www.npo-aoba.or.jp/,35.693635107665685,139.675529415850040
訪問介護,中野区,13114,グリーンケア中野,株式会社アクトライフ,営利法人,1371402965,東京都中野区弥生町２－３１－９朝日プラザ中野弥生町１Ａ,03-5342-5351,2007-11-01,,平日・土曜日・日曜日・祝日,,,35.691300600000000,139.673371600000000
訪問介護,中野区,13114,介護ステーション　ぽけっと,松野株式会社,営利法人,1371403013,東京都中野区中野２－１２－１５中野リハイム２０３号,03-5342-3450,2008-02-01,,平日・土曜日・日曜日・祝日,,http://www.pocket-kaigo.com/,35.705092376433070,139.668344557285300
訪問介護,中野区,13114,Ｃｕｒｅステーション　スマイル,株式会社ヒロ・コーポレーション,営利法人,1371403039,東京都中野区東中野４－２３－１　グリーンハイムＫ１０１,03-5332-3558,2008-03-01,,平日・土曜日・日曜日・祝日,,,35.709218400000000,139.687467100000050
訪問介護,中野区,13114,ＮＰＯピクニックケア,特定非営利活動法人ピクニックケア,非営利法人（NPO）,1371403187,東京都中野区新井１－２－２６,03-5942-4902,2008-10-01,,平日・祝日,,https://ja-jp.facebook.com/npopicniccare/,35.710726900000000,139.669663900000000
訪問介護,中野区,13114,ヘルパーステーション江古田の森,社会福祉法人南東北福祉事業団,社会福祉法人（社協以外）,1371403229,東京都中野区江古田３－１４－１９,03-5318-3729,2009-05-01,,平日・土曜日・祝日,,http://www.kaigo-egota.com,35.729588000000010,139.665365000000060
訪問介護,中野区,13114,ケアリッツ　中野,株式会社ケアリッツ・アンド・パートナーズ,営利法人,1371403286,東京都中野区新井１－１８－４寺沢ハイツ１階,03-3228-6601,2009-08-01,,平日・土曜日・日曜日・祝日,,https://www.careritz.co.jp/station/branch/nakano/,35.711452947544444,139.669352990108900
訪問介護,中野区,13114,日本リック訪問介護中野南事業所,日本リック株式会社,営利法人,1371403609,東京都中野区弥生町４－２２－４,03-5328-2631,2011-02-01,,平日・土曜日・日曜日・祝日,160,http://www.rickcare.jp/,35.686606700000020,139.670719299999970
訪問介護,中野区,13114,ケアセンター希,株式会社ローズ倶楽部,営利法人,1371403617,東京都中野区中野３－４０－２９－２０３,03-5342-2911,2011-02-01,,平日・土曜日・日曜日・祝日,,,35.704868200000000,139.663680000000000
訪問介護,中野区,13114,日本リック訪問介護中野北事業所,日本リック株式会社,営利法人,1371403724,東京都中野区江古田２－１９－８両国凮月堂ビル１０１号室,03-3228-5072,2011-07-01,,平日・土曜日・日曜日・祝日,,http://www.rickcare.jp,35.726989108622170,139.665630991423770
訪問介護,中野区,13114,あけぼの介護センター,ケアゲート株式会社,営利法人,1371403740,東京都中野区中野１－５０－３ベニツル中野ビル２階,03-6908-8888,2011-07-01,,平日・土曜日・日曜日・祝日,5,http://www.caregate.co.jp/,35.702410716441470,139.674035972885040
訪問介護,中野区,13114,アシストセンター「ねこの手」,特定非営利活動法人ねこの手,非営利法人（NPO）,1371404045,東京都中野区東中野１－３８－１２コーポ光１０１,03-3360-4460,2012-06-01,,平日,,https://npo-nekonote.org/,35.704423506295555,139.686529815344240
訪問介護,中野区,13114,コープみらい　中野介護センター,生活協同組合コープみらい,生協,1371404201,東京都中野区中央５－４１－１８東京都生協連会館４階,03-3382-5691,2013-03-21,,平日・土曜日・日曜日・祝日,100,http://mirai.coopnet.or.jp/,35.702256866691740,139.665872741664100
訪問介護,中野区,13114,介護事業所めだか,特定非営利活動法人中野の介護と福祉を考える会,非営利法人（NPO）,1371404276,東京都中野区新井３－１－１１パールシオンＢ１号室,03-5380-7021,2013-04-01,,,,,35.714427100000016,139.665803600000000
訪問介護,中野区,13114,ユースタイルケア　東京　重度訪問介護,ユースタイルラボラトリー株式会社,営利法人,1371405083,東京都中野区中央１－３５－６レッチフィールド中野坂上ビル３Ｆ,05031887708,2015-10-01,,平日・土曜日・日曜日・祝日,130,https://eustylelab.co.jp/,35.696863600000000,139.684816200000000
訪問介護,中野区,13114,あけぼの介護センター中野南,ケアゲート株式会社,営利法人,1371405091,東京都中野区本町５－３８－１１ユニテ中野１０２,03-6382-7907,2015-10-01,,平日,,,35.692447000000000,139.668667200000000
訪問介護,中野区,13114,こころ訪問介護,ハート＆ハート合同会社,営利法人,1371405216,東京都中野区江古田１－２７－４翠雲荘１０１,03-6908-1017,2016-04-01,,,,http://www.hartcocoro.info/,35.725891100000000,139.670526400000000
訪問介護,中野区,13114,サポートたすけあい,特定非営利活動法人ポタジエの会,非営利法人（NPO）,1371405224,東京都中野区野方５－２６－７,03-5356-8225,2016-04-01,,,,,,
訪問介護,中野区,13114,東京海上日動みずたま介護ＳＴ中野,東京海上日動ベターライフサービス株式会社,営利法人,1371405349,東京都中野区丸山１－４－４マンション窪寺１階,03-6775-3935,2016-07-01,,平日・土曜日・日曜日・祝日,,https://www.tnbls.co.jp/mizutama/stations/nakano/,35.722903700000000,139.655959499999970
訪問介護,中野区,13114,株式会社ごせい野方ケアステーション,株式会社五生,営利法人,1371405380,東京都中野区若宮１－５５－１０若宮緑館１０１,03-5364-9425,2016-08-01,,平日・祝日,,http://go-sei.com/,35.720458226698454,139.649917671793000
訪問介護,中野区,13114,スギコーケアセンター野方,スギコー株式会社,営利法人,1371405422,東京都中野区野方５－３４－３カーサ沙羅１Ｆ,03-3310-4485,2016-10-01,,平日・土曜日・祝日,,http://sugiko-welfare.com/,35.720255400000000,139.650469299999940
訪問介護,中野区,13114,ユースタイルケア　新中野　訪問介護,ユースタイルラボラトリー株式会社,営利法人,1371405521,東京都中野区中央４－２４－１３ＴＭハウス中野１０１号室,05031603998,2017-09-01,,平日・土曜日・日曜日・祝日,,,35.700653498895280,139.669019699598200
訪問介護,中野区,13114,あくとケア　中野,株式会社ＳＯＬ,営利法人,1371405570,東京都中野区新井１－３６－２菅沼ビル　２０２号室,03-5318-5645,2017-12-01,,平日・土曜日・日曜日・祝日,5,https://actcare.jp/,35.713084200000000,139.667790500000020
訪問介護,中野区,13114,ケアリッツ中野坂上,株式会社ケアリッツ・アンド・パートナーズ,営利法人,1371405646,東京都中野区中央１－４３－１５マンションＶＩＰ中野坂上２０６,03-5937-5761,2018-06-01,,平日・土曜日・日曜日・祝日,,https://www.careritz.co.jp/station/branch/nakanosakaue/,35.699498343617190,139.683311709192600
訪問介護,中野区,13114,ホームケア野方,ＡＬＳＯＫらいふケア株式会社,営利法人,1371405653,東京都中野区野方６－６－２サンクリバージュ野方　地上１階,03-5327-3930,2018-07-01,,平日・土曜日・日曜日・祝日,200,https://www.life-silver.com/life-silver/facility/houmonnogata/,35.720602600000040,139.653391300000070
訪問介護,中野区,13114,おおきなき野方,株式会社日本エルダリーケアサービス,営利法人,1371405810,東京都中野区野方３－２５－８ＣＡＳＡ　ＶＩＶＡ　Ｂ１Ｆ,03-5318-6790,2019-04-01,,平日・土曜日・日曜日・祝日,120,http://www.elderly.jp/,35.718489400000000,139.654435199999970
訪問介護,中野区,13114,ニチイケアセンターかみさぎ,株式会社ニチイ学館,営利法人,1371405935,東京都中野区上鷺宮５－８－５ベル・ヴィベール１０１,03-5987-7008,2019-12-01,,平日・土曜日・日曜日・祝日,,http://www.nichiigakkan.co.jp,35.727416200000000,139.627185899999970
訪問介護,中野区,13114,ケアリッツ鷺ノ宮,株式会社ケアリッツ・アンド・パートナーズ,営利法人,1371405943,東京都中野区若宮２－４０－１３サンハイツ中野１０１,03-5327-8518,2020-02-01,,平日・土曜日・日曜日・祝日,,https://www.careritz.co.jp/station/houmon-saginomiya/,35.716384609455360,139.643415351537930
訪問介護,中野区,13114,中野ふれあいサービス,一般社団法人ふれあい,社団・財団,1371406115,東京都中野区本町１－２－１２,03-6276-0172,2021-07-01,,,,,,
訪問介護,中野区,13114,日本リック総合支援事業所　りんく野方,日本リック株式会社,営利法人,1371406180,東京都中野区野方５－２９－１０アネックスノガタ１階,03-5356-8993,2022-02-01,,平日,,https://www.rickcare.jp/,35.719112343590254,139.652833274239700
訪問介護,中野区,13114,ミンガラーバ,ＺＥＵＳＪＡＰＡＮ株式会社,営利法人,1371406206,東京都中野区上高田２－１６－１５－３０６,03-5343-9322,2022-11-01,,,,,,
訪問介護,中野区,13114,ケアリッツ新中野,株式会社ケアリッツ・アンド・パートナーズ,営利法人,1371406222,東京都中野区本町２－１３－６コートシルバーストーン１０１,03-6382-4831,2022-12-01,,平日・土曜日・日曜日・祝日,,https://www.careritz.co.jp/station/branch/shinnakano/,35.694886461495050,139.677781671143920
訪問介護,中野区,13114,ホームケア中野,ＡＬＳＯＫらいふケア株式会社,営利法人,1371406297,東京都中野区中野５－３２－５神谷ビル２０１号,03-5942-8681,2023-10-01,,平日・土曜日・日曜日・祝日,,,35.706335300000000,139.667733800000000
訪問介護,中野区,13114,合同会社つかさ介護ヘルパー事業所,合同会社つかさ介護ヘルパー事業所,営利法人,1371406321,東京都中野区本町５－１３－６シャトレ中野新橋４０４号室,03-6382-5459,2024-02-01,,平日・土曜日・日曜日・祝日,,,35.692405300000000,139.672215600000000
訪問介護,中野区,13114,ＡＬＳＯＫヘルパーステーション中野,ＡＬＳＯＫ介護株式会社,営利法人,1371406370,東京都中野区若宮１－２８－１３,03-5364-0560,2024-09-01,,平日・土曜日・日曜日・祝日,,,35.719343199999980,139.650489900000000
訪問介護,中野区,13114,エイプレイス中野,株式会社エイプレイス,営利法人,1371406404,東京都中野区中野５－２４－１８クロス・スクエアＮＡＫＡＮＯ　９０１号室,03-5318-2550,2025-01-01,,平日・土曜日・日曜日・祝日,,https://www.a-place.co.jp/,35.709637400000000,139.669404799999970
訪問介護,中野区,13114,美優城ライフサポート株式会社,美優城ライフサポート株式会社,営利法人,1371406446,東京都中野区丸山２－３－１４ライフピアプランタン２０３,08051808359,2025-04-01,,平日・土曜日・日曜日・祝日,,,35.723138900000010,139.653023900000000
訪問介護,中野区,13114,日本リック総合支援事業所　りんく中野,日本リック株式会社,営利法人,1371406453,東京都中野区中央４－２１－１８コリンズ１４ビル１階,03-6382-8622,2025-04-01,,平日・土曜日・日曜日・祝日,,http://www.rickcare.jp,35.700062500000000,139.670830400000030
訪問介護,中野区,13114,ハピフル訪問介護　新中野,合同会社ＢＥＳＴＬＩＦＥ,営利法人,1371406461,東京都中野区本町５－４８－７ニューウェルハイツ中野３０４,07012918495,2025-04-01,,,,,35.693811700000000,139.667650600000000
訪問介護,中野区,13114,訪問介護フリージア,合同会社フリースタイル,営利法人,1371406529,東京都中野区中野３－５０－１４－２０３号室,08036808853,2025-11-01,,平日・土曜日・日曜日・祝日,,,35.705375000000000,139.658906500000000
訪問介護,中野区,13114,サンウェルズ中野白鷺ヘルパーステーション,株式会社サンウェルズ,営利法人,1371406560,東京都中野区白鷺２－１４－１２,03-3310-1252,2026-02-01,,平日・土曜日・日曜日・祝日,,https://sunwels.jp/pdh/facility/pdhouse-nakanoshirasagi/,35.718136000000000,139.631691100000000
訪問介護,中野区,13114,医心館　訪問介護ステーション　鷺ノ宮,株式会社アンビス,営利法人,1371406594,東京都中野区鷺宮３－１４－９,03-6383-0352,2026-05-01,,,,,,
訪問介護,杉並区,13115,有限会社　メディカル・ケアサポートツウェンティワン,有限会社メディカル・ケアサポートツウェンティワン,営利法人,1370401349,東京都杉並区井草１－６－１０ヒガシビル１Ｆ,03-5303-5221,2001-06-01,,平日・土曜日・日曜日・祝日,,http://www.mcs21.co.jp,35.724939403598380,139.623285565245280
訪問介護,杉並区,13115,ディーケア,ディーケア株式会社,営利法人,1371402692,東京都杉並区下井草１丁目１番１８号　シーダエム阿佐ヶ谷１階Ｃ号,03-5327-4701,2006-09-01,,,,,,
訪問介護,杉並区,13115,ニチイケアセンター荻窪,株式会社ニチイ学館,営利法人,1371500271,東京都杉並区荻窪１－１５－１３,03-5349-8975,2000-02-01,,平日,,http://www.nichiigakkan.co.jp,35.694237852132105,139.622013465251140
訪問介護,杉並区,13115,ベストサポート杉並　ヘルパーステーション,株式会社ベストサポート日本橋,営利法人,1371500453,東京都杉並区荻窪５－２９－２０パシフィックアークビル７階,03-3398-3576,1999-12-01,,平日・土曜日・日曜日・祝日,,http://www.b-s-n.com,35.703218099999994,139.621730800000020
訪問介護,杉並区,13115,ニチイケアセンター井荻,株式会社ニチイ学館,営利法人,1371500792,東京都杉並区上井草１－３１－２　金剛山ビル２階,03-5311-4706,2000-03-01,,平日,5,http://www.nichiigakkan.co.jp,35.724578577506140,139.613862293848480
訪問介護,杉並区,13115,ブース記念訪問介護ステーション　ルツ・ナオミ,社会福祉法人救世軍社会事業団,社会福祉法人（社協以外）,1371500909,東京都杉並区和田１－４１－２５,03-5342-3840,2000-04-01,,平日・土曜日・祝日,,http://grace.salvationarmy.or.jp/,35.691797400000000,139.660036399999970
訪問介護,杉並区,13115,やさしい手荻窪訪問介護事業所,株式会社やさしい手,営利法人,1371501493,東京都杉並区上荻１－１６－１６喜屋ビル４Ｆ,05017517196,2001-08-01,,平日・土曜日・日曜日・祝日,,http://www.yasashiite.com,35.705470500000000,139.618889299999980
訪問介護,杉並区,13115,ケアプランニング結い杉並,有限会社ケアプランニング結い,営利法人,1371501568,東京都杉並区成田東５－４２－２グランシャリオ１Ｆ,03-5305-0882,2001-10-01,,平日・土曜日・日曜日・祝日,,http://www.careyui.com,35.698693600000000,139.635032499999960
訪問介護,杉並区,13115,特定非営利活動法人　ともしび会　ヘルパーステーション「えん」,特定非営利活動法人ともしび会,非営利法人（NPO）,1371501816,東京都杉並区和田１－１２－２０,03-6382-5775,2002-06-01,,平日・祝日,,,35.690178200000000,139.661847500000020
訪問介護,杉並区,13115,ウォームハート杉並,株式会社クールヘッド,営利法人,1371502194,東京都杉並区上井草３－１７－２４,03-3335-5690,2003-03-01,,平日・土曜日・日曜日・祝日,,https://www.coolhead.co.jp/,35.720816076027380,139.605281046536670
訪問介護,杉並区,13115,ハッピーサービス,有限会社ハッピーサービス,営利法人,1371502368,東京都杉並区和泉４－４７－２５メゾンディ松山２０３号室,03-5305-3347,2003-05-01,,平日・土曜日・日曜日・祝日,,http://www.happyservices.jp/,35.682820021503810,139.654085201913400
訪問介護,杉並区,13115,有限会社　堀ノ内　ケアサービス,有限会社　堀ノ内　ケアサービス,営利法人,1371502509,東京都杉並区堀ノ内三丁目２番１３号　妙光堂ビル１階,03-3311-1722,2003-09-01,,平日・土曜日・日曜日・祝日,,,35.691561100000010,139.653417499999930
訪問介護,杉並区,13115,特定非営利活動法人在宅介護福祉センター浜田山,特定非営利活動法人在宅介護福祉センター浜田山,非営利法人（NPO）,1371502632,東京都杉並区成田西３丁目３番２５号,03-3315-3031,2003-11-01,,平日・土曜日,60,,35.692047000000000,139.632274700000040
訪問介護,杉並区,13115,ユニバーサル介護センター永福,有限会社さかのケアサービス,営利法人,1371502673,東京都杉並区永福３－２１－４,03-3325-8676,2003-12-01,,平日・土曜日・日曜日・祝日,60,http://www.sakano-cs.jp/,35.675726500000000,139.635036300000020
訪問介護,杉並区,13115,ホームヘルパーステーションすぎなみ正吉苑,社会福祉法人正吉福祉会,社会福祉法人（社協以外）,1371502970,東京都杉並区清水２－１５－２４,03-5303-5822,2004-04-01,,平日・土曜日・日曜日・祝日,,http://www.shoukichi.org,35.714277800000000,139.617794700000000
訪問介護,杉並区,13115,ケアサポート　かすみ草,特定非営利活動法人かすみ草,非営利法人（NPO）,1371503143,東京都杉並区和泉３－２２－１５グランヴェール和泉１０１,03-6265-7991,2004-06-01,,平日・土曜日・日曜日・祝日,10,https://www.kasumiso.org,35.677812700000004,139.647740900000030
訪問介護,杉並区,13115,浴風会ヘルパーステーション,社会福祉法人浴風会,社会福祉法人（社協以外）,1371503796,東京都杉並区高井戸西１－１２－１,03-3334-2284,2005-06-01,,平日・土曜日・日曜日・祝日,80,http://www.yokufuukai.or.jp,35.680386500000000,139.609904700000010
訪問介護,杉並区,13115,ひゅーまんネット,社会福祉法人同愛会,社会福祉法人（社協以外）,1371503911,東京都杉並区方南１－３－４,03-6304-7440,2005-08-01,,,,,,
訪問介護,杉並区,13115,リリーケアセンター,有限会社リリー,営利法人,1371503994,東京都杉並区高井戸西１－３３－１８ウィンドスクェア３０２,03-5336-3788,2005-12-01,,平日・土曜日,4,,35.683786100000000,139.608676999999940
訪問介護,杉並区,13115,さわやかケア荻窪・訪問介護,ウエルシアパートナーズ株式会社,営利法人,1371504984,東京都杉並区荻窪５－２３－３富士興産ビル２１０号室,03-5347-0612,2007-09-01,,平日・土曜日・日曜日・祝日,,https://www.welcia-partners.co.jp/,35.703156900000000,139.616942300000000
訪問介護,杉並区,13115,ビーステップ井草,株式会社ビーステップ,営利法人,1371505262,東京都杉並区井草５－１０－２２,03-5311-0791,2008-05-01,,平日・土曜日・祝日,,https://bestep.co.jp,35.725898332947090,139.607894627647400
訪問介護,杉並区,13115,ネオケアパートナー,株式会社シニアーズサポート,営利法人,1371505569,東京都杉並区久我山５－３０－４ロータス久我山２０２,03-3333-3014,2009-05-01,,平日・土曜日・日曜日・祝日,,,35.688238400000000,139.604535500000000
訪問介護,杉並区,13115,のぞみケアサービス,株式会社希望,営利法人,1371505684,東京都杉並区梅里２－４０－１６横山ビル,03-5305-8061,2009-09-01,,,,,35.697779800000000,139.639529400000010
訪問介護,杉並区,13115,シニアヘルプ　友愛,特定非営利活動法人ＮＰＯ友愛サポートセンター,非営利法人（NPO）,1371505973,東京都杉並区高円寺南３－４４－２０マウンテンハイツ１０５号,03-5307-6790,2010-04-01,,平日・土曜日・日曜日・祝日,,http://npo-yuuai-support.com/company.html,35.703290187369280,139.647423871468000
訪問介護,杉並区,13115,さくら・介護ステーション方南,株式会社ユニティアンドプレジャー,営利法人,1371506559,東京都杉並区方南１－３７－４ひらかわ荘２０２,03-5355-1601,2011-06-01,,平日,1,,35.678522156111676,139.661405936245730
訪問介護,杉並区,13115,株式会社　ソレイユ,株式会社ソレイユ,営利法人,1371506690,東京都杉並区高円寺南２－３５－１５花月第一ビル３Ｆ,03-5929-7337,2011-09-01,,平日,,,35.699192500000000,139.654356100000000
訪問介護,杉並区,13115,もりかわ訪問介護,有限会社森川,営利法人,1371507003,東京都杉並区高円寺南４－３－６ヴィラコープ桃園２０２,03-5913-9540,2012-02-01,,平日・土曜日・日曜日・祝日,40,,35.702222187290810,139.652919266882150
訪問介護,杉並区,13115,ひかり介護サービス,有限会社ひかり,営利法人,1371507375,東京都杉並区荻窪５－１７－１１テイジン荻窪スカイレジテル３０４号,03-6682-6860,2012-09-01,,平日・土曜日・日曜日・祝日,2,,35.703725184076650,139.618756902020900
訪問介護,杉並区,13115,そよかぜケア,特定非営利活動法人そよかぜ,非営利法人（NPO）,1371507540,東京都杉並区梅里１－１３－１１メトロ新高円寺マンション１０５号,03-6908-7606,2012-12-01,,平日・土曜日・日曜日・祝日,,https://www.soyokazenpo.org/,35.697745060934650,139.650228674365960
訪問介護,杉並区,13115,ケアサポート　キラリ,イングローブ合同会社,営利法人,1371507995,東京都杉並区和泉２－１６－７和泉町コーポ１０５号,03-6379-2505,2013-08-01,,,,,,
訪問介護,杉並区,13115,エアリケアチーム株式会社,エアリケアチーム株式会社,営利法人,1371508167,東京都杉並区西荻南２－１０－１２サンライズ西荻２０１号,03-5344-9757,2014-02-01,,平日・土曜日・日曜日・祝日,20,http://aerligcareteam.com,35.699620500000000,139.599521800000050
訪問介護,杉並区,13115,ケアステーションにんじん・荻窪ふれあいの家,社会福祉法人にんじんの会,社会福祉法人（社協以外）,1371508381,東京都杉並区荻窪２－２９－３,03-3220-9637,2014-06-01,,平日・土曜日・日曜日・祝日,,http://www.ninjin.or.jp,35.696685804232020,139.618408313786300
訪問介護,杉並区,13115,團ライフ杉並訪問介護事業所,株式会社ＤＷＣＩＴＹ,営利法人,1371508795,東京都杉並区天沼３－３９－８,03-5335-7645,2015-06-01,,平日・土曜日・日曜日・祝日,40,,35.715077299999980,139.615904800000000
訪問介護,杉並区,13115,つむぐケア永福,株式会社つむぐケア,営利法人,1371509033,東京都杉並区永福４－１８－２東宝ビル４Ｆ,03-6338-4722,2016-01-01,,平日・土曜日・日曜日・祝日,40,https://www.tsumugucare.co.jp/,35.679038458092116,139.638662062118580
訪問介護,杉並区,13115,スギコーケアセンター永福町,スギコー株式会社,営利法人,1371509306,東京都杉並区永福４－１９－４安藤ビル３階,03-5355-6446,2016-10-01,,平日・土曜日・祝日,,http://sugiko-welfare.com/,35.679801100000000,139.637097100000000
訪問介護,杉並区,13115,スギコーケアセンター久我山,スギコー株式会社,営利法人,1371509371,東京都杉並区久我山５－６－１６サンメイト久我山,03-5336-6776,2016-10-01,,平日・土曜日・祝日,,http://sugiko-welfare.com,35.687663799999996,139.601911300000000
訪問介護,杉並区,13115,青い鳥,青い鳥合同会社,営利法人,1371509454,東京都杉並区荻窪４－２４－１８荻窪家族レジデンス１０１号室,03-6383-5888,2017-01-01,,平日,,http://aoitori-kaigo.com,35.702062700000010,139.624380600000000
訪問介護,杉並区,13115,山愛　ケアサービス,有限会社山愛,営利法人,1371509645,東京都杉並区西荻北４－２６－１０山愛コーポラス２０３号室,03-6796-9063,2017-08-01,,平日・土曜日・日曜日・祝日,40,,35.708471276431350,139.592246425795000
訪問介護,杉並区,13115,ＳＯＭＰＯケア　杉並　訪問介護,ＳＯＭＰＯケア株式会社,営利法人,1371509710,東京都杉並区阿佐谷南１－１７－１８阿佐谷下田ビル２階,03-5929-8670,2017-12-01,,平日・土曜日・日曜日・祝日,,,35.698790800000005,139.636735199999980
訪問介護,杉並区,13115,ＳＯＭＰＯケア　堀ノ内　訪問介護,ＳＯＭＰＯケア株式会社,営利法人,1371509926,東京都杉並区堀ノ内２－１９－２６,03-5305-5859,2018-07-01,,平日・土曜日・日曜日・祝日,,https://www.sompocare.com,35.687417200000000,139.650520700000010
訪問介護,杉並区,13115,有限会社ビタミンスタジオ,有限会社ビタミンスタジオ,営利法人,1371510155,東京都杉並区清水３－２２－２３,03-5932-3525,2018-11-01,,平日・土曜日・日曜日・祝日,,https://vitamin-studio.drecruiting.jp/,35.717216500000000,139.619967900000000
訪問介護,杉並区,13115,ゆき訪問介護事業所,株式会社マルニタ,営利法人,1371510213,東京都杉並区上荻２－１７－１０－３０２号,03-4285-6046,2019-03-01,,平日・土曜日・日曜日・祝日,,https://www.yukihoumon.com/,35.705441100000000,139.614829300000000
訪問介護,杉並区,13115,おおきなき杉並,株式会社日本エルダリーケアサービス,営利法人,1371510288,東京都杉並区南荻窪４－２９－１０田丸ビル５０３号,03-5941-9884,2019-04-01,,平日・土曜日・日曜日・祝日,,http://www.elderly.jp/,35.702644900000000,139.616293300000050
訪問介護,杉並区,13115,ヘルパーステーションたいせい,株式会社たいせい,営利法人,1371510353,東京都杉並区浜田山３－２４－１１－２０１,03-6379-7424,2019-07-01,,平日・土曜日・日曜日・祝日,,,35.681955500000000,139.628453500000000
訪問介護,杉並区,13115,ニチイケアセンター杉並宮前,株式会社ニチイ学館,営利法人,1371510445,東京都杉並区西荻南２－６－６ロイヤルシティ西荻窪Ⅱ　３０３,03-5336-1220,2019-12-01,,平日,,http://www.nichiigakkan.co.jp,35.698650300000000,139.598062300000040
訪問介護,杉並区,13115,ケアリッツ永福町,株式会社ケアリッツ・アンド・パートナーズ,営利法人,1371510510,東京都杉並区永福２－４２－４シーズ・レジデンス永福町パレス２０６,03-6304-7851,2020-03-01,,平日・土曜日・日曜日・祝日,,https://www.careritz.co.jp/station/branch/eifukucho/,35.675885822222090,139.639286671163940
訪問介護,杉並区,13115,キラッと高井戸訪問介護事業所,株式会社Ｐｒｏｆｅｓｓｉｏｎａｌ,営利法人,1371510569,東京都杉並区高井戸西１－２７－２０,03-5941-3906,2020-06-01,,平日・土曜日・祝日,40,https://www.kiratto.co.jp,35.682346800000000,139.615043800000000
訪問介護,杉並区,13115,ハート＆ハート,ハート＆ハート２１合同会社,営利法人,1371510643,東京都杉並区井草３－７－７－１０１,03-6383-0666,2020-11-01,,,,,,
訪問介護,杉並区,13115,クリエイトケア訪問介護おぎくぼ,一般社団法人いきいき健康クリエイト,社団・財団,1371510874,東京都杉並区南荻窪４－２９－１０田丸ビル４０３号,03-5344-8340,2022-04-01,,平日,40,https://ikcare.or.jp,35.702633200000000,139.616303100000000
訪問介護,杉並区,13115,訪問介護　匠８０,株式会社みらい７２,営利法人,1371511005,東京都杉並区今川２－１－８アサイハウス２０１,03-3397-9255,2022-10-01,,平日・土曜日・日曜日・祝日,,,35.715404500000000,139.610477800000000
訪問介護,杉並区,13115,訪問介護ファミリー・ホスピス代田橋,ファミリー・ホスピス株式会社,営利法人,1371511054,東京都杉並区和泉１－３７－７,03-6265-7261,2022-12-01,,平日・土曜日・日曜日・祝日,25,https://family-hospice.co.jp,35.677670300000010,139.657724300000000
訪問介護,杉並区,13115,マリーゴールドケアステーションａｎｄラボ,株式会社Ｍａｙ,営利法人,1371511138,東京都杉並区西荻北２－６－６ＹＳ西荻３０１,03-6913-6583,2023-04-01,,平日,,https://marigold-may.studio.site/,35.704225300000000,139.603199500000000
訪問介護,杉並区,13115,ヒューマンライフケア阿佐ヶ谷の輪,ヒューマンライフケア株式会社,営利法人,1371511203,東京都杉並区阿佐谷南３－３７－１３大同ビル７０３号,03-3398-2031,2023-08-01,,平日・土曜日・日曜日・祝日,,https://kaigo.human-lifecare.jp/facilities/ft001_Asagaya/summary.html,35.704625999999990,139.635824600000030
訪問介護,杉並区,13115,あけぼの介護センター西荻,ケアゲート株式会社,営利法人,1371511260,東京都杉並区西荻北４－８－８アビタシオン西荻Ａ号,03-6915-0277,2023-11-01,,平日・土曜日・日曜日・祝日,,https://caregate.co.jp/,35.716136300000000,139.614137300000000
訪問介護,杉並区,13115,ケアサポート　Ａｎｎｅ,一般社団法人グリーンゲイブルズ,社団・財団,1371511294,東京都杉並区松庵３－３８－１４ダイヤビルＢ棟２Ｃ号室,03-5941-3920,2023-12-01,,平日・土曜日・日曜日・祝日,3,,35.703102067577420,139.599335908598330
訪問介護,杉並区,13115,スタートケア　高井戸,株式会社ＳＴＡＲＴ,営利法人,1371511344,東京都杉並区高井戸西１－２７－２１月村ビル　１０３,03-5344-9416,2024-02-01,,平日・土曜日・日曜日・祝日,,https://start-care.jp/,35.682191245287820,139.615033864418000
訪問介護,杉並区,13115,ケア２１　久我山,株式会社ケア２１,営利法人,1371511393,東京都杉並区久我山５－２１－６センタービル１０２号室,03-5344-5621,2024-03-01,,平日,,,35.685212800000000,139.607381200000000
訪問介護,杉並区,13115,鶴亀訪問介護　高井戸,株式会社達富,営利法人,1371511427,東京都杉並区高井戸東１－１－６０－２０１,03-6379-8058,2024-04-01,,平日・土曜日・日曜日・祝日,,https://www.tatsuto.jp/,35.676722288137680,139.618767127647400
訪問介護,杉並区,13115,日本リック総合支援事業所　りんく杉並,日本リック株式会社,営利法人,1371511575,東京都杉並区下井草５－１８－６福田屋ビル２０１号室,03-6454-7870,2025-04-01,,平日・土曜日・日曜日・祝日,,http://www.rickcare.jp,35.723588400000000,139.614480799999970
訪問介護,杉並区,13115,訪問介護事業所さんた（杉太）,社会福祉法人杉樹会,社会福祉法人（社協以外）,1371511716,東京都杉並区阿佐谷北１－２－１,03-3338-8630,2026-02-01,,平日,20,https://sanjyukai.jp/santa/,35.705235900000034,139.640500100000000
訪問介護,豊島区,13116,ケアリッツ巣鴨,株式会社ケアリッツ・アンド・パートナーズ,営利法人,1370502658,東京都豊島区南大塚１－３１－１７マイスターＳＹ２０２,03-5981-8107,2013-06-01,,平日・土曜日・日曜日・祝日,,https://www.careritz.co.jp/station/branch/sugamo/,35.731351366033590,139.735650850988780
訪問介護,豊島区,13116,しもとり訪問介護,霜鳥恒産株式会社,営利法人,1370705111,東京都豊島区池袋本町４－８－２－１０１クレスト本町,03-5904-9577,2018-12-01,,平日・土曜日・祝日,,https://www.shimotori-kosan.co.jp,35.740940900000000,139.713037700000000
訪問介護,豊島区,13116,有限会社ホームケアながさき,有限会社ホームケアながさき,営利法人,1371600097,東京都豊島区南長崎５－９－１０　１０１号,03-5988-7377,2000-01-04,,平日・土曜日・祝日,6,https://www.homecare-nagasaki.com/,35.727438427247435,139.682736626770520
訪問介護,豊島区,13116,株式会社　大起エンゼルヘルプ　豊島ケアセンター,株式会社大起エンゼルヘルプ,営利法人,1371600170,東京都豊島区池袋４－１１－４メゾンドール池袋１０１,03-5391-6789,1999-10-01,,平日・土曜日・日曜日・祝日,10,http://www.enzeru.co.jp,35.738665999999990,139.706866499999930
訪問介護,豊島区,13116,株式会社エヌ・テイ豊島,株式会社エヌ・テイ豊島,営利法人,1371600204,東京都豊島区池袋２－７３－１,03-3986-5678,1999-10-01,,平日・土曜日・日曜日・祝日,,http://www.nt-toshima.co.jp,35.736122000000000,139.710219000000050
訪問介護,豊島区,13116,有限会社　あさくらケアハウス　ヘルパーステーション,有限会社あさくらケアハウス,営利法人,1371600428,東京都豊島区南大塚２－４３－４ブロッサム南大塚１Ｆ,03-3941-0047,2000-01-04,,平日・土曜日・日曜日・祝日,200,https://asakura-care.jp/,35.729962200000000,139.729889900000000
訪問介護,豊島区,13116,株式会社グレイス・ケアー,株式会社グレイス・ケアー,営利法人,1371600501,東京都豊島区南池袋４－１６－１１,03-3987-6446,2000-01-04,,平日・土曜日・日曜日・祝日,40,http://www.grace-care.co.jp,35.724685411168820,139.720017208563600
訪問介護,豊島区,13116,ニチイケアセンター豊島,株式会社ニチイ学館,営利法人,1371600691,東京都豊島区池袋４－２７－５和田ビル１階,03-5979-5983,2000-03-01,,平日・土曜日・日曜日・祝日,40,http://www.nichiigakkan.co.jp,35.737955200000000,139.710560600000000
訪問介護,豊島区,13116,バリアフリーサポート巣鴨訪問介護事業所,有限会社バリアフリー・サポート,営利法人,1371600873,東京都豊島区巣鴨２－４－２　岡田ビル７０５,03-5961-3441,2000-04-01,,平日・土曜日・日曜日・祝日,20,,35.734250700000000,139.739203099999940
訪問介護,豊島区,13116,マルシモホームヘルプサービス,有限会社マルシモ,営利法人,1371601574,東京都豊島区南大塚２－３１－１１共栄大塚ビル３階,03-5940-6048,2002-10-01,,平日・土曜日・日曜日・祝日,,https://www.marushimo.co.jp,35.728337400000000,139.732089800000070
訪問介護,豊島区,13116,有限会社　寿晴介護サービス,有限会社　寿晴介護サービス,営利法人,1371601582,東京都豊島区駒込４－８－９,03-5961-3101,2002-10-01,,平日・土曜日・日曜日・祝日,,,35.735136700000000,139.741005800000040
訪問介護,豊島区,13116,ケアリッチ,株式会社ケアリッチ,営利法人,1371601780,東京都豊島区南池袋２－６－１２宮城ビル２Ｆ,03-5396-9911,2003-10-01,,平日・土曜日・日曜日・祝日,,http://www.carerich.co.jp/,35.725190000000000,139.715646699999980
訪問介護,豊島区,13116,サン・ケアセンター,有限会社サン,営利法人,1371601954,東京都豊島区西巣鴨３－１５－１０ＵＫビル２０３,03-3918-3571,2004-04-01,,平日・土曜日・日曜日・祝日,,http://www.sun-care.jp,35.742113700000000,139.729606200000030
訪問介護,豊島区,13116,さくら介護サービス豊島,有限会社さくら介護サービス,営利法人,1371601962,東京都豊島区池袋３－１４－１６,03-5391-1012,2004-05-01,,平日・土曜日・日曜日・祝日,,,35.734999400000000,139.701686500000050
訪問介護,豊島区,13116,やすら木,特定非営利活動法人やすらぎ,非営利法人（NPO）,1371601970,東京都豊島区雑司が谷２－２２－１８－１Ｆ,03-5952-7500,2004-05-01,,平日・土曜日・日曜日・祝日,85,https://yasuragi.lolipop.jp/,35.719271300000000,139.717802200000050
訪問介護,豊島区,13116,アクセスポイント池袋,株式会社アライブ,営利法人,1371602085,東京都豊島区池袋２－５５－１３合田ビル１階,03-5950-0231,2004-08-01,,平日・土曜日・日曜日・祝日,,http://www.access-point.jp,35.733941600000000,139.708010999999940
訪問介護,豊島区,13116,有里サポート有限会社,有里サポート有限会社,営利法人,1371602101,東京都豊島区西池袋４－３２－１ドミール太田１０１,03-6909-3370,2004-08-01,,平日・土曜日・日曜日・祝日,,,35.721084599999990,139.710075200000000
訪問介護,豊島区,13116,ゆきわりそうこの町サービス,社会福祉法人地球郷,社会福祉法人（社協以外）,1371602267,東京都豊島区南長崎６－１９－５ゆきわりそう１階,03-3950-2004,2005-01-01,,平日・土曜日・日曜日・祝日,10,http://www.yukiwari.org,35.729672634465540,139.680155069450400
訪問介護,豊島区,13116,ケアフレンド豊島,有限会社ケアフレンド,営利法人,1371602309,東京都豊島区長崎２－４－９,03-5917-0186,2005-02-01,,平日・土曜日・日曜日・祝日,,http://care-net.biz/13/c-friend/,35.727760700000000,139.690421300000020
訪問介護,豊島区,13116,東京保健生活協同組合介護センター健生豊島,東京保健生活協同組合,生協,1371602572,東京都豊島区雑司が谷３－３－１７　２階,03-5960-0838,2005-05-01,,平日・土曜日・日曜日・祝日,10,http://thoken.or.jp/kishibojin/,35.720421000000000,139.714447000000060
訪問介護,豊島区,13116,ケアステーション　オープラス,有限会社オープラス,営利法人,1371602960,東京都豊島区要町２－４－８　大恵ビル１Ｆ,03-3972-2680,2006-02-01,,平日・土曜日・祝日,,,35.733426900000000,139.693123499999960
訪問介護,豊島区,13116,さわやかケアポートとしま・訪問介護,ウエルシアパートナーズ株式会社,営利法人,1371602994,東京都豊島区北大塚１－１２－１５協同興業北大塚ビル,03-5907-4293,2006-04-01,,平日,,https://www.welcia-partners.co.jp/,35.732248100000000,139.732631399999940
訪問介護,豊島区,13116,株式会社　サン・キューブ,株式会社サン・キューブ,営利法人,1371603117,東京都豊島区南大塚３－２１－８鈴和南大塚マンション１０１,03-3987-5439,2006-08-01,,平日・土曜日・日曜日・祝日,15,https://care-net.biz/13/suncube/,35.729350500000000,139.726262200000000
訪問介護,豊島区,13116,セントケア豊島,セントケア東京株式会社,営利法人,1371603281,東京都豊島区東池袋３－２０－２１広宣ビル２階,03-5953-5030,2007-04-01,,平日・土曜日・日曜日・祝日,,https://www.saint-care.com/tokyo/about/,35.730202000000000,139.720598900000030
訪問介護,豊島区,13116,ソシオケアサービス,ソシオ株式会社,営利法人,1371603356,東京都豊島区西池袋２－３６－１ソフトタウン池袋８０２,03-5958-8828,2007-09-01,,平日・土曜日・日曜日・祝日,,http://care-net.biz/13/sosio/,35.727908700000000,139.706122500000000
訪問介護,豊島区,13116,わたぼうし,株式会社天使堂,営利法人,1371603448,東京都豊島区池袋本町４－２８－１０,03-6907-4306,2008-01-01,,平日・土曜日・日曜日・祝日,10,http://www.tenshidou.com/law.html,35.743266000000000,139.716459900000020
訪問介護,豊島区,13116,日介センター豊島,株式会社日本介護センター,営利法人,1371603521,東京都豊島区要町１－２８－１　２階－Ａ,03-5917-4009,2008-08-01,,平日・土曜日・日曜日・祝日,,http://www.nikkai-center.co.jp,35.729063700000000,139.697070599999960
訪問介護,豊島区,13116,ＡＬＳＯＫヘルパーステーション池袋,ＡＬＳＯＫ介護株式会社,営利法人,1371603653,東京都豊島区池袋２－５５－１２セピア池袋Ⅱ705号,03-5956-2066,2009-07-01,,平日・土曜日・日曜日・祝日,,,35.734095987368015,139.708023906848920
訪問介護,豊島区,13116,ケアリッツ池袋,株式会社ケアリッツ・アンド・パートナーズ,営利法人,1371603919,東京都豊島区池袋３－５８－２１浅井ビル１Ｆ,03-5985-7185,2010-06-01,,平日・土曜日・日曜日・祝日,,https://www.careritz.co.jp/station/branch/ikebukuro/,35.734844200000000,139.707805399999980
訪問介護,豊島区,13116,ハート介護サービス豊島,株式会社ハート介護サービス,営利法人,1371604008,東京都豊島区南長崎５－１０－１３コーポ五郎久保１０１,03-5988-7666,2010-11-01,,平日・土曜日・日曜日・祝日,5,https://www.heartkaigo.jp/,35.726955279766080,139.683374276651760
訪問介護,豊島区,13116,いずみ介護センター本町,株式会社いずみ介護センター,営利法人,1371604461,東京都豊島区池袋本町４－１６－６,03-6410-6647,2013-03-01,,平日・土曜日・日曜日・祝日,,,35.742913100000000,139.713949100000040
訪問介護,豊島区,13116,本町まんぞく介護,株式会社まんぞく介護,営利法人,1371604628,東京都豊島区池袋本町１－４６－５　２Ｆ,03-5954-9878,2013-10-01,,平日・土曜日・日曜日・祝日,10,http://manzokukaigo.com/,35.740532799999990,139.712371500000020
訪問介護,豊島区,13116,訪問介護ステーションすずらん,株式会社カインディア,営利法人,1371604883,東京都豊島区千早２－２８－４ドマーニ千早１０２号室,03-5926-9872,2014-10-01,,平日・土曜日・日曜日・祝日,10,https://kindear-suzuran.com/houmonkaigo,35.733982300000000,139.692165199999980
訪問介護,豊島区,13116,エブリーサポート池袋,株式会社クレオズ,営利法人,1371605161,東京都豊島区要町２－２６－５メゾン池袋要町２０６,03-5926-9187,2015-10-01,,平日・土曜日・日曜日・祝日,20,https://www.everyike.tokyo/,35.736273600000000,139.694400400000000
訪問介護,豊島区,13116,ハート介護サービス池袋,株式会社ハート介護サービス,営利法人,1371605252,東京都豊島区西池袋２－３６－１ソフトタウン池袋８１１,03-5810-2906,2016-02-01,,平日・土曜日・日曜日・祝日,,http://www.heartkaigo.jp,35.728009832053870,139.706170135582000
訪問介護,豊島区,13116,ほほえみケアサービス,社会福祉法人櫻灯会,社会福祉法人（社協以外）,1371605294,東京都豊島区南池袋４－５－１,03-5927-8001,2016-04-01,,平日・土曜日・日曜日・祝日,,http://outoukai.com/,35.721496000000000,139.716696700000060
訪問介護,豊島区,13116,合同会社　Ｋ．すずらん,合同会社Ｋ．すずらん,営利法人,1371605344,東京都豊島区南池袋２－４１－１２,03-6914-2307,2016-10-01,,平日,,,35.725731800000000,139.718724200000000
訪問介護,豊島区,13116,西池袋ホームヘルプサービス,合同会社倭ケアサービス,営利法人,1371605427,東京都豊島区西池袋３－３３－６ＳＨＫビル２階,03-5843-3360,2017-04-01,,平日・土曜日・日曜日・祝日,140,https://care-net.biz/13/nishiike/,35.729939000000000,139.705094799999980
訪問介護,豊島区,13116,ケアリッツ大塚北,株式会社ケアリッツ・アンド・パートナーズ,営利法人,1371605500,東京都豊島区北大塚３－３４－８マイハウス大塚１階,03-6903-7709,2018-05-01,,平日・土曜日・日曜日・祝日,,https://www.careritz.co.jp/station/branch/otsukakita/,35.735111992387610,139.726797912897500
訪問介護,豊島区,13116,ＳＯＭＰＯケア　豊島　訪問介護,ＳＯＭＰＯケア株式会社,営利法人,1371605518,東京都豊島区東池袋５－４４－１５東信東池袋ビル４階,03-5962-0195,2018-07-01,,平日・土曜日・日曜日・祝日,,https://www.sompocare.com,35.727821418046560,139.726584228630100
訪問介護,豊島区,13116,おおきなき豊島,株式会社日本エルダリーケアサービス,営利法人,1371605625,東京都豊島区南大塚３－５１－２　大塚斉藤ビル２０１号室,03-5956-3630,2019-04-01,,平日・土曜日・日曜日・祝日,,http://www.elderly.jp/,35.729508379200570,139.727084042327870
訪問介護,豊島区,13116,くれあ訪問介護,株式会社クレアフューチャー,営利法人,1371605641,東京都豊島区東池袋３－１５－２ライオンズマンション池袋７０８号室,03-5957-7735,2019-05-01,,平日・土曜日・日曜日・祝日,,https://www.crea-future.co.jp/,35.730922000000000,139.718065100000000
訪問介護,豊島区,13116,訪問介護　あすなろ,特定非営利活動法人あすなろの会,非営利法人（NPO）,1371605658,東京都豊島区東池袋１－３６－７アルテール東池袋４１７,03-5981-9466,2019-05-01,,平日・土曜日・日曜日・祝日,,https://asunaro-kaigo.com,35.733063072713960,139.714848833729580
訪問介護,豊島区,13116,リラス訪問介護センター,株式会社フロンティア,営利法人,1371605732,東京都豊島区東池袋１－２３－８東池袋ＩＳＫビル７階,03-4550-1116,2020-04-01,,平日・土曜日・日曜日・祝日,50,https://lilas-kaigo.com,35.729257100000005,139.715571299999970
訪問介護,豊島区,13116,よつばケアセンター,株式会社よつば,営利法人,1371605849,東京都豊島区巣鴨３－３１－２アルカディア篠Ｂ棟３０５,03-5972-1483,2021-07-01,,平日・土曜日・日曜日・祝日,70,https://fourleafclover.jp/,35.734131300000000,139.736881500000000
訪問介護,豊島区,13116,ケアリッツ椎名町,株式会社ケアリッツ・アンド・パートナーズ,営利法人,1371605856,東京都豊島区南長崎２－５－２コレクティフイリデッサン１０１,03-6908-3752,2021-11-01,,平日・土曜日・日曜日・祝日,,https://www.careritz.co.jp/station/branch/shiinamachi/,35.723313512831450,139.690589942327900
訪問介護,豊島区,13116,ケア２１　巣鴨,株式会社ケア２１,営利法人,1371605880,東京都豊島区巣鴨１－２４－３　小島ビル１階,03-5940-0106,2022-03-01,,平日・土曜日・日曜日・祝日,,,35.731354100000000,139.739752200000000
訪問介護,豊島区,13116,ラック訪問介護,株式会社ラック・メディカルサービス,営利法人,1371605930,東京都豊島区南大塚３－４４－１３クレスト南大塚６０２,03-5953-5310,2022-09-01,,平日・土曜日・日曜日・祝日,,http://apln.co.jp/care/,35.729462390189020,139.728965850443250
訪問介護,豊島区,13116,ケアリッツ東池袋,株式会社ケアリッツ・アンド・パートナーズ,営利法人,1371606045,東京都豊島区南池袋４－２０－９サンロードビル４０３,03-5944-9241,2023-11-01,,平日・土曜日・日曜日・祝日,,https://www.careritz.co.jp/station/branch/higashiikebukuro/,35.724289986430160,139.721169122378650
訪問介護,豊島区,13116,星月よ,星月よ合同会社,営利法人,1371606060,東京都豊島区池袋２－５６－１－４０６号,03-6338-0510,2024-02-01,,平日,10,,35.734532099999996,139.708190199999960
訪問介護,豊島区,13116,東池袋桑の実園ヘルパーステーション,社会福祉法人桑の実園福祉会,社会福祉法人（社協以外）,1371606086,東京都豊島区東池袋５－３９－１８,03-5810-3100,2024-04-01,,平日・土曜日・日曜日・祝日,,https://www.kuwanomien.jp/,35.728110099999990,139.725556500000000
訪問介護,豊島区,13116,幸歩,株式会社歩歩,営利法人,1371606110,東京都豊島区東池袋３－１－４メゾンサンシャイン１２１９号室,03-6912-8562,2024-08-01,,平日・土曜日・日曜日・祝日,,http://poppo.work,35.728970900000000,139.719541500000000
訪問介護,豊島区,13116,ユースタイルケア　豊島センター,株式会社ｇｒｏｗｐｌａｃｅ,営利法人,1371606128,東京都豊島区池袋本町３－２６－１２豊島ビル２０１,03-6823-4137,2024-11-01,,平日・土曜日・日曜日・祝日,3,,35.745433000000000,139.713302000000000
訪問介護,豊島区,13116,訪問介護事業所ケアリス,株式会社ＥＺＡＫＩ,営利法人,1371606144,東京都豊島区駒込２－７－１６シェルハウス駒込５０１号,09057967859,2025-03-01,,平日・土曜日・日曜日・祝日,,,35.739477700000000,139.747277700000000
訪問介護,豊島区,13116,いずみ介護センター,株式会社いずみ介護センター,営利法人,1371606177,東京都豊島区西池袋４－２８－１０,03-5926-7897,2025-04-01,,平日・土曜日・日曜日・祝日,,,35.727347200000000,139.698737100000000
訪問介護,豊島区,13116,しずかヘルパーステーション,株式会社ＡｎｙｗｈｅｒｅＤｏｏｒ,営利法人,1371606185,東京都豊島区南大塚１－４６－１８ハイツタカノ　１０５号,03-6912-1929,2025-05-01,,平日・土曜日・日曜日・祝日,,,35.729788200000000,139.732214300000000
訪問介護,豊島区,13116,ネコロボマン訪問介護巣鴨店,株式会社泰規,営利法人,1371606227,東京都豊島区巣鴨１－４０－４メゾン清水１０３,03-6912-1677,2025-09-01,,平日・土曜日・日曜日・祝日,,http://www.necoroboman-taiki.com,35.731250199999990,139.736290200000040
訪問介護,豊島区,13116,訪問介護東駿プランニング,株式会社東駿プランニング,営利法人,1371606250,東京都豊島区池袋本町１－３２－３エルファーロ池袋本町２０１,03-6915-2068,2026-05-01,,,,,,
訪問介護,豊島区,13116,ユースタイルケア　北東京　重度訪問介護,ユースタイルラボラトリー株式会社,営利法人,1371606268,東京都豊島区北大塚２－１７－４大塚キャリアビル５階,05017298177,2026-07-01,,,,,,
訪問介護,豊島区,13116,アースサポート豊島,アースサポート株式会社,営利法人,1371700392,東京都豊島区上池袋１－７－７,03-5974-3400,1999-12-01,,平日・土曜日・日曜日・祝日,,http://www.earthsupport.co.jp,35.734303300000000,139.719198799999960
訪問介護,北区,13117,訪問介護事業所ハートライフ中央,ハートライフ株式会社,営利法人,1370101063,東京都北区赤羽西１－３９－８コーポ遠山２０２,03-5948-9968,2009-12-01,,,,,,
訪問介護,北区,13117,オールワンズハート喜多,株式会社オールワンズハート,営利法人,1371508878,東京都北区王子３－２２－７小宮第１マンション２０３号,03-5959-0381,2015-09-01,,,,,,
訪問介護,北区,13117,宝ケアサービス王子,宝ケア株式会社,営利法人,1371700327,東京都北区王子本町１－２５－１８,03-3908-6811,2000-03-01,,平日・土曜日・日曜日・祝日,,http://www.kaigo-takara.co.jp,35.754370700000000,139.734280400000000
訪問介護,北区,13117,やさしい手　赤羽　訪問介護事業所,株式会社やさしい手,営利法人,1371700590,東京都北区赤羽２－６９－４クリニックプラザ２１　３F,05017521341,1999-12-01,,平日・土曜日・日曜日・祝日,350,http://www.yasashiite.com,35.782555700000000,139.722752600000030
訪問介護,北区,13117,ニチイケアセンター王子,株式会社ニチイ学館,営利法人,1371700772,東京都北区神谷１－９－７　エクステンド王子神谷１階,03-5902-3591,2000-03-01,,平日・土曜日・日曜日・祝日,40,http://www.nichiigakkan.co.jp,35.768758100000000,139.734771400000000
訪問介護,北区,13117,ケアネット神谷,株式会社ケアネット・トキ,営利法人,1371700905,東京都北区東十条４－１３－２山田ビル１０１,03-3914-5528,2000-03-01,,平日・土曜日・日曜日・祝日,7,http://toki-group.co.jp,35.768910600000020,139.732850600000000
訪問介護,北区,13117,有限会社　星ケアーサービス,有限会社星ケアーサービス,営利法人,1371701200,東京都北区田端１－１３－１４,03-3827-7688,2000-10-01,,平日・土曜日・日曜日・祝日,200,,35.732501200000000,139.760565600000060
訪問介護,北区,13117,東京ふれあい・ほほえみヘルパーステーション,東京ふれあい医療生活協同組合,生協,1371701333,東京都北区堀船３－３１－１５ふれあいセンタービル２階,03-5902-7800,2001-04-01,,平日・土曜日,,http://www.fureaico-op.com/,35.751367679530034,139.747991713491840
訪問介護,北区,13117,アイケアセンター赤羽,株式会社ケアフレンド,営利法人,1371701507,東京都北区赤羽西１－２－４ナルミⅠ,03-5963-3963,2001-07-01,,平日・土曜日・日曜日・祝日,,https://aicarecenter.co.jp/,35.775737200000000,139.721058500000030
訪問介護,北区,13117,滝野川ホームヘルプサービス,社会福祉法人新栄会,社会福祉法人（社協以外）,1371701663,東京都北区滝野川２－３２－１２滝野川病院１階,03-5907-2232,2002-02-01,,平日・土曜日・日曜日・祝日,,,35.750535000000000,139.731277999999970
訪問介護,北区,13117,エムエム介護サービス,有限会社エムアンドエムコーポレーション,営利法人,1371701739,東京都北区上十条２－２１－４,03-5963-3777,2002-06-01,,平日・土曜日・日曜日・祝日,120,https://www.emu-and-emu.jp,35.760569700000000,139.719864700000020
訪問介護,北区,13117,東京都北区ホームヘルパーステーション清水坂あじさい荘,社会福祉法人北区社会福祉事業団,社会福祉法人（社協以外）,1371701937,東京都北区中十条４－１６－３２,03-5924-2027,2003-04-01,,平日・土曜日・日曜日・祝日,,http://www.kitajigyo.com,35.769742715489170,139.722688534499980
訪問介護,北区,13117,赤羽北さくら荘ヘルパーステーション,社会福祉法人東京都福祉事業協会,社会福祉法人（社協以外）,1371701952,東京都北区赤羽北３－６－１０,03-3900-3908,2003-04-01,,平日・土曜日・日曜日・祝日,,https://www.ak-sakurasou.org/,35.783203456841164,139.707092765038620
訪問介護,北区,13117,ケア２１　王子,株式会社ケア２１,営利法人,1371702208,東京都北区王子本町１－２８－５フォレストヒルズ１階,03-5963-6321,2003-12-01,,平日・土曜日・日曜日・祝日,,http://www.care21.co.jp,35.754640100000000,139.732577699999980
訪問介護,北区,13117,ヘルパーステーションしらゆり,株式会社しらゆり,営利法人,1371702349,東京都北区赤羽南１－３－１髙橋ビル４Ｆ,03-3598-6310,2004-04-01,,平日・土曜日・日曜日・祝日,,http://fureai-shirayuri.com,35.776095463022600,139.722869601852350
訪問介護,北区,13117,ふれんど,有限会社ベル・ツリー,営利法人,1371702539,東京都北区王子４－１３－１２,03-5902-3700,2004-07-01,,平日・土曜日・日曜日・祝日,50,,35.760923990555570,139.734868985343040
訪問介護,北区,13117,ヘルパーステーション　ハミング駒込,有限会社メディカルマリー,営利法人,1371702661,東京都北区中里１－１２－１１小堀ビル１０２,03-5815-8825,2004-10-01,,平日・土曜日,,,35.736806000000000,139.751960599999960
訪問介護,北区,13117,マエノヘルパーセンター,株式会社マエノ薬局,営利法人,1371702877,東京都北区西が丘１－１５－１１,03-3900-3971,2005-05-01,,平日・土曜日・日曜日・祝日,95,http://www.maeno-yakkyoku.co.jp,35.769954500000000,139.714078800000040
訪問介護,北区,13117,株式会社　さくら介護,株式会社さくら介護,営利法人,1371702893,東京都北区上十条４－２－１６ハイホーム十条ヴェルデ館１０２,03-5993-6353,2005-06-01,,平日・土曜日・日曜日・祝日,90,https://sites.google.com/view/sakurakaigo,35.764936231693750,139.718944423381800
訪問介護,北区,13117,アースサポート赤羽,アースサポート株式会社,営利法人,1371703172,東京都北区志茂２－４０－７,03-3902-9600,2005-11-01,,平日・土曜日・日曜日・祝日,,https://www.earthsupport.co.jp,35.779609000000000,139.727768900000000
訪問介護,北区,13117,ケアサービス恵み,株式会社グレイス,営利法人,1371703610,東京都北区十条仲原４－８－２５,03-3908-4731,2006-09-01,,平日・土曜日・日曜日・祝日,30,,35.767671600000000,139.720429300000000
訪問介護,北区,13117,セントケア赤羽,セントケア東京株式会社,営利法人,1371703800,東京都北区志茂２－５０－２グランドメゾン赤羽１０２号,03-3598-2943,2007-04-01,,平日・土曜日・日曜日・祝日,,http://www.saint-care.com,35.780075700000000,139.727163400000000
訪問介護,北区,13117,ヘルパーステーション赤羽,株式会社ＹＯＵ優ＣＡＲＥ,営利法人,1371703958,東京都北区赤羽２－６９－２千秀ビル３Ｆ,03-3598-8690,2007-08-01,,平日,100,http://www.youyou-care.co.jp/,35.782475900000000,139.722753700000000
訪問介護,北区,13117,訪問介護　こころ,株式会社こころねっと,営利法人,1371704212,東京都北区東田端１－７－１２－１０１,03-5855-0850,2008-04-01,,平日・土曜日・祝日,,,35.738381299999990,139.763290099999980
訪問介護,北区,13117,訪問介護センターすずらん,東京福祉サービス株式会社,営利法人,1371704709,東京都北区王子本町２－２２－８,03-5993-0851,2011-01-01,,平日・土曜日・日曜日・祝日,,https://www.t-fukushi.net,35.754967800000000,139.731288899999980
訪問介護,北区,13117,西が丘訪問介護事業所,医療法人社団岩江クリニック,医療法人,1371704725,東京都北区西が丘１－５－７ヴィラ西ヶ丘２０２,03-3905-6002,2011-03-01,,平日・土曜日・日曜日・祝日,,http://www.iwae.net/,35.770342873793960,139.715273185072300
訪問介護,北区,13117,宝ケアサービス西ヶ原,宝ケア株式会社,営利法人,1371704980,東京都北区西ヶ原３－１－１２西ヶ原創美ハイツ１階,03-5980-6185,2012-01-01,,平日・土曜日・日曜日・祝日,,http://kaigo-takara.co.jp,35.744509400000000,139.743687700000000
訪問介護,北区,13117,ヒカリかがやく赤羽本店,株式会社ケア・ウイング,営利法人,1371705136,東京都北区赤羽２－４８－４ニュー末広ビル６Ｆ,03-5249-8753,2012-07-01,,平日・土曜日・祝日,100,http://care-wing.co.jp/,35.780719800000014,139.722766600000000
訪問介護,北区,13117,株式会社ホームタウン　介護屋安心堂,株式会社ホームタウン,営利法人,1371705227,東京都北区中十条２－７－２　１階,03-5963-3525,2012-08-01,,平日・土曜日・日曜日・祝日,100,http://home-town.tokyo,35.761701685706896,139.725989704638980
訪問介護,北区,13117,みずべの苑,社会福祉法人うらら,社会福祉法人（社協以外）,1371705375,東京都北区志茂３－１３－５信濃ビル２階,03-3598-1500,2012-12-01,,平日・土曜日・日曜日・祝日,,http://www.urara.or.jp,35.777451200000000,139.733143499999980
訪問介護,北区,13117,コープみらい　田端介護センター,生活協同組合コープみらい,生協,1371705441,東京都北区田端１－５－７コープみらい田端店３階,03-5834-0820,2013-03-21,,平日・土曜日・日曜日・祝日,100,http://mirai.coopnet.or.jp/,35.733378800000000,139.759115699999940
訪問介護,北区,13117,ケアリッツ赤羽,株式会社ケアリッツ・アンド・パートナーズ,営利法人,1371705714,東京都北区赤羽南１－１８－６島倉コーポ１階,03-5939-6931,2013-09-01,,平日・土曜日・日曜日・祝日,,https://www.careritz.co.jp/station/branch/akabane/,35.776305407153835,139.724254100264910
訪問介護,北区,13117,それいゆ在宅介護センター,一般社団法人ナースプラネット,社団・財団,1371705979,東京都北区田端新町１－２２－５,03-5855-3774,2014-10-01,,平日・土曜日・日曜日・祝日,,http://nurseplanet.jp/,35.738381600000000,139.768786900000000
訪問介護,北区,13117,グランダ王子ケアステーション,株式会社ベネッセスタイルケア,営利法人,1371706100,東京都北区堀船１－６－６,03-5902-5861,2015-03-01,,平日・土曜日・日曜日・祝日,,http://www.benesse-style-care.co.jp,35.752290500000000,139.741849399999980
訪問介護,北区,13117,ニカサ西ヶ原店,株式会社ウェルネスセントラルケア,営利法人,1371706456,東京都北区西ヶ原４－４２－７,03-6903-5947,2016-07-01,,平日・土曜日・日曜日・祝日,,http://nikasa3636.com,35.744488698085675,139.734802181970280
訪問介護,北区,13117,ライフケア・森の郷,株式会社グッド・ライフ,営利法人,1371706498,東京都北区滝野川７－１６－６パークサイド美健２０２号室,03-6903-6078,2016-07-01,,平日・土曜日・日曜日・祝日,15,http://mori-sato.jp/,35.744138400000000,139.720648399999960
訪問介護,北区,13117,訪問ケアサービス　いちりん,合同会社一,営利法人,1371706597,東京都北区中十条２－１２－７プラスエステートマンション１０１,03-5948-6731,2017-03-01,,平日・土曜日・日曜日・祝日,2,https://hajime-ichirin.jbplt.jp,35.762389479765250,139.726122464439020
訪問介護,北区,13117,ひばり訪問介護ステーション赤羽,シマダリビングパートナーズ株式会社,営利法人,1371706803,東京都北区桐ケ丘２－１１－２８,03-6454-3860,2017-10-01,,平日・土曜日・日曜日・祝日,,https://garden-terrace.jp/akabane,35.782956943715020,139.710115676057400
訪問介護,北区,13117,訪問介護事業所　ひいらぎ,合同会社ひいらぎ,営利法人,1371706910,東京都北区滝野川３－８６－２－１０２号コーポ明和,03-5972-4335,2018-01-01,,平日・土曜日・日曜日・祝日,,http://hp.kaipoke.biz/vzz/,35.751040499999990,139.730494700000000
訪問介護,北区,13117,ＳＯＭＰＯケア　中十条　訪問介護,ＳＯＭＰＯケア株式会社,営利法人,1371706993,東京都北区中十条１－４－７インクリースビル３０１号室,03-5963-6720,2018-07-01,,平日,30,,35.757934100000000,139.730158299999970
訪問介護,北区,13117,わいわいヘルパーステーション,合同会社Ｙ・Ｙ,営利法人,1371707140,東京都北区赤羽西５－１２－４－１０９,03-3905-0303,2019-04-01,,平日・土曜日・日曜日・祝日,,,35.775647600000000,139.708759999999980
訪問介護,北区,13117,ホップケアサービス,株式会社ホップケアサービス,営利法人,1371707181,東京都北区上中里３－１－１８,03-5944-6333,2019-07-01,,平日・土曜日・日曜日・祝日,,,35.749240900000000,139.748373400000000
訪問介護,北区,13117,ケアリッツ王子,株式会社ケアリッツ・アンド・パートナーズ,営利法人,1371707231,東京都北区王子１－２８－６ＴＣＲＥ王子第二ビル１階,03-6903-2257,2019-12-01,,平日・土曜日・日曜日・祝日,,https://www.careritz.co.jp/station/houmon-oji/,35.756054214369650,139.740841196754840
訪問介護,北区,13117,ケアリッツ十条,株式会社ケアリッツ・アンド・パートナーズ,営利法人,1371707249,東京都北区上十条１－４－２３メゾン髙木２０３,03-5948-8731,2019-12-01,,平日・土曜日・日曜日・祝日,,https://www.careritz.co.jp/station/branch/jujo/,35.758202200000000,139.724488600000000
訪問介護,北区,13117,あけぼの介護センター王子,ケアゲート株式会社,営利法人,1371707330,東京都北区滝野川１－６０－５中野ビル１Ｆ,03-5972-1563,2020-06-01,,平日・土曜日・日曜日・祝日,,http://www.caregate.co.jp/,35.750308100000010,139.736930700000000
訪問介護,北区,13117,訪問介護アルプス,株式会社ＡＫＭ,営利法人,1371707363,東京都北区赤羽２－４－２オランダビル４０１,03-5944-6177,2020-11-01,,平日・土曜日・日曜日・祝日,80,https://www.akm-alps.com,35.779170653318340,139.724754192008620
訪問介護,北区,13117,Ｒａｋｕｅ滝野川,ソラノニジ株式会社,営利法人,1371707447,東京都北区滝野川７－１９－１２Ｒ第二ビル１０１号,03-6903-7578,2021-12-01,,平日・土曜日・日曜日・祝日,,https://www.rakue.jp/,35.743228300000000,139.720569200000000
訪問介護,北区,13117,ニューフォワード訪問介護,株式会社ＮＥＷ　ＦＯＲＷＡＲＤ,営利法人,1371707454,東京都北区中里１－１９－１０リブレ駒込Ｂ１０１,03-5842-1313,2021-12-01,,,,https://new-forward.co.jp/,35.737141800000000,139.752085800000000
訪問介護,北区,13117,訪問介護センターすずらん東十条,東京福祉サービス株式会社,営利法人,1371707504,東京都北区東十条３－８－５,03-6908-4763,2022-07-01,,平日・土曜日・日曜日・祝日,,http://t-fukushi.net/,35.766264199999990,139.731018900000000
訪問介護,北区,13117,福祉総合支援サービス事業所　ＤＲＥＡＭ　ＥＶＯ,株式会社ヒロプランニング,営利法人,1371707546,東京都北区赤羽台４－１０－７,03-5948-5575,2022-12-01,,平日,,https://hiro-dream.co.jp/,35.783876300000000,139.713201800000000
訪問介護,北区,13117,みつば訪問介護赤羽,株式会社ベストケア・パートナーズ,営利法人,1371707579,東京都北区東十条６－７－１２サンチェリーハイツ１０１,03-6903-9028,2023-02-01,,平日・土曜日・日曜日・祝日,,https://bestcare-partners.co.jp/,35.771651800000000,139.725975400000000
訪問介護,北区,13117,訪問七福北赤羽,株式会社家集介護,営利法人,1371707611,東京都北区赤羽北２－３５－１９森田コーポ１０１,03-5948-9825,2023-05-01,,平日・土曜日・日曜日・祝日,,,35.787462551572050,139.710218203041080
訪問介護,北区,13117,訪問介護　北斗の虹,株式会社ＳＥＣＴＩＯＮ,営利法人,1371707660,東京都北区神谷２－１３－７フラッツ中野３０１号室,03-6760-3725,2024-02-01,,平日・土曜日・日曜日・祝日,,,35.770140700000000,139.728779700000000
訪問介護,北区,13117,サンライフ介護サービス,株式会社サンライフ,営利法人,1371707710,東京都北区西ケ原３－５９－７三浦ハイム１０２号室,03-6915-4361,2024-09-01,,平日・土曜日・日曜日・祝日,,,35.743118600000020,139.738968000000030
訪問介護,北区,13117,訪問介護事業所ホープ,株式会社ＫａｓｙｕＬｉｎｋ,営利法人,1371707728,東京都北区赤羽北２－２８－４メゾンタケノウチ１０２,03-5948-6590,2024-11-01,,平日・土曜日・日曜日・祝日,,,35.787032799999990,139.706833799999970
訪問介護,北区,13117,ツナガレ介護福祉ケア,株式会社ＯＳプロモーション,営利法人,1371707751,東京都北区豊島３－７－２１,05010994043,2025-02-01,,平日,,https://www.osp.tokyo/,35.760765300000000,139.745699800000000
訪問介護,北区,13117,ユースタイルケア　荒川　重度訪問介護,ユースタイルラボラトリー株式会社,営利法人,1371707876,東京都北区王子２－１８－１１小林会館２０３号,05017925200,2025-12-01,,平日・土曜日・日曜日・祝日,,https://care.eustylelab.co.jp/facilities/24194.html,35.758506500000000,139.737144100000000
訪問介護,北区,13117,ひだまり結庵　東十条店,株式会社エムシーツー,営利法人,1371707934,東京都北区東十条５－１３－６Ｅａｓｔ　ＩＭ１０２,05036462128,2026-08-01,,,,,,
訪問介護,北区,13117,はるかぜヘルパーステーション,株式会社むらたサポート,営利法人,1371802859,東京都北区王子本町２－２４－１１松本コーポ２０２,03-5948-8035,2010-03-01,,平日・土曜日・日曜日・祝日,,,35.754631800000010,139.731072300000050
訪問介護,北区,13117,ヘルパーステーション　ななは,合同会社ななは,営利法人,1371908615,東京都北区上十条３－４－１５貝瀬荘２０３号室,03-5924-7786,2013-05-01,,,,,,
訪問介護,荒川区,13118,くまのまえ訪問サービスセンター,株式会社アイメック,営利法人,1367195779,東京都荒川区東尾久５－７－１０トーア東尾久マンション１０１号室,03-5692-5900,2001-01-01,,平日・土曜日・祝日,5,,35.748039927400610,139.769484837156700
訪問介護,荒川区,13118,ベストリハ訪問介護ステーション南千住,ベストリハ株式会社,営利法人,1370202465,東京都荒川区南千住６－６５－４,03-6806-6296,2020-10-01,,平日・土曜日・日曜日・祝日,40,https://bestreha.com/,35.749550327380670,139.799819616121940
訪問介護,荒川区,13118,ピース訪問介護ステーション,トラム株式会社,営利法人,1370602185,東京都荒川区町屋８－１－１７コートアネモス２０３,03-6807-9776,2007-07-01,,,,,,
訪問介護,荒川区,13118,カスミ・ケア,カスミ有限会社,営利法人,1371602325,東京都荒川区東日暮里三丁目１７番地１号,03-5850-1555,2005-03-01,,,,,,
訪問介護,荒川区,13118,めでたい訪問介護ステーション尾久,株式会社Ｂｌｕｅｓｈａｃｋ,営利法人,1371707835,東京都荒川区東尾久２－４９－１３Ａｍｂｉｔｉｏｎ東尾久１０１号室,03-5838-9960,2025-08-01,,平日,,https://www.blueshack-1203.net,35.744786400000000,139.769946200000020
訪問介護,荒川区,13118,株式会社　大起エンゼルヘルプ　荒川ケアセンター,株式会社大起エンゼルヘルプ,営利法人,1371800200,東京都荒川区町屋５－１０－５,03-3892-1332,1999-10-01,,平日・土曜日・日曜日・祝日,,http://www.enzeru.co.jp/,35.750933600000000,139.778282499999930
訪問介護,荒川区,13118,大和田ヘルパーステーション指定訪問介護事業所,有限会社ケアサービス大和田,営利法人,1371800234,東京都荒川区南千住２－１４－７,03-3802-4566,1999-10-01,,平日・土曜日・日曜日・祝日,,,35.729672700000000,139.795287899999950
訪問介護,荒川区,13118,ニチイケアセンター西日暮里,株式会社ニチイ学館,営利法人,1371800424,東京都荒川区西日暮里１－１９－１４　都ビル１階,03-5850-5401,2000-02-01,,平日・土曜日・日曜日・祝日,3,,35.735815600000000,139.775294799999980
訪問介護,荒川区,13118,有限会社　ビーブル介護サービス,有限会社ビーブル介護サービス,営利法人,1371800713,東京都荒川区東尾久６－５１－１１,03-3892-7749,2000-05-01,,平日・土曜日・日曜日・祝日,30,https://peraichi.com/landing_pages/view/vivrekaigo,35.749111200000000,139.770099999999960
訪問介護,荒川区,13118,宮本ケアステーション,有限会社宮本ケアステーション,営利法人,1371800853,東京都荒川区町屋２－１４－９　メゾンドカスターナ１０１,03-3809-7887,2001-03-01,,平日・土曜日・日曜日・祝日,,,35.744553800000000,139.778841100000020
訪問介護,荒川区,13118,荒川サポートセンターかどころ,特定非営利活動法人東京ケアネットワーク,非営利法人（NPO）,1371800861,東京都荒川区西日暮里４-１４-１　１階,03-5834-7633,2001-04-01,,平日・土曜日・日曜日・祝日,,http://care-net.biz/13/kadokoro/,35.732406497805190,139.763283125209000
訪問介護,荒川区,13118,よつばサポート,有限会社　丸藤商事,営利法人,1371800929,東京都荒川区南千住５－３１－２クレセント南千住Ⅱ１０３,03-3805-5061,2001-11-01,,平日・祝日,1,,35.732335388867250,139.796223723803730
訪問介護,荒川区,13118,やさしい手日暮里訪問介護事業所,株式会社やさしい手,営利法人,1371800952,東京都荒川区東日暮里５－５２－２神谷ビル５階,05017521321,2002-01-01,,平日・土曜日・日曜日・祝日,120,http://www.yasashiite.com/,35.727830100000000,139.771917600000050
訪問介護,荒川区,13118,アイエムケアセンター,有限会社アイ・エム・サポート,営利法人,1371801166,東京都荒川区町屋４－１－６　飯野ビル１０１号室,03-5901-2071,2003-05-01,,平日・土曜日・日曜日・祝日,,,35.745562000000000,139.778996600000030
訪問介護,荒川区,13118,株式会社　介護ユーアイヘルパーステーション,株式会社介護ユーアイ,営利法人,1371801182,東京都荒川区西尾久７－２７－９,03-3810-6081,2003-05-01,,平日・土曜日・日曜日・祝日,,http://kaigo-ui.co.jp/index.html,35.749286300000010,139.755365200000030
訪問介護,荒川区,13118,しあわせステーション,有限会社中田,営利法人,1371801232,東京都荒川区荒川２－４６－５,03-5850-7151,2003-07-01,,平日・土曜日・日曜日・祝日,,https://ss-group9.wixsite.com/siawase,35.739679500000000,139.781863400000020
訪問介護,荒川区,13118,あっぷるちよだ　日暮里駅前店,株式会社千代田サービスセンター,営利法人,1371801265,東京都荒川区西日暮里２－１７－８千代田第二ビル４階・６階,03-3805-0136,2003-07-01,,平日・土曜日・日曜日・祝日,50,,35.729216100000000,139.772125900000000
訪問介護,荒川区,13118,ＮＰＯ法人　荒川ケアサポートひだまり,特定非営利活動法人荒川ケアサポートひだまり,非営利法人（NPO）,1371801364,東京都荒川区荒川８－１－６,03-5604-2310,2004-01-01,,平日・土曜日・日曜日・祝日,8,https://arakawa-hidamari.jimdofree.com,35.737982800000000,139.787138000000030
訪問介護,荒川区,13118,有限会社　さくら介護サービス,有限会社さくら介護サービス,営利法人,1371801620,東京都荒川区町屋三丁目１３番１９号,03-3819-8638,2004-06-01,,平日・土曜日・日曜日・祝日,,http://www.sakura-kaigo.co.jp,35.746959200000000,139.781179699999940
訪問介護,荒川区,13118,ミレサポート,ミレサポート有限会社,営利法人,1371801695,東京都荒川区東日暮里５－２６－４　竹山ビル1Ｆ,03-3807-3106,2004-12-01,,平日・土曜日・日曜日・祝日,,https://www.mire-support.co.jp,35.727238390266770,139.776861211045120
訪問介護,荒川区,13118,ヘルパーステーション　おもいやり,有限会社おもいやり,営利法人,1371801760,東京都荒川区荒川６－６１－１ヒロマチヤ１０２号,03-5692-5335,2005-02-01,,平日・土曜日・祝日,40,,35.742153800000000,139.775113799999980
訪問介護,荒川区,13118,城北介護センター荒川,株式会社ダイユウケアシステム,営利法人,1371801778,東京都荒川区荒川６－６０－１,03-6458-2451,2005-03-01,,平日・土曜日・日曜日・祝日,,http://www.jyohokukaigo.com,35.738179000000020,139.777089400000000
訪問介護,荒川区,13118,ケア桃太郎,株式会社エムティーエム,営利法人,1371801950,東京都荒川区西尾久１－１４－９,03-5855-1491,2005-10-01,,平日・土曜日・日曜日・祝日,,http://www.care-momotarou.jp,35.745765227164085,139.763627268717200
訪問介護,荒川区,13118,癒しのヘルパーステーション南千住,株式会社リエイケア,営利法人,1371802784,東京都荒川区南千住４－７－３　ロイヤルパークスタワー南千住１階,03-5811-6572,2009-07-01,,平日・土曜日・日曜日・祝日,,,35.736277900000000,139.801940000000060
訪問介護,荒川区,13118,ケアマスター西日暮里,株式会社ホームライク,営利法人,1371802818,東京都荒川区西日暮里５－３２－１０ビガーＭ＆Ｍ２０４,03-5615-3443,2009-08-01,,平日・土曜日・日曜日・祝日,5,,35.734029200000000,139.767559399999980
訪問介護,荒川区,13118,ほっとケア荒川,株式会社愛総合福祉,営利法人,1371802875,東京都荒川区東日暮里１－２１－８トドロキ・ハイム１Ｆ,03-5850-1240,2010-04-01,,平日・土曜日・日曜日・祝日,,https://i-sogofukushi.com/,35.729625300000000,139.788138399999980
訪問介護,荒川区,13118,ホットステーションＳＵＮ,ケア・プランニング株式会社,営利法人,1371802982,東京都荒川区西日暮里６－８－８モミービル２階,03-5901-9554,2010-09-01,,平日・土曜日・日曜日・祝日,,http://www.best-kaigo.com,35.736544700000000,139.772656100000000
訪問介護,荒川区,13118,すえひろヘルパーステーション,株式会社シーキューブ,営利法人,1371803295,東京都荒川区東尾久３－３０－６ロイヤル東尾久２０１号,03-5855-0727,2012-01-01,,平日・土曜日・日曜日・祝日,,,35.746798400000000,139.769886000000000
訪問介護,荒川区,13118,アポロフジキケアステーション,藤木金物株式会社,営利法人,1371803360,東京都荒川区荒川６－５－４ソアラフジキビル２０１号,03-6807-8318,2012-05-01,,平日,,,35.742056900000000,139.779860600000000
訪問介護,荒川区,13118,みやびケアセンター,株式会社みやび,営利法人,1371803469,東京都荒川区東日暮里２－１７－９,03-5615-3615,2012-11-01,,平日・土曜日・祝日,,,35.730700100000035,139.786038500000020
訪問介護,荒川区,13118,福祉テラス,株式会社照,営利法人,1371803782,東京都荒川区町屋３－４－２１,03-5855-7338,2013-08-01,,平日・土曜日・日曜日・祝日,,,35.745766700000000,139.780724200000000
訪問介護,荒川区,13118,ケアリッツ荒川,株式会社ケアリッツ・アンド・パートナーズ,営利法人,1371803816,東京都荒川区西日暮里６－５１－２東林ビル１階,03-5901-9297,2013-09-01,,平日・土曜日・日曜日・祝日,,https://www.careritz.co.jp/station/branch/arakawa/,35.737041090362915,139.768824568717300
訪問介護,荒川区,13118,虹ケアサポートセンター,虹ケアサポートセンター合同会社,営利法人,1371803881,東京都荒川区町屋６－１３－８－１０６ファクスパレス町屋,03-5615-2883,2014-05-01,,,,,,
訪問介護,荒川区,13118,ケアサポートふくろう,合資会社ケア本舗,営利法人,1371804012,東京都荒川区西尾久２－２２－１　吉田荘　１０２号室,03-6458-2681,2014-11-01,,平日・土曜日・日曜日・祝日,50,,35.748882600000010,139.764252800000000
訪問介護,荒川区,13118,ケアステーションすばる,合同会社昴,営利法人,1371804038,東京都荒川区南千住５－２１－１５,03-6806-8078,2015-01-01,,平日・祝日,1,https://www.kaigosubaru.com/,35.755947200000000,139.805274900000000
訪問介護,荒川区,13118,ケアサポートエンジェル町屋店,エンジェルサポート株式会社,営利法人,1371804111,東京都荒川区町屋１－１８－１１,03-6807-7833,2015-11-01,,平日,8,http://care-support-angel.com/,35.743844396408020,139.782950509227360
訪問介護,荒川区,13118,アイリスケアサービス,合同会社アイリスケアサービス,営利法人,1371804202,東京都荒川区町屋１－１７－１１メゾンナカジマ１０２,03-5901-9660,2016-11-01,,平日・土曜日・日曜日・祝日,,,35.744429122027370,139.782564381081800
訪問介護,荒川区,13118,ＳＯＭＰＯケア　荒川　訪問介護,ＳＯＭＰＯケア株式会社,営利法人,1371804350,東京都荒川区東尾久６－５－５富士産業ビル２階２０３号室,03-6807-9120,2018-07-01,,平日・土曜日・日曜日・祝日,,https://www.sompocare.com/service/zaitaku/kaigo/Z000055,35.745410769373750,139.775042278094960
訪問介護,荒川区,13118,ケアオフィスこもれび,ｏｎｅ’ｓ　ｈｅａｒｔ株式会社,営利法人,1371804418,東京都荒川区南千住３－２３－１７ｃｕｒｖｅ南千住００２,03-5849-4121,2019-02-01,,平日・土曜日・日曜日・祝日,60,https://onesheart.fun/,35.731832500000000,139.807332900000000
訪問介護,荒川区,13118,リアン荒川,株式会社ＦＯＲＺＡ,営利法人,1371804459,東京都荒川区東日暮里２－１５－５松村ビル１階,03-6458-3858,2019-04-01,,平日・土曜日・日曜日・祝日,,,35.729706900000004,139.786091800000000
訪問介護,荒川区,13118,ニチイケアセンター西尾久,株式会社ニチイ学館,営利法人,1371804517,東京都荒川区西尾久７－１３－８エル・アルカサル尾久１０３号室,03-5901-2880,2020-01-01,,平日・土曜日・日曜日・祝日,,,35.747805800000000,139.756210900000040
訪問介護,荒川区,13118,仲町ケアサポート,合同会社天の川,営利法人,1371804582,東京都荒川区荒川３－２４－４浜野ビル　１階,03-5604-9063,2020-06-01,,平日・土曜日・祝日,,,35.733856900000000,139.781737200000000
訪問介護,荒川区,13118,愛・訪問介護ステーション尾久,株式会社愛総合福祉,営利法人,1371804608,東京都荒川区西尾久８－４１－３エクセルＨＯＳＨＩ　１階,03-6807-7026,2020-11-01,,平日・土曜日・日曜日・祝日,,https://i-sogofukushi.com/,35.751648999999990,139.751011300000000
訪問介護,荒川区,13118,セカンドライフ,株式会社１．ｌｉｆｅ,営利法人,1371804616,東京都荒川区西尾久１－３３－１－１０２,03-6807-9265,2021-01-01,,,,https://1life-tt.co.jp/,35.748721700000000,139.757249600000000
訪問介護,荒川区,13118,ヘルパーステーション　ウィング荒川,株式会社夢路商事,営利法人,1371804673,東京都荒川区西尾久２－９－１０,03-6807-8601,2021-08-01,,平日・土曜日・日曜日・祝日,,,35.748487700000000,139.765098200000000
訪問介護,荒川区,13118,ケアリッツ町屋,株式会社ケアリッツ・アンド・パートナーズ,営利法人,1371804681,東京都荒川区町屋８－１２－１１サンティエビルディング３０３,03-6458-2947,2021-10-01,,平日・土曜日・日曜日・祝日,,https://www.careritz.co.jp/station/branch/machiya/,35.748382900000000,139.785873600000000
訪問介護,荒川区,13118,ケア２１　南千住,株式会社ケア２１,営利法人,1371804749,東京都荒川区南千住５－１１－３ロイヤルハイツ第２　１０１号室,03-5604-2223,2022-04-01,,平日・土曜日・日曜日・祝日,,https://www.care21.co.jp/,35.734511800000000,139.794772300000000
訪問介護,荒川区,13118,ゆあ訪問介護荒川,株式会社幸健,営利法人,1371804806,東京都荒川区東尾久１－４－１０－１０２号室ソル東尾久,03-6807-6687,2023-04-01,,平日・土曜日・日曜日・祝日,3,https://www.kouken-yuahoumonkaigo.com/,35.739012833871390,139.773539859494000
訪問介護,荒川区,13118,訪問介護ファミリー・ホスピス荒川,ファミリー・ホスピス株式会社,営利法人,1371804848,東京都荒川区荒川７－２－３,03-6806-5658,2023-07-01,,平日・土曜日・日曜日・祝日,,http://family-hospice.co.jp,35.740832100000000,139.784019700000000
訪問介護,荒川区,13118,株式会社健,株式会社健,営利法人,1371804855,東京都荒川区南千住１－１５－１６,03-6806-5056,2024-01-01,,平日・土曜日・日曜日・祝日,,,35.732293299999990,139.792090600000000
訪問介護,荒川区,13118,訪問介護事業所ひまわり,株式会社ひまわり,営利法人,1371804988,東京都荒川区西日暮里６－５４－１０エリムビル１０１号室,03-6458-2606,2025-08-01,,,,,,
訪問介護,荒川区,13118,とらいぶコミュニティ,ＮＰＯ法人とらいぶコミュニティ,非営利法人（NPO）,1371804996,東京都荒川区東尾久５－１９－６,03-6807-9981,2025-08-01,,平日・土曜日・日曜日・祝日,,http://www.trb-nqo323.com,35.746530400000000,139.768366700000000
訪問介護,荒川区,13118,ケアリッツ南千住,株式会社ケアリッツ・アンド・パートナーズ,営利法人,1371805027,東京都荒川区南千住７－２７－１５,03-5604-9971,2026-03-01,,平日・土曜日・日曜日・祝日,,https://www.careritz.co.jp/station/branch/minamisenju/,35.734725100000000,139.799223900000000
訪問介護,荒川区,13118,訪問介護江東ライフケア,株式会社江東ライフケア,営利法人,1371805043,東京都荒川区荒川３－３８－９ウッドクレスト荒川レジデンス１０２,03-6806-7095,2026-05-01,,,,,,
訪問介護,板橋区,13119,在宅ケア協会,特定非営利活動法人在宅ケア協会,非営利法人（NPO）,1370400788,東京都板橋区稲荷台２０－４,03-6905-7590,2003-03-01,,平日・土曜日・日曜日・祝日,8,https://zaitaku.or.jp/,35.762021999999995,139.711342000000000
訪問介護,板橋区,13119,アースサポ－ト板橋,アースサポート株式会社,営利法人,1371301191,東京都板橋区成増３－１－９,03-5904-1700,2003-08-01,,平日・土曜日・日曜日・祝日,,https://www.earthsupport.co.jp,35.777211644469666,139.634894823851030
訪問介護,板橋区,13119,ベスト・ケアー　ヘルパーステーション,株式会社ベスト・ケアー,営利法人,1371900380,東京都板橋区小茂根１－２７－３,03-3554-8121,1999-11-01,,平日・土曜日・日曜日・祝日,,http://www.bestcare-kaigo.jp/,35.747403433834270,139.677704832540900
訪問介護,板橋区,13119,医療法人財団　朔望会　訪問介護ビオラ,医療法人財団朔望会,医療法人,1371900570,東京都板橋区前野町３－３６－１０,03-3960-1005,2000-01-04,,平日・土曜日・日曜日・祝日,120,http://www.tshnet.or.jp/,35.769206335480156,139.693564230055240
訪問介護,板橋区,13119,ワーカーズコープ　パル板橋,労働者協同組合労協センター事業団,その他,1371900679,東京都板橋区栄町２１－１２青木ビル１Ｆ,03-3579-5531,2000-01-04,,平日・土曜日・祝日,20,http://www.roukyou.gr.jp/,35.753547500000000,139.702383100000020
訪問介護,板橋区,13119,いずみの苑　ふれあいヘルプ事業所,社会福祉法人東京援護協会,社会福祉法人（社協以外）,1371901214,東京都板橋区東坂下２－２－２２,03-5970-2922,2000-03-01,,平日・土曜日・祝日,,http://www.tokyoengokyokai.or.jp,35.783079600000000,139.689916700000030
訪問介護,板橋区,13119,こもねヘルパーステーション,社会福祉法人小茂根の郷,社会福祉法人（社協以外）,1371901313,東京都板橋区小茂根４－１１－１１,03-3959-7498,2000-03-01,,平日・土曜日・日曜日・祝日,150,http://www.komonenosato.com,35.746669600000000,139.675077399999960
訪問介護,板橋区,13119,ＮＰＯ・ＡＣＴたすけあいワーカーズあやとり,特定非営利活動法人アビリティクラブたすけあい板橋たすけあいワーカーズあやとり,非営利法人（NPO）,1371901891,東京都板橋区徳丸２－３０－１６生活クラブ館徳丸２階,03-5922-3560,2000-05-01,,平日・土曜日・日曜日・祝日,,http://act-ayatori.com,35.775663200000010,139.662341600000000
訪問介護,板橋区,13119,アイ・ヘルパーサービス,有限会社　アイ・ヘルパーサービス,営利法人,1371902444,東京都板橋区板橋一丁目４８番４号　ウッドリバー３ＦＡ,03-5943-5281,2001-04-01,,平日・土曜日・日曜日・祝日,,,35.748148900000000,139.718831799999970
訪問介護,板橋区,13119,ニチイケアセンター小茂根,株式会社ニチイ学館,営利法人,1371902568,東京都板橋区小茂根５－４－４１,03-5917-5862,2001-10-01,,平日・土曜日・日曜日・祝日,50,http://www.nichiigakkan.co.jp,35.750127600000000,139.675974499999940
訪問介護,板橋区,13119,ヘルパーステーション　上板橋,株式会社ＹＯＵ優ＣＡＲＥ,営利法人,1371903053,東京都板橋区常盤台４－２２－１２山和常盤台ビル,03-5945-9511,2002-07-01,,平日・土曜日・日曜日・祝日,,http://www.youyou-care.co.jp/,35.763398600000000,139.678504400000060
訪問介護,板橋区,13119,ぐうにいずケアセンター,有限会社協徳,営利法人,1371903350,東京都板橋区西台４－８－１３ヒラタビル２Ｆ,03-3550-5336,2003-03-01,,平日・土曜日・日曜日・祝日,10,http://www.gunizu.com/,35.772355500000000,139.669019900000000
訪問介護,板橋区,13119,東京ＹＷＣＡケアサポート　板橋,公益財団法人東京ＹＷＣＡ,社団・財団,1371903491,東京都板橋区坂下１－３４－２５,03-5914-1849,2003-04-01,,平日・土曜日・日曜日・祝日,,http://tokyo.ywca.or.jp/care,35.781002000000010,139.684531099999960
訪問介護,板橋区,13119,有限会社　さくら苑,有限会社　さくら苑,営利法人,1371903749,東京都板橋区上板橋２－２９－９ボゥソレイユ１階,03-5921-2133,2003-09-01,,平日・土曜日・日曜日・祝日,,,35.762731900000000,139.674221499999930
訪問介護,板橋区,13119,アイケアセンター蓮根,株式会社ケアフレンド,営利法人,1371903848,東京都板橋区蓮根２－３０－８－１０３,03-5916-3239,2003-11-01,,平日・土曜日・日曜日・祝日,,https://aicarecenter.co.jp/,35.783865200000000,139.676431800000040
訪問介護,板橋区,13119,レインボーブリッジ　板橋ケアセンター,有限会社レインボーブリッジ,営利法人,1371903921,東京都板橋区板橋３－５－１５,03-5943-2951,2003-12-01,,平日・土曜日・日曜日・祝日,,http://www.rainbowbridge.co.jp/,35.750628900000000,139.712265600000020
訪問介護,板橋区,13119,灯の会,有限会社　灯の会,営利法人,1371904366,東京都板橋区高島平九丁目２９番３号　エステート野口１Ｆ,03-3931-5678,2004-10-01,,平日,,,35.790314100000000,139.670837600000060
訪問介護,板橋区,13119,有限会社中板橋介護支援センター,有限会社中板橋介護支援センター,営利法人,1371904754,東京都板橋区中板橋４－１５　１０４,03-6905-0877,2005-05-01,,平日・土曜日・日曜日・祝日,,,35.756218699999984,139.700504800000000
訪問介護,板橋区,13119,ブリッジ,特定非営利活動法人ブリッジ,非営利法人（NPO）,1371904960,東京都板橋区南町３５－５庄野ビル１０２号,03-3959-3853,2005-08-01,,平日・土曜日・日曜日・祝日,10,,35.740051600000000,139.700105900000040
訪問介護,板橋区,13119,ＡＬＳＯＫケアステーション板橋,ＡＬＳＯＫ介護株式会社,営利法人,1371905736,東京都板橋区上板橋３－１９－８ジュネス上板橋１０５,03-5399-7223,2007-01-01,,平日・土曜日・日曜日・祝日,,,35.765887000000000,139.671582700000040
訪問介護,板橋区,13119,セントケア板橋,セントケア東京株式会社,営利法人,1371905827,東京都板橋区上板橋１－１６－６　町田ビル１Ｆ,03-5920-2943,2007-04-01,,平日・土曜日・日曜日・祝日,,http://www.saint-care.com,35.761601500000000,139.677629499999970
訪問介護,板橋区,13119,訪問介護・みよこ,有限会社ミセス，カネコ,営利法人,1371906114,東京都板橋区蓮根２－１８－２１,03-3967-4255,2007-12-01,,平日・土曜日・日曜日・祝日,,,35.782096100000004,139.678176099999970
訪問介護,板橋区,13119,ケア２１　上板橋,株式会社ケア２１,営利法人,1371906205,東京都板橋区上板橋３－２０－１２ルートビルディング１階,03-5922-5506,2008-02-01,,平日・土曜日・日曜日・祝日,,http://www.care21.co.jp/,35.766169952662210,139.672724826705920
訪問介護,板橋区,13119,ニチイケアセンター赤塚,株式会社ニチイ学館,営利法人,1371906700,東京都板橋区赤塚１－１８－８,03-5968-5130,2010-09-01,,平日・土曜日・日曜日・祝日,3,,35.770288700000010,139.650353799999950
訪問介護,板橋区,13119,すももケアサービス,株式会社寿百,営利法人,1371907021,東京都板橋区仲町１０－１２,03-5926-6095,2010-09-01,,平日・土曜日・日曜日・祝日,14,,35.753302800000000,139.698765700000000
訪問介護,板橋区,13119,ヘルパーステーション　花のまる,株式会社こねこのて,営利法人,1371907575,東京都板橋区志村３－２６－１５,03-5970-4337,2011-09-01,,平日・土曜日・日曜日・祝日,,http://www.hananomaru.net/,35.778866300000000,139.686958700000000
訪問介護,板橋区,13119,ケアリッツ板橋,株式会社ケアリッツ・アンド・パートナーズ,営利法人,1371907823,東京都板橋区本町３３－１９シャトレー長谷川１階,03-5944-1258,2012-02-01,,平日・土曜日・日曜日・祝日,,https://www.careritz.co.jp/station/branch/itabashi/,35.759653342024320,139.707492299252950
訪問介護,板橋区,13119,ホームヘルプサービス　ソラストときわ台,株式会社ソラスト,営利法人,1371908110,東京都板橋区前野町１－２９－１０　商業棟３階,03-5914-6273,2012-08-01,,平日・土曜日・日曜日・祝日,,http://www.solasto.co.jp,35.766011819453160,139.695816326319900
訪問介護,板橋区,13119,板橋のそら,株式会社のそら,営利法人,1371908185,東京都板橋区上板橋３－１１－９,03-6906-7942,2012-09-01,,平日・土曜日・祝日,,http://www.nosora.jp/,35.765243093619176,139.675332061901830
訪問介護,板橋区,13119,きらきらケアサービス,株式会社きらきらケアサービス,営利法人,1371908292,東京都板橋区赤塚１－１－１０,03-6281-0604,2012-10-01,,平日・土曜日・日曜日・祝日,160,http://kirakiracs.com,35.769774534269280,139.651525281860400
訪問介護,板橋区,13119,はなまる介護,８７０株式会社,営利法人,1371908649,東京都板橋区中板橋２９－８クリテックビル３Ｆ,03-5943-9870,2013-05-01,,平日・土曜日・日曜日・祝日,120,https://www.870kaigo.com/,35.756508000000000,139.694680899999980
訪問介護,板橋区,13119,ケアセンスヘルパーステーション,株式会社ケアセンス,営利法人,1371908821,東京都板橋区蓮根３－１１－２５東久蓮根ハイツ１階－Ｃ,03-6454-9681,2013-09-01,,,,,,
訪問介護,板橋区,13119,訪問介護　ハピネス,花咲くホーム株式会社,営利法人,1371909142,東京都板橋区板橋１－４３－６宝ビル７階,03-6794-5663,2014-04-01,,平日・土曜日・日曜日・祝日,,http://hanasakuhappiness.jimdo.com/,35.748865400000000,139.717181900000000
訪問介護,板橋区,13119,クローバーのさと　カウピリ板橋　訪問介護ステーション,医療法人社団明芳会,医療法人,1371909449,東京都板橋区仲町１－４,03-3955-9682,2014-10-01,,平日・土曜日・日曜日・祝日,90,http://www.ims.gr.jp/clover/,35.751372600000010,139.699830600000040
訪問介護,板橋区,13119,バタフライ板橋,株式会社ＢＣＳ,営利法人,1371909621,東京都板橋区板橋４－３８－４－４０１,03-6905-7691,2015-04-01,,,,,,
訪問介護,板橋区,13119,あけぼの介護センター東武練馬,ケアゲート株式会社,営利法人,1371909977,東京都板橋区徳丸１－１２－１３コウヨウハウスビル１０２,03-5922-5461,2015-12-01,,平日・土曜日・日曜日・祝日,,,35.769648658973494,139.665142592621500
訪問介護,板橋区,13119,東京海上日動みずたま介護ＳＴ板橋,東京海上日動ベターライフサービス株式会社,営利法人,1371910272,東京都板橋区板橋３－６－１１フラワー１１　２Ｆ,03-5943-1055,2016-07-01,,平日・土曜日・日曜日・祝日,,http://www.mizutama-kaigo.jp,35.751064900000010,139.711618500000000
訪問介護,板橋区,13119,ヘルパーステーションえがお　板橋,株式会社ＥＧＡＯ,営利法人,1371910645,東京都板橋区栄町１８－８オリンポス板橋栄町２０６号,03-6905-6263,2017-06-01,,平日,,,35.754802999999995,139.702438600000020
訪問介護,板橋区,13119,ケアリッツ小豆沢,株式会社ケアリッツ・アンド・パートナーズ,営利法人,1371910785,東京都板橋区小豆沢３－６－７小豆沢ローズハイム３１３,03-6454-5931,2018-02-01,,平日・土曜日・日曜日・祝日,,https://www.careritz.co.jp/station/branch/azusawa/,35.776642359100590,139.694826080950860
訪問介護,板橋区,13119,訪問介護事業所すみれ板橋,株式会社エメラルドの郷,営利法人,1371910835,東京都板橋区三園１－２７－１５,03-5904-6022,2018-04-01,,平日・土曜日・日曜日・祝日,,,35.788977500000000,139.639109700000060
訪問介護,板橋区,13119,訪問介護ステーションなごやか板橋,医療法人知真会,医療法人,1371910942,東京都板橋区小茂根３－２－１５,03-5995-6630,2018-07-01,,平日・土曜日・日曜日・祝日,,http://www.chishinkai-group.jp/,35.751560900000000,139.681798900000000
訪問介護,板橋区,13119,金太郎ケアサービス,株式会社金太郎本舗,営利法人,1371911122,東京都板橋区栄町２６－１１コーポ栄１０２,03-6909-6088,2018-08-01,,,,,,
訪問介護,板橋区,13119,あずさわヘルパーステーションえがお,医療法人財団健康文化会,医療法人,1371911478,東京都板橋区小豆沢１－９－１６　２階,03-5915-6360,2019-10-01,,平日・土曜日・日曜日・祝日,,,35.772862800000000,139.700362100000000
訪問介護,板橋区,13119,ケアリッツ西台,株式会社ケアリッツ・アンド・パートナーズ,営利法人,1371911601,東京都板橋区蓮根２－１３－５レックス稲見１階,03-5918-6226,2020-04-01,,平日・土曜日・日曜日・祝日,,https://www.careritz.co.jp/station/branch/nishidai/,35.782381918103226,139.676411455207980
訪問介護,板橋区,13119,マルシモホームヘルプサービス板橋,有限会社マルシモ,営利法人,1371911700,東京都板橋区本町１７－１６ウッドベル板橋本町Ｂ－１０１,03-5926-7799,2020-09-01,,平日・土曜日・日曜日・祝日,,https://www.marushimo.co.jp,35.760169054135580,139.708091507720470
訪問介護,板橋区,13119,訪問介護まめの木,株式会社豆の木,営利法人,1371911817,東京都板橋区赤塚１－２０－３ラーバンヤマミツ１０６号,03-6909-2171,2021-03-01,,平日・土曜日・祝日,5,,35.771088400000000,139.650357200000000
訪問介護,板橋区,13119,やさしい手西台訪問介護事業所,株式会社やさしい手,営利法人,1371911924,東京都板橋区西台２－２４－１５,05017521339,2021-06-01,,平日・土曜日・日曜日・祝日,,https://www.yasashiite.com/subdomains/section/783/,35.780157699999980,139.668667200000010
訪問介護,板橋区,13119,訪問介護はっぴいす,株式会社はっぴいす,営利法人,1371911965,東京都板橋区徳丸１－４－１０,03-6906-4154,2021-09-01,,平日・土曜日・日曜日・祝日,,,35.768772000000000,139.666810700000000
訪問介護,板橋区,13119,サンウェルズ板橋ヘルパーステーション,株式会社サンウェルズ,営利法人,1371912054,東京都板橋区三園１－２１－２,03-5967-1316,2021-12-01,,平日・土曜日・日曜日・祝日,,http://sunwels.jp/,35.788900964115170,139.637936567410070
訪問介護,板橋区,13119,ケアワーク板橋,合同会社和佳,営利法人,1371912104,東京都板橋区仲町２２－３津軽ハイツ２０１,03-5930-9419,2022-05-01,,平日・土曜日・日曜日・祝日,40,,35.751854900000000,139.696412299999960
訪問介護,板橋区,13119,訪問介護事業所　みかん,合同会社みかん,営利法人,1371912161,東京都板橋区徳丸１－２４－５ゼフィール１０２,03-6824-1153,2023-01-01,,平日・土曜日・日曜日・祝日,5,https://houmonkaigo-mikan.jp/,35.770516505763170,139.665677842092150
訪問介護,板橋区,13119,ホームケアソレイユ上板橋,株式会社ＨＲＰ,営利法人,1371912328,東京都板橋区上板橋２－３－３新井ビル２０１号,03-6906-6739,2023-09-01,,平日・土曜日・日曜日・祝日,80,https://hr-p.biz/,35.761569800000000,139.673740700000000
訪問介護,板橋区,13119,ケアリッツ高島平南,株式会社ケアリッツ・アンド・パートナーズ,営利法人,1371912351,東京都板橋区高島平２－２３－３泉マンション１０５,03-6906-5742,2023-11-01,,平日・土曜日・日曜日・祝日,,https://www.careritz.co.jp/station/branch/takashimadairaminami/,35.785041809948450,139.659045214680450
訪問介護,板橋区,13119,ユースタイルケア　板橋センター,株式会社ＴＲｉｐ,営利法人,1371912393,東京都板橋区板橋１－４６－２シャロン新板橋１０３,03-6912-4220,2024-02-01,,平日,,,35.750438400000000,139.710341000000000
訪問介護,板橋区,13119,ケアステーション　アプト,株式会社アプト,営利法人,1371912518,東京都板橋区南町１－９,03-5964-5940,2024-09-01,,平日・土曜日・日曜日・祝日,,,35.737899784298120,139.703966318997000
訪問介護,板橋区,13119,医心館　訪問介護ステーション　上板橋,株式会社アンビス,営利法人,1371912575,東京都板橋区上板橋２－５－８,03-6281-0805,2025-03-01,,,,,35.761727900000000,139.673132700000000
訪問介護,板橋区,13119,訪問介護ベストデイ,株式会社ベストデイエンタープライズ,営利法人,1371912658,東京都板橋区坂下１－１１－３,03-5939-8912,2025-07-01,,,,https://bestday.co.jp/,35.778386738180096,139.683319783467100
訪問介護,板橋区,13119,訪問介護事業所　Ｂｅａ　Ｌｉｆｅ,合同会社Ｊ．ｃｏｎｎｅｃｔ,営利法人,1371912690,東京都板橋区板橋３－４－１２西岡ビル１階,03-6820-5012,2025-09-01,,平日・土曜日・日曜日・祝日,,,35.750078700000000,139.712760200000000
訪問介護,板橋区,13119,メディホス訪問介護板橋,株式会社メディホス,営利法人,1371912831,東京都板橋区前野町１－２９－１０,03-6454-5382,2026-05-01,,,,,,
訪問介護,板橋区,13119,はるかぜケア高島平,合同会社はるかぜ,営利法人,1371912880,東京都板橋区高島平４－２－１５,03-6339-8351,2026-09-01,,,,,,
訪問介護,練馬区,13120,訪問介護ステーション　寿星,特定非営利活動法人恩維会,非営利法人（NPO）,1371405604,東京都練馬区大泉町１－４１－９,03-6323-7080,2018-04-01,,平日・土曜日・日曜日・祝日,,,35.766393300000000,139.602920700000030
訪問介護,練馬区,13120,ニチイケアセンター桜台,株式会社ニチイ学館,営利法人,1371600063,東京都練馬区桜台１－８－１高橋ビル１階,03-5946-3933,2000-03-01,,平日・土曜日・日曜日・祝日,,http://www.nichiigakkan.co.jp,35.739128699999990,139.662578800000000
訪問介護,練馬区,13120,えこだ介護サービス,有限会社イシワタ,営利法人,1371901925,東京都練馬区小竹町１－３５－２　２Ｆ,03-3955-9330,2000-05-01,,平日・土曜日・祝日,,https://ishiwata-kaigo.com,35.738279242152170,139.676950432432620
訪問介護,練馬区,13120,指定訪問介護事業所　株式会社　ケアサービス伊東　大泉営業所,株式会社ケアサービス伊東,営利法人,1372000321,東京都練馬区東大泉２－８－７パレスフォンテーン３　１０２号室,03-5947-3301,1999-10-01,,平日,5,http://www.careservice-ito.com/,35.751194800000000,139.593409599999970
訪問介護,練馬区,13120,有限会社豊玉ハートランド,有限会社　豊玉ハートランド,営利法人,1372000651,東京都練馬区豊玉中３－１６－１３　サンワコーポラス,03-3992-0168,1999-12-01,,平日・土曜日・日曜日・祝日,5,,35.732699700000000,139.654362600000000
訪問介護,練馬区,13120,医療法人社団平真会薬師堂介護サービス,医療法人社団平真会,医療法人,1372000818,東京都練馬区富士見台３－５５－３,03-5393-5281,1999-12-01,,平日・土曜日・日曜日・祝日,,http://www.yakushido.jp/,35.739039629120010,139.621026368504800
訪問介護,練馬区,13120,新江古田ヘルパーステーション,医療法人社団真成会,医療法人,1372001022,東京都練馬区豊玉北１－１２－１６,03-5999-6020,2000-02-01,,平日・土曜日・日曜日・祝日,,,35.734601400000000,139.669186699999950
訪問介護,練馬区,13120,大泉訪問介護事業所,社会福祉法人練馬区社会福祉事業団,社会福祉法人（社協以外）,1372001071,東京都練馬区東大泉２－１１－２１,03-5905-5332,2000-02-01,,平日・土曜日・日曜日・祝日,20,http://www.nerima-swf.jp,35.751125500000000,139.596170400000000
訪問介護,練馬区,13120,ニチイケアセンター大泉,株式会社ニチイ学館,営利法人,1372001527,東京都練馬区東大泉３－１－５スプリング東ビル２０１,03-5933-3281,2000-04-01,,平日・土曜日・日曜日・祝日,,http://www.nichiigakkan.co.jp,35.751008700000000,139.591895900000050
訪問介護,練馬区,13120,ＮＰＯ・アクト練馬ふろしき,特定非営利活動法人アビリティクラブたすけあい練馬たすけあいワーカーズふろしき,非営利法人（NPO）,1372002137,東京都練馬区向山２－３－７,03-5848-6768,2001-10-01,,平日・土曜日・日曜日・祝日,,http://www.act-furoshiki.com,35.739243935988156,139.644529959907900
訪問介護,練馬区,13120,ヘルパーステーションさくらの苑,社会福祉法人北山会,社会福祉法人（社協以外）,1372002392,東京都練馬区北町八丁目２１番１９号,03-3931-0008,2002-04-01,,平日・土曜日・日曜日・祝日,13,http://www.hokuzankai.or.jp/,35.767391800000010,139.651137200000020
訪問介護,練馬区,13120,東京保健生活協同組合　介護センター　健生練馬,東京保健生活協同組合,生協,1372002558,東京都練馬区石神井町５－４－１２若尾ホームビル１０２,03-6763-8712,2002-07-01,,平日・土曜日・日曜日・祝日,,,35.738006499999980,139.605873999999970
訪問介護,練馬区,13120,富士見台訪問介護事業所,社会福祉法人練馬区社会福祉事業団,社会福祉法人（社協以外）,1372002665,東京都練馬区富士見台１－２２－４,03-5848-5801,2002-12-01,,平日・土曜日・日曜日・祝日,,http://www.nerima-swf.jp,35.733441735883474,139.621137428790100
訪問介護,練馬区,13120,コミュニティ・ケア,株式会社コミュニティ・ケア,営利法人,1372002863,東京都練馬区西大泉３－２６－１５さかえやビル２Ｆ,03-5933-0556,2003-04-01,,平日・土曜日・祝日,,http://www.communitycare-ooizumi.co.jp,35.762051400000000,139.578943699999970
訪問介護,練馬区,13120,ときわ・ふれあいサービス,有限会社ときわサービス,営利法人,1372003259,東京都練馬区平和台１－３１－１７サンハイツ２０００　１０１,03-5921-0776,2003-12-01,,平日・土曜日・祝日,,http://tokiwa-hureai.net/,35.757035000000020,139.663264300000040
訪問介護,練馬区,13120,柏の友訪問介護事業所,特定非営利活動法人柏の友,非営利法人（NPO）,1372003465,東京都練馬区貫井３－５－６ドンズビル３０２,03-3926-8261,2004-05-01,,平日・土曜日・日曜日・祝日,5,,35.735625706021686,139.627929329655440
訪問介護,練馬区,13120,いずみ医療生協訪問介護事業所,いずみ医療生活協同組合,生協,1372004026,東京都練馬区大泉町六丁目２９番２０号　学園スカイビル,03-3925-0422,2005-01-01,,,,,,
訪問介護,練馬区,13120,あい介護サービス練馬,有限会社ハートフル中野,営利法人,1372004216,東京都練馬区豊玉北３－２９－４サンハイツ豊玉１０２,03-5912-5023,2005-04-01,,,,,,
訪問介護,練馬区,13120,ケアセンター　あんたがた,有限会社あんたがた,営利法人,1372004521,東京都練馬区春日町３－５－１０,03-3998-1088,2005-09-01,,,,,,
訪問介護,練馬区,13120,エンジェルケアー,株式会社エンジェルケアー,営利法人,1372005601,東京都練馬区三原台２－２－８－２０１,03-6750-7761,2007-05-01,,,,http://angelcare.kai5.jp,35.755600300000010,139.607391300000050
訪問介護,練馬区,13120,ラ　ヴィータ武蔵関,株式会社Ｌａ　Ｖｉｔａ,営利法人,1372006385,東京都練馬区関町北２－３０－４コーポオーカー１０１,03-5927-5195,2008-10-01,,平日・土曜日・日曜日・祝日,160,,35.727452700000000,139.573997899999970
訪問介護,練馬区,13120,ニチイケアセンター石神井町,株式会社ニチイ学館,営利法人,1372006559,東京都練馬区石神井町１－２６－１０光栄ビル２０１,03-3995-8341,2009-04-01,,平日・土曜日・日曜日・祝日,,http://www.nichiigakkan.co.jp,35.743050244185700,139.608376426597630
訪問介護,練馬区,13120,介護ステーション幸,株式会社幸,営利法人,1372007011,東京都練馬区石神井町４－７－２４エスポワール９２　２０３号室,03-5923-9535,2010-01-01,,平日・土曜日・日曜日・祝日,5,https://sachi.cc/,35.745865605803964,139.605566024606330
訪問介護,練馬区,13120,朝焼け　練馬事業所,株式会社朝焼け,営利法人,1372007540,東京都練馬区関町北２－２９－８第二双葉ビル２０１,03-5903-9949,2010-10-01,,平日・土曜日・日曜日・祝日,20,http://asayakenet.com,35.727459135436840,139.576159406745900
訪問介護,練馬区,13120,ロータスクラブケアステーション,株式会社ケアステーション太陽,営利法人,1372007912,東京都練馬区豊玉北５－２３－１１－２０５,03-5984-2622,2011-05-01,,平日・土曜日,3,https://lotus-club.jp,35.735509500000006,139.654853400000000
訪問介護,練馬区,13120,ケアサービスのどか,株式会社のどか,営利法人,1372008308,東京都練馬区三原台３－２５－２７,03-6763-3232,2011-11-01,,平日・土曜日・日曜日・祝日,,,35.754772500000000,139.603547299999940
訪問介護,練馬区,13120,さっち,株式会社さっち,営利法人,1372008530,東京都練馬区南大泉３－２１－２１－１０３,03-6904-5730,2012-04-01,,平日・土曜日・日曜日・祝日,,http://www.sacchi.jp/,35.743020099999995,139.570364199999970
訪問介護,練馬区,13120,絆介護サービスねりま,株式会社絆介護サービス,営利法人,1372008738,東京都練馬区貫井１－１２－８サンライズ貫井１０２,03-5848-8628,2012-07-01,,平日・土曜日・日曜日・祝日,,,35.735578400000000,139.632728800000000
訪問介護,練馬区,13120,けあビジョン練馬,株式会社ビジュアルビジョン,営利法人,1372009066,東京都練馬区田柄４－２９－９－１０１,03-5968-8625,2012-11-01,,,,,,
訪問介護,練馬区,13120,ケア２１　練馬東,株式会社ケア２１,営利法人,1372009918,東京都練馬区豊玉北５－３－２　１階Ｃ,03-5912-2421,2013-11-01,,平日・土曜日・日曜日・祝日,,http://www.care21.co.jp/,35.736392900000000,139.656368299999940
訪問介護,練馬区,13120,ローズヒル,大雄商会株式会社,営利法人,1372010171,東京都練馬区貫井３－１４－１２,03-6767-8301,2014-04-01,,平日・土曜日・日曜日・祝日,,http://www.roze-daiyuu.tokyo/,35.736872300000000,139.629071100000000
訪問介護,練馬区,13120,ケアリッツ大泉,株式会社ケアリッツ・アンド・パートナーズ,営利法人,1372010593,東京都練馬区東大泉１－１２－２シャルム和泉１階,03-5935-4247,2014-10-01,,平日・土曜日・日曜日・祝日,,https://www.careritz.co.jp/station/branch/oizumi/,35.747685103813790,139.592511024040300
訪問介護,練馬区,13120,アースサポート富士見台,アースサポート株式会社,営利法人,1372011500,東京都練馬区貫井１－２９－１０,03-3577-3511,2016-07-01,,平日・土曜日・日曜日・祝日,,https://www.earthsupport.co.jp/,35.736622700000005,139.631690135581920
訪問介護,練馬区,13120,かしのきケア,有限会社カシノキ情報システム,営利法人,1372011567,東京都練馬区東大泉１－２０－３６　２Ｆ,03-5935-9030,2016-08-01,,平日・土曜日・日曜日・祝日,,http://kaigopro.com/,35.750578200000010,139.590773799999960
訪問介護,練馬区,13120,あけぼの介護センター桜台,ケアゲート株式会社,営利法人,1372012086,東京都練馬区桜台１－５－７常好ビル２階,03-6915-8950,2017-09-01,,平日・土曜日・日曜日・祝日,,https://caregate.webflow.io/,35.739156700000024,139.661451400000000
訪問介護,練馬区,13120,あくとケア　練馬,株式会社ＳＯＬ,営利法人,1372012169,東京都練馬区中村北４－１３－２ロイヤル中村橋２０３号室,03-6766-4718,2017-12-01,,平日・土曜日・日曜日・祝日,,https://actcare.jp/,35.735684099999990,139.636044199999960
訪問介護,練馬区,13120,ＳＯＭＰＯケア　大泉学園　訪問介護,ＳＯＭＰＯケア株式会社,営利法人,1372012201,東京都練馬区東大泉５－４－５田﨑店舗１階,03-5935-6023,2017-12-01,,平日・土曜日・日曜日・祝日,,https://www.sompocare.com,35.747248698278746,139.590944334162830
訪問介護,練馬区,13120,ホームヘルプみずのわ,株式会社みずのわ,営利法人,1372012359,東京都練馬区大泉学園町１－２５－６－２０１,03-5935-4412,2018-04-01,,平日・土曜日・日曜日・祝日,8,,35.761732300000010,139.589954100000000
訪問介護,練馬区,13120,ホームケア練馬,ＡＬＳＯＫらいふケア株式会社,営利法人,1372012532,東京都練馬区豊玉北３－２２－４桜台カーム１２号室,03-6914-6215,2018-07-01,,平日・土曜日・日曜日・祝日,,,35.736138500000050,139.662466600000000
訪問介護,練馬区,13120,ＡＬＳＯＫケアステーション南大泉,ＡＬＳＯＫ介護株式会社,営利法人,1372012813,東京都練馬区南大泉４－３０－１,03-6904-6137,2019-03-01,,平日・土曜日・日曜日・祝日,90,https://kaigo.alsok.co.jp/,35.745259600000000,139.572244200000000
訪問介護,練馬区,13120,やさしい手上石神井訪問介護事業所,株式会社やさしい手,営利法人,1372013027,東京都練馬区上石神井２－９－２１,03-6862-8743,2019-10-01,,平日・土曜日・日曜日・祝日,,http://www.yasashiite.com/subdomains/section/595/,35.728298100000000,139.597246000000040
訪問介護,練馬区,13120,ニチイケアセンター春日町,株式会社ニチイ学館,営利法人,1372013118,東京都練馬区春日町２－４－３５北村ビルＢ１階,03-5987-7060,2019-12-01,,平日・土曜日・日曜日・祝日,,,35.754658900000000,139.649533400000000
訪問介護,練馬区,13120,ハッピーケアサービス,合同会社にんじんふりー,営利法人,1372013282,東京都練馬区北町３－２０－１,03-6906-9672,2020-08-01,,平日・土曜日・祝日,45,https://care-net.biz/13/bolc,35.768591592278790,139.649106743146720
訪問介護,練馬区,13120,ヘルパーステーション　ふたば,株式会社フォーリーフクローバー,営利法人,1372013431,東京都練馬区富士見台３－１２－２１,03-5987-4008,2020-12-01,,平日・土曜日・日曜日・祝日,60,https://wakaba-fourleafclover.com/,35.740011900000010,139.625624799999970
訪問介護,練馬区,13120,ケアサポート　Ｌｉｎｋ,株式会社Ｌｉｎｋ,営利法人,1372013522,東京都練馬区東大泉６－１８－１５山口ビル２０３,03-5935-8995,2021-03-01,,,,,,
訪問介護,練馬区,13120,ハート介護サービス練馬,株式会社ハート介護サービス,営利法人,1372013761,東京都練馬区練馬４－２４－１０豊島園ビル３ＦＢ,03-6914-8638,2021-11-01,,平日,,http://www.heartkaigo.jp,35.742715980457874,139.649324866270430
訪問介護,練馬区,13120,チカラ　ケアクラフト,力株式会社,営利法人,1372013852,東京都練馬区貫井１－２９－１０富士見台マンション２００３号,03-5938-3289,2022-01-01,,平日,,,35.735572600000000,139.632744800000000
訪問介護,練馬区,13120,ケア２１　光が丘,株式会社ケア２１,営利法人,1372014173,東京都練馬区田柄２－１９－２４早川貸店舗１０１号室,03-6915-6813,2022-09-01,,平日・土曜日・日曜日・祝日,,,35.766618699999990,139.644033600000030
訪問介護,練馬区,13120,ケアリッツ新桜台,株式会社ケアリッツ・アンド・パートナーズ,営利法人,1372014363,東京都練馬区羽沢２－６－５武蔵野コーポ１０１,03-6914-7747,2023-03-01,,平日・土曜日・日曜日・祝日,,https://www.careritz.co.jp/station/branch/shinsakuradai/,35.743120646620240,139.670393120237700
訪問介護,練馬区,13120,ケア・アレックス,株式会社ｇｅｎｔｌｅｂｒｅｅｚｅ,営利法人,1372014439,東京都練馬区東大泉３－１７－１１エザンス大泉３０３,03-5932-8371,2023-06-01,,平日,,https://gentlebreeze18.jp/,35.751703300000000,139.587381400000000
訪問介護,練馬区,13120,ケアリッツ石神井公園,株式会社ケアリッツ・アンド・パートナーズ,営利法人,1372014611,東京都練馬区石神井町４－２１－１３大山マンション２０１,03-6915-9929,2023-11-01,,平日・土曜日・日曜日・祝日,,https://www.careritz.co.jp/station/branch/shakujiikoen/,35.750037553620150,139.603095552132230
訪問介護,練馬区,13120,こたけホームケアサービス,ｓｍｏｏｔｈｌｉｆｅｄｅｓｉｇｎ合同会社,営利法人,1372014728,東京都練馬区小竹町１－６６－２,03-6909-3132,2024-05-01,,平日・土曜日・日曜日・祝日,,,35.739240700000000,139.673381900000000
訪問介護,練馬区,13120,訪問介護　カガヤク,株式会社輝,営利法人,1372014793,東京都練馬区石神井町３－２５－４ダイアパレス石神井公園３０６,03-6795-0717,2024-09-01,,平日,,http://kagayaku.co.jp/,35.743224100000000,139.604832300000000
訪問介護,練馬区,13120,ヘルパーステーション　Ｓａｎｇｏ,株式会社ＦＴＳ,営利法人,1372014868,東京都練馬区大泉学園町５－１０－３６サングリーンＢ１０２,03-5935-8301,2025-01-01,,平日・土曜日・祝日,10,https://fts4958.com,35.766939300000000,139.585649100000000
訪問介護,練馬区,13120,医心館　訪問介護ステーション　中村橋,株式会社アンビス,営利法人,1372014975,東京都練馬区貫井１－３５－２,03-5848-5882,2025-04-01,,平日・土曜日・日曜日・祝日,,,35.736678400000000,139.634230800000000
訪問介護,練馬区,13120,Ｈｏｎｅｓｔ（オネスト）・ケア,株式会社Ｈｏｎｅｓｔ,営利法人,1372015089,東京都練馬区石神井町６－３２－１２－２０１,03-6336-6638,2025-08-01,,平日,,,35.740591799999970,139.597504800000020
訪問介護,練馬区,13120,ホームケア富士見台,ＡＬＳＯＫらいふケア株式会社,営利法人,1372015139,東京都練馬区富士見台２－１７－１０グレースガーデン１０３号室,03-5848-6571,2025-10-01,,平日,,https://www.life-silver.com/life/,35.735638000000020,139.624601600000000
訪問介護,練馬区,13120,ちひろ訪問介護ステーション,ベデザンジュ株式会社,営利法人,1372015246,東京都練馬区早宮３－９－２１,03-6826-9992,2026-04-01,,,,,,
訪問介護,練馬区,13120,エイトケア石神井プラス,株式会社サネクション,営利法人,1372015303,東京都練馬区高野台１－１５－３パルティール１Ｆ,03-6915-9690,2026-06-01,,,,,,
訪問介護,練馬区,13120,ノーティスケア,株式会社ノーティスケア,営利法人,1372015345,東京都練馬区貫井２－２１－４,03-5848-5402,2026-09-01,,,,,,
訪問介護,足立区,13121,有限会社　ライフケアー,有限会社ライフケアー,営利法人,1371700681,東京都足立区小台２－２８－１６,03-3800-7774,2000-01-04,,平日,30,http://hi-lifecare.com,35.757572300000000,139.760116700000000
訪問介護,足立区,13121,株式会社　梅元ケアセンター,株式会社梅元ケアセンター,営利法人,1372100147,東京都足立区西新井６－３－８,03-3854-7890,1999-12-01,,平日・土曜日・日曜日・祝日,350,http://www.umemoto-carecenter.co.jp,35.778483100000000,139.776572900000020
訪問介護,足立区,13121,東伊興指定訪問介護事業所,医療法人社団あすは会,医療法人,1372100717,東京都足立区東伊興３－１９－１０国寿マンション１０５号室,03-5839-5690,1999-10-01,,平日・土曜日・祝日,60,http://www7b.biglobe.ne.jp/~asuha/,35.802858400000000,139.792834600000000
訪問介護,足立区,13121,日介センター足立東,株式会社日本介護センター,営利法人,1372100907,東京都足立区竹の塚５－１－１４,03-5851-3520,2001-02-01,,平日・土曜日・日曜日・祝日,,http://www.nikkai-center.co.jp,35.793751100000000,139.797684399999980
訪問介護,足立区,13121,成仁訪問介護事業部,心身医療協会株式会社,営利法人,1372101228,東京都足立区中川４－２－１４,050-3734-5293,2000-02-01,,平日,,http://www.seijin.org/,35.769718600000000,139.845941900000070
訪問介護,足立区,13121,医療法人財団　厚生協会　ホームヘルプサービス保木間,医療法人財団厚生協会,医療法人,1372101319,東京都足立区保木間５－２３－２０,03-3883-3113,2000-03-01,,平日・土曜日・日曜日・祝日,,,35.804471400000025,139.804275900000020
訪問介護,足立区,13121,おだい介護サービス有限会社,おだい介護サービス有限会社,営利法人,1372102200,東京都足立区小台２－２３－８,03-5959-8885,2001-03-01,,平日・土曜日,,https://www.odaikaigo.com,35.757518100000000,139.757317300000070
訪問介護,足立区,13121,さいとうケアセンターヘルパー事業部,有限会社さいとうケアセンター,営利法人,1372102655,東京都足立区関原３－４６－１０,03-5845-7527,2002-01-01,,平日・土曜日・日曜日・祝日,,https://hp.kaipoke.biz/8hy/,35.772795200000000,139.785513900000070
訪問介護,足立区,13121,ＡＬＳＯＫケアステーション足立,ＡＬＳＯＫ介護株式会社,営利法人,1372103174,東京都足立区東保木間２－１７－１２,03-5851-0834,2002-12-01,,平日・土曜日・日曜日・祝日,50,,35.794131533335140,139.813874180252380
訪問介護,足立区,13121,ヒューマンサービス　やすらぎ,株式会社やすらぎ,営利法人,1372103620,東京都足立区竹の塚１－２７－１タケカビル４Ｆ,03-5851-1171,2003-09-01,,平日・土曜日・日曜日・祝日,,,35.791828938069150,139.790315362151940
訪問介護,足立区,13121,サッパリサポート,有限会社サッパリサポート,営利法人,1372104099,東京都足立区西綾瀬３－６－３,03-3849-7601,2005-05-01,,平日・土曜日・日曜日・祝日,20,,35.762810600000000,139.816658999999960
訪問介護,足立区,13121,ライフステージ　ひびき,有限会社ライフステージ,営利法人,1372104453,東京都足立区千住３－７平松ＨＭビル２０１号,03-5813-0371,2004-10-01,,平日・土曜日・日曜日・祝日,,https://www.lifestage-tokyo.jp/,35.751697348988685,139.801048160435470
訪問介護,足立区,13121,こもれび介護サービス,有限会社こもれび介護サービス,営利法人,1372104644,東京都足立区本木２－１１－４,03-5681-5582,2004-12-01,,平日・土曜日・日曜日・祝日,,,35.763779718456740,139.785046658999600
訪問介護,足立区,13121,ケアステーション　ハピネスあだち,社会福祉法人ファミリー,社会福祉法人（社協以外）,1372105013,東京都足立区江北３－１４－１,03-5839-3630,2005-07-01,,平日・土曜日・日曜日・祝日,40,http://family-wf.jp,35.774209145996410,139.762988840475500
訪問介護,足立区,13121,ヒューマンサービスやすらぎ加賀訪問介護事業所,株式会社やすらぎ,営利法人,1372105617,東京都足立区皿沼２－６－１７－１Ｆ,03-3857-2800,2006-05-01,,平日・土曜日・日曜日・祝日,115,,35.790373692746530,139.769405565601100
訪問介護,足立区,13121,キャロットヘルプステーション,キャロット有限会社,営利法人,1372105831,東京都足立区青井６－７－１８,03-5845-6411,2006-08-01,,平日・土曜日,,,35.775731100000000,139.814908400000030
訪問介護,足立区,13121,ケアサービス　いなほ,株式会社いなほ,営利法人,1372105997,東京都足立区入谷１－１３－１７,03-6903-6812,2006-10-01,,平日・土曜日・日曜日・祝日,,http://kabuinaho.com,35.803743200000000,139.769028400000020
訪問介護,足立区,13121,西新井ケアセンター,株式会社ＴＫカンパニー,営利法人,1372106375,東京都足立区西新井２－１１－１４,03-5838-0156,2007-06-01,,平日・土曜日,39,,35.783460500000000,139.783199900000000
訪問介護,足立区,13121,ＮＰＯ法人ライフサポートいぶき　訪問介護事業所,特定非営利活動法人ライフサポートいぶき,非営利法人（NPO）,1372106797,東京都足立区六月３－１－５　清和マンション,03-5831-0102,2008-03-01,,平日・土曜日・日曜日・祝日,,http://ibuki-kaigo.or.jp/,35.785677100000000,139.792110200000020
訪問介護,足立区,13121,クレーン・ケアサポート,有限会社やすらぎ企画,営利法人,1372107035,東京都足立区東和１－２－５－４０２,03-5849-6886,2009-02-01,,平日・土曜日・日曜日・祝日,2,,35.764300624858890,139.835774650087610
訪問介護,足立区,13121,ヘルパーステーションめいしょう,株式会社明昭,営利法人,1372107282,東京都足立区竹の塚４－４－１３　２階,03-5851-2282,2009-09-01,,平日・土曜日・日曜日・祝日,20,http://www.fukushi-e.com/,35.793189600000010,139.799061399999970
訪問介護,足立区,13121,ＳＯＭＰＯケア　王子神谷　訪問介護,ＳＯＭＰＯケア株式会社,営利法人,1372107480,東京都足立区新田１‐３‐１９,03-5902-3861,2010-03-01,,平日・土曜日・日曜日・祝日,,,35.772676999999990,139.737537699999960
訪問介護,足立区,13121,ケアサポート谷中ヘルパーステーション,有限会社ケアサポート谷中,営利法人,1372107662,東京都足立区谷中３－８－１８,03-3629-3755,2010-07-01,,平日・土曜日・日曜日・祝日,,http://www.csy.jp,35.778478300000000,139.835162200000000
訪問介護,足立区,13121,ぬくもり介護センター,株式会社ぬくもり,営利法人,1372107795,東京都足立区日ノ出町３９－１３－１０２,03-3870-4864,2010-10-01,,平日・土曜日・日曜日・祝日,40,,35.752775799999990,139.807499499999950
訪問介護,足立区,13121,希望介護サービス合同会社,希望介護サービス合同会社,営利法人,1372108074,東京都足立区竹の塚３－２０－１０国井ハイツ２０１,03-5242-8737,2011-05-01,,平日・土曜日・日曜日・祝日,3,,35.792698500000000,139.798484400000000
訪問介護,足立区,13121,わかばケアセンター　竹の塚,株式会社わかばケアセンター,営利法人,1372108207,東京都足立区竹の塚１－３３－１０,03-5851-8856,2011-08-01,,平日・土曜日・日曜日・祝日,,http://www.wakaba-care.co.jp/,35.790840730987010,139.793900997464800
訪問介護,足立区,13121,ケアサービス　みなみゆう,株式会社みなみ友,営利法人,1372108504,東京都足立区花畑２－１６－１０,03-5831-6877,2012-01-01,,平日・土曜日,10,http://minami-u.com,35.802342400000000,139.818931600000000
訪問介護,足立区,13121,とねり介護タクシー株式会社,とねり介護タクシー株式会社,営利法人,1372108793,東京都足立区舎人５－７－２１,0120-500-442,2012-06-01,,,,,,
訪問介護,足立区,13121,ヘルパーステーション鈴の木,株式会社鈴の木,営利法人,1372109403,東京都足立区六月３－１－１６ロイヤルハイツ１０３号,03-5856-5631,2013-05-01,,平日・土曜日・日曜日・祝日,,,35.786379800000006,139.792473999999970
訪問介護,足立区,13121,訪問介護事業所ふくべ屋,株式会社ふくべ屋,営利法人,1372109692,東京都足立区伊興本町１－１３－５,03-5647-6494,2013-08-01,,平日,,http://www.fukubeya.co.jp,35.798902399999990,139.786223400000040
訪問介護,足立区,13121,ジョイル　ケア,株式会社ジョイル,営利法人,1372109973,東京都足立区東綾瀬２－３－１－７０２号,03-5849-5503,2014-02-01,,平日・土曜日・日曜日・祝日,50,,35.768318170594526,139.829611730649500
訪問介護,足立区,13121,やさしい手　竹ノ塚訪問介護事業所,株式会社やさしい手,営利法人,1372110476,東京都足立区東伊興３－２１－５フューチャー本社ビル４Ｆ,05017521309,2014-10-01,,平日・土曜日・日曜日・祝日,,http://www.yasashiite.com/subdomains/sec_page/296/12/,35.803353500000010,139.791682900000040
訪問介護,足立区,13121,ご長寿くらぶ足立・六木訪問介護事業所,株式会社アーバンアーキテック,営利法人,1372110591,東京都足立区六木４－７－２４,03-5849-3360,2015-01-01,,平日・土曜日・日曜日・祝日,21,http://www.urbanarchitech.com,35.797103599999990,139.837145100000040
訪問介護,足立区,13121,ケアリッツ綾瀬,株式会社ケアリッツ・アンド・パートナーズ,営利法人,1372110849,東京都足立区綾瀬４－２２－２ヴィラ綾瀬１階,03-5888-4844,2015-06-01,,平日・土曜日・日曜日・祝日,,https://www.careritz.co.jp/station/branch/ayase/,35.766146725444720,139.822120970066000
訪問介護,足立区,13121,福祉車両コクエー,有限会社コクエー,営利法人,1372111102,東京都足立区関原２－２２－２,050-3695-4680,2015-10-01,,平日・土曜日・日曜日・祝日,,http://www.ctt.ne.jp/~kokue/,35.767165400000000,139.789855499999930
訪問介護,足立区,13121,絆　ホームケア,合同会社愛心倶楽部,営利法人,1372111326,東京都足立区佐野２－３２－１４－２０３,03-5856-3411,2016-04-01,,平日・土曜日・日曜日・祝日,120,,35.788857499999985,139.837231299999980
訪問介護,足立区,13121,ご長寿くらぶ足立・梅田訪問介護事業所,株式会社アーバンアーキテック,営利法人,1372111540,東京都足立区梅田４－３９－１６,03-6806-4480,2016-08-01,,平日・土曜日・日曜日・祝日,,http://gotyoujyuclub.com/,35.766171100000000,139.792821900000030
訪問介護,足立区,13121,ＳＯＭＰＯケア　足立保塚　訪問介護,ＳＯＭＰＯケア株式会社,営利法人,1372111938,東京都足立区保塚町４－３１,03-5851-0621,2017-06-01,,平日・土曜日・日曜日・祝日,,https://www.sompocare.com,35.784863300000000,139.813305500000070
訪問介護,足立区,13121,豊介護,初美産業株式会社,営利法人,1372112027,東京都足立区本木南町１９－１２萩尾ビル３０２号室,03-5888-7809,2017-08-01,,,,,,
訪問介護,足立区,13121,ケアリッツ竹の塚,株式会社ケアリッツ・アンド・パートナーズ,営利法人,1372112209,東京都足立区竹の塚４－９－５エーデルブルーメカワチ１階,03-5851-9150,2018-02-01,,平日・土曜日・日曜日・祝日,,https://www.careritz.co.jp/station/branch/takenotsuka/,35.790178210033690,139.790608822173200
訪問介護,足立区,13121,ＳＯＭＰＯケア　梅島　訪問介護,ＳＯＭＰＯケア株式会社,営利法人,1372112407,東京都足立区足立３－３３－１田口会館ビル２０１,03-5845-2861,2018-07-01,,平日・土曜日・日曜日・祝日,,https://www.sompocare.com/service/zaitaku/kaigo/Z000025,35.765505636008550,139.808823516270140
訪問介護,足立区,13121,ケアサービス　ひだまり,株式会社ひだまり,営利法人,1372112860,東京都足立区古千谷本町２－２１－１１,03-5837-4680,2019-04-01,,平日・土曜日・日曜日・祝日,60,,35.805173559623950,139.774341623608050
訪問介護,足立区,13121,ケアリッツ舎人,株式会社ケアリッツ・アンド・パートナーズ,営利法人,1372112936,東京都足立区舎人２－９－１アークガレリア事務所１階,03-6807-1758,2019-06-01,,平日・土曜日・日曜日・祝日,,https://www.careritz.co.jp/station/branch/toneri/,35.809016199999990,139.771258699999980
訪問介護,足立区,13121,ケアリッツ五反野,株式会社ケアリッツ・アンド・パートナーズ,営利法人,1372113009,東京都足立区中央本町２－２２－１５武田ビル１階,03-6807-2515,2019-11-01,,平日・土曜日・日曜日・祝日,,https://www.careritz.co.jp/station/branch/gotanno/,35.768883000000000,139.809800600000000
訪問介護,足立区,13121,プルメリア訪問介護　東京事業所,プルメリア訪問介護株式会社,営利法人,1372113165,東京都足立区竹の塚３－３－９,03-5856-6558,2020-05-01,,平日,,,35.788962500000000,139.798841600000000
訪問介護,足立区,13121,ウィルケア,株式会社ＳＴウィル,営利法人,1372113314,東京都足立区鹿浜１－２０－１２さくらビル５０１,03-6318-5820,2020-10-01,,平日・土曜日・日曜日・祝日,,,35.809638652032646,139.775202810017080
訪問介護,足立区,13121,ｍｋサービス,株式会社まさひろ,営利法人,1372113470,東京都足立区大谷田１－７－１１,03-3629-7487,2021-04-01,,平日・土曜日・日曜日・祝日,,,35.776964000000000,139.846419100000000
訪問介護,足立区,13121,クレア足立ヘルパーステーション,株式会社元気な介護,営利法人,1372113561,東京都足立区入谷２－１９－１０,03-5647-8050,2021-07-01,,平日・土曜日・日曜日・祝日,,https://www.genkinakaigo.co.jp,35.809125300000000,139.763371100000000
訪問介護,足立区,13121,春の風支援センター訪問介護,株式会社凌澤,営利法人,1372113652,東京都足立区栗原３－１０－１９,03-5888-7542,2021-10-01,,平日・土曜日・祝日,,,35.778222900000010,139.782978800000000
訪問介護,足立区,13121,ケアサービスゆずなの郷,株式会社ＥＭＩＫＵＲＵＴＯＰＩＡ,営利法人,1372113736,東京都足立区西伊興２－２－１１,03-3896-3100,2022-05-01,,平日・土曜日・日曜日・祝日,,http://yuzuna-sato.com,35.795059700000000,139.778597200000000
訪問介護,足立区,13121,訪問介護ステラ・イブ,合同会社ステラ・イブ,営利法人,1372113892,東京都足立区竹の塚４－１３－３シャングリラ竹の塚３０３,03-5851-8587,2022-11-01,,平日・土曜日・日曜日・祝日,,http://hp.kaipoke.biz/mz6/,35.794138600000000,139.797942600000000
訪問介護,足立区,13121,かんぱい,株式会社ＫＰＩ,営利法人,1372114015,東京都足立区鹿浜５－１７－１５,03-5647-8848,2023-04-01,,平日・土曜日・日曜日・祝日,50,,35.784627231015790,139.753513623278820
訪問介護,足立区,13121,ハミング訪問介護,株式会社ハミングバード,営利法人,1372114098,東京都足立区鹿浜３－３０－１２－１０６,03-6803-1793,2023-06-01,,平日・土曜日・日曜日・祝日,,,35.783546600000000,139.752969600000000
訪問介護,足立区,13121,ケアリッツ江北,株式会社ケアリッツ・アンド・パートナーズ,営利法人,1372114338,東京都足立区江北３－２３－１５コーポ堀田１０２,03-5809-4296,2023-12-01,,平日・土曜日・日曜日・祝日,,https://www.careritz.co.jp/station/branch/kohoku/,35.776935200000000,139.764099800000000
訪問介護,足立区,13121,なないろかいご,合同会社ｔａｓｋａｇｅｎｔ,営利法人,1372114403,東京都足立区保木間１－１９－２プラセール竹の塚１階,03-5856-7760,2024-05-01,,平日,,https://nursecare-and-rehabili-nanairo.com/,35.791486099999986,139.802857400000000
訪問介護,足立区,13121,ケアサービス末広,株式会社ケアサービス末広,営利法人,1372114528,東京都足立区足立３－３３－１６山川ビル１階１号室,03-5888-7755,2024-10-01,,平日・土曜日・日曜日・祝日,,,35.765402197206400,139.809153469108200
訪問介護,足立区,13121,ラポール訪問介護,株式会社小雪,営利法人,1372114684,東京都足立区小台１－６－３,07069930115,2025-04-01,,平日・土曜日・日曜日・祝日,,,35.756796300000000,139.762402700000000
訪問介護,足立区,13121,ゆるり訪問介護,合同会社サンソフィア司,営利法人,1372114841,東京都足立区保木間３－３７－５メゾンドアン１０２号,03-5809-5450,2025-08-01,,平日・土曜日,,,35.772917400000000,139.781483200000000
訪問介護,足立区,13121,訪問介護リブウェル足立入谷,株式会社ビオネスト,営利法人,1372115020,東京都足立区入谷９－１４－１４,03-5809-5463,2026-01-01,,平日,,,35.808511100000000,139.757381500000000
訪問介護,足立区,13121,訪問介護ステーションＨＩＢＩＳＵ西新井,株式会社ＢＩＳＣＵＳＳ,営利法人,1372115186,東京都足立区西新井５－２３－１,03-5837-4068,2026-04-01,,,,,,
訪問介護,葛飾区,13122,あおばヘルパーステーション,有限会社アクティヴ・ジャパン,営利法人,1370700989,東京都葛飾区西亀有２－７－５－１０６号ハイムイワクラ,03-5856-3011,2001-07-01,,平日・土曜日・日曜日・祝日,25,,35.761412599999986,139.831472500000000
訪問介護,葛飾区,13122,株式会社大起エンゼルヘルプ　葛飾ケアセンター,株式会社大起エンゼルヘルプ,営利法人,1372200012,東京都葛飾区高砂２－１７－９神谷コーポ１階,03-5693-2221,1999-12-01,,平日・土曜日・日曜日・祝日,5,http://www.enzeru.co.jp,35.749618399999996,139.866273400000000
訪問介護,葛飾区,13122,株式会社　愛和　介護事業本部,株式会社愛和,営利法人,1372200194,東京都葛飾区細田４－３－９,03-6458-9901,1999-12-01,,平日・土曜日・日曜日・祝日,,http://www.aiwa-fukushi.com,35.741638900000000,139.871966299999940
訪問介護,葛飾区,13122,トーリツ訪問介護　葛飾,株式会社トーリツ,営利法人,1372200301,東京都葛飾区東新小岩７－２－１２,03-3691-8869,1999-10-01,,平日・土曜日・日曜日・祝日,10,http://www.to-ritsu.co.jp,35.723729600000000,139.852952400000050
訪問介護,葛飾区,13122,やさしい手葛飾訪問介護事業所,株式会社やさしい手,営利法人,1372200632,東京都葛飾区金町６－１０－１ベルハイツ１階,05017521311,1999-12-01,,平日・土曜日・日曜日・祝日,,https://search.yasashiite.com/detail/homonkaigo_katsusika/,35.768485200000000,139.873045600000070
訪問介護,葛飾区,13122,佐々木ケアサービス株式会社　在宅介護事業部　葛飾営業所,佐々木ケアサービス株式会社,営利法人,1372200905,東京都葛飾区立石４－３０－１１,03-5672-4801,2000-02-01,,平日・土曜日・日曜日・祝日,150,http://www.magonote.com,35.740763976289410,139.848765428836000
訪問介護,葛飾区,13122,ホームヘルプサービス　ソラスト葛飾,株式会社ソラスト,営利法人,1372201192,東京都葛飾区お花茶屋１－７－２リンデンハイム１階,03-5629-5851,2000-04-01,,平日・土曜日・日曜日・祝日,,https://solasto-kaigo.com/service/homecare/katsushika,35.749047300000010,139.837530400000000
訪問介護,葛飾区,13122,有限会社　ヘルパーステーションひまわり,有限会社　ヘルパーステーションひまわり,営利法人,1372201408,東京都葛飾区堀切３－１７－１４コザキパレス１０１,03-3695-0312,2000-09-01,,平日・土曜日・日曜日・祝日,,,35.747201900000000,139.825945700000030
訪問介護,葛飾区,13122,ＳＩＬＶＥＲ　ＳＵＰＰＯＲＴ　ＧＡＲＤＥＮＳ　みつばち,株式会社サンドリーム,営利法人,1372201606,東京都葛飾区高砂３－２７－１３,03-5693-3636,2001-08-01,,平日・土曜日・祝日,,http://www.sundream.co.jp,35.748101900000000,139.869738500000040
訪問介護,葛飾区,13122,有限会社　グッドケア,有限会社グッドケア,営利法人,1372201754,東京都葛飾区東新小岩五丁目１９番１１号,03-3657-2571,2002-01-01,,平日・土曜日・日曜日・祝日,,http://park16.wakwak.com/goodkea/,35.723215800000000,139.857710300000000
訪問介護,葛飾区,13122,セーフティー　ヘルパーステーション,有限会社エムエスシー,営利法人,1372201952,東京都葛飾区水元四丁目２５番８－２０９号メゾンヌーボ水元Ⅱ,03-5660-2584,2002-09-01,,平日・土曜日・日曜日・祝日,,,35.785811000000020,139.864712299999980
訪問介護,葛飾区,13122,あおぞらケアセンター亀有,青空有限会社,営利法人,1372202026,東京都葛飾区白鳥４－２２－１０エステルハイツ１階,03-5650-3051,2002-10-01,,平日・土曜日・日曜日・祝日,,,35.756102299999990,139.849227299999970
訪問介護,葛飾区,13122,ベストケアかつしか,有限会社　せき介護サービス,営利法人,1372202117,東京都葛飾区青戸五丁目８番１４号小島ビル１F,03-3603-1461,2003-01-01,,平日・土曜日・日曜日・祝日,50,http://business4.plala.or.jp/best1/,35.751365500000000,139.852556400000030
訪問介護,葛飾区,13122,ヒットサービス,株式会社　ＨＩＴ,営利法人,1372202364,東京都葛飾区高砂三丁目１番２８号　ハニーハイツ（５）１０５,03-3657-2155,2003-05-01,,平日・土曜日・日曜日・祝日,,,35.747183599999985,139.868686900000000
訪問介護,葛飾区,13122,ヘルパーステーション　けいあい,有限会社袴田ケアサービス,営利法人,1372202406,東京都葛飾区柴又７－５－３２　シャトー山田１０１,03-5668-2988,2003-07-01,,平日,,,35.758230999999990,139.876273600000000
訪問介護,葛飾区,13122,ファミリーケアあおと,社会福祉法人すこやか福祉会,社会福祉法人（社協以外）,1372202604,東京都葛飾区青戸３－１２－４フルキビル１階,03-5650-3885,2004-01-01,,平日・土曜日・日曜日・祝日,5,http://www.sukoyaka-fu.or.jp,35.747659277503440,139.848949199861180
訪問介護,葛飾区,13122,ヘルパーステーション末広,有限会社スマイル企画,営利法人,1372202695,東京都葛飾区金町４－２４－５アンビル１階,03-3608-3871,2004-04-01,,平日・土曜日・日曜日・祝日,,,35.764380400000000,139.863235300000040
訪問介護,葛飾区,13122,きらら介護サービス,株式会社グッドスタッフ,営利法人,1372203198,東京都葛飾区小菅３－５－１４,03-5650-5226,2005-12-01,,平日・土曜日・日曜日・祝日,,http://www.kirara-ds.com/callcare.html,35.755503500000010,139.831388800000000
訪問介護,葛飾区,13122,山手ケアサービス葛飾,山手タクシー株式会社,営利法人,1372203339,東京都葛飾区堀切１－３８－１１,03-5671-0058,2005-10-01,,平日,,,35.742364300000000,139.832874200000000
訪問介護,葛飾区,13122,訪問介護あいちぐら,有限会社　結い,営利法人,1372203610,東京都葛飾区高砂８－２５－１２－１０５,03-5648-2103,2006-04-01,,平日・土曜日・日曜日・祝日,5,https://www.aitigura.net,35.752898500000000,139.868821600000050
訪問介護,葛飾区,13122,セントケア立石,セントケア東京株式会社,営利法人,1372203909,東京都葛飾区立石６－１３－２小山ビル１階,03-5698-2945,2007-04-01,,平日・土曜日・日曜日・祝日,15,http://www.saint-care.com/tokyo/,35.743939300000000,139.849659500000000
訪問介護,葛飾区,13122,ケアサービスきりん,株式会社リガード,営利法人,1372204071,東京都葛飾区堀切２－５５－１５,03-6662-8452,2007-11-01,,平日・土曜日・日曜日・祝日,80,http://regard2007.com/,35.745445623305436,139.828286511635470
訪問介護,葛飾区,13122,フタバ介護サービス,株式会社フタバ介護サービス,営利法人,1372204329,東京都葛飾区四つ木４－２８－１１,03-5698-2841,2008-09-01,,平日・土曜日,,,35.739558600000010,139.835595199999940
訪問介護,葛飾区,13122,介護の要さん,九峰合資会社介護の要さん,営利法人,1372204378,東京都葛飾区南水元１－２８－６南水元第４アパート３０２,03-3600-2240,2009-01-01,,平日・土曜日・日曜日・祝日,,,35.775385799999990,139.861695999999970
訪問介護,葛飾区,13122,みやびサポート,みやびサポート株式会社,営利法人,1372204444,東京都葛飾区高砂３－２２－２,03-3672-1139,2009-04-01,,平日・土曜日・日曜日・祝日,70,http://miyabi-support.jp,35.749285100000000,139.869157900000000
訪問介護,葛飾区,13122,癒しのヘルパーステーション葛飾,株式会社リエイケア,営利法人,1372204501,東京都葛飾区奥戸２－１６－７米山ビル３０１号室,03-5672-2642,2009-06-01,,平日・土曜日・日曜日・祝日,,http://www.riei.co.jp/communicare/,35.735728500000000,139.856470800000000
訪問介護,葛飾区,13122,喜楽里・けあ,株式会社喜楽里・けあ,営利法人,1372204774,東京都葛飾区立石４－７－１－１０２号,03-5671-3955,2010-02-01,,,,,,
訪問介護,葛飾区,13122,きらら介護サービス　亀有,株式会社グッドスタッフ,営利法人,1372205102,東京都葛飾区青戸８－９－１６,03-5650-2735,2011-05-01,,平日・土曜日・祝日,,https://kirara-kaigo.net/office/kameari/,35.756260799999990,139.851846300000030
訪問介護,葛飾区,13122,ヘルパーステーション　櫻舞,株式会社櫻舞,営利法人,1372205565,東京都葛飾区亀有１－２２－２２,03-3602-7222,2012-09-01,,平日・土曜日・日曜日・祝日,80,http://park10.wakwak.com/~hirari/,35.758850600000000,139.846812000000000
訪問介護,葛飾区,13122,ハーツ・ケア,特定非営利活動法人ホッとスマイル,非営利法人（NPO）,1372205805,東京都葛飾区西亀有３－１７－４パークハイム４０４号,03-6240-7841,2013-02-01,,平日,,,35.760175000000000,139.838614899999980
訪問介護,葛飾区,13122,アースサポート新小岩,アースサポート株式会社,営利法人,1372206076,東京都葛飾区新小岩１－３５－１１,03-3652-5111,2013-07-01,,平日・土曜日・日曜日・祝日,,https://www.earthsupport.co.jp/,35.714169500000000,139.859677299999930
訪問介護,葛飾区,13122,ケア　ひかり,有限会社ひかりケアサービス,営利法人,1372206225,東京都葛飾区堀切２－３３－３林コーポ１０２,03-3697-1202,2013-11-01,,平日・土曜日・日曜日・祝日,10,http://hp.kaipoke.biz/fzg/,35.744417155806060,139.826491016018800
訪問介護,葛飾区,13122,ミアヘルサ　ホームヘルプ東新小岩,ミアヘルサ株式会社,営利法人,1372206415,東京都葛飾区東新小岩４－１１－１０,03-5654-7465,2014-04-01,,平日・土曜日・日曜日・祝日,45,https://www.merhalsa.jp,35.725871200000000,139.861801400000000
訪問介護,葛飾区,13122,訪問介護事業所あかつき,株式会社曉,営利法人,1372206696,東京都葛飾区高砂２－１－２６リバーサイドふじ３０２,03-6458-0935,2014-09-01,,平日・土曜日・日曜日・祝日,,https://k-akatsuki.com,35.746288300000010,139.864075100000040
訪問介護,葛飾区,13122,アシアム,株式会社ＡＳＩＡＭ,営利法人,1372207108,東京都葛飾区四つ木１－３１－３秋本マンション１階１－Ｄ,03-5654-6354,2015-08-01,,平日・土曜日・日曜日・祝日,117,https://www.asiam.rocks/,35.735691600000010,139.859356100000000
訪問介護,葛飾区,13122,ケアサービス新小岩,株式会社ソラスト,営利法人,1372207389,東京都葛飾区東新小岩８－８－１１　１階,03-5671-2026,2016-02-01,,平日・土曜日・日曜日・祝日,,http://www.solasto.co.jp/index.html,35.719799355043470,139.856756500594310
訪問介護,葛飾区,13122,訪問介護事業所ハートフル葛飾,株式会社ボンボヤージュ,営利法人,1372207587,東京都葛飾区高砂２－２－７ハウスオガワ２０１,03-6657-8718,2016-12-01,,平日・土曜日・日曜日・祝日,1,,35.746604900000000,139.864888899999980
訪問介護,葛飾区,13122,訪問介護　スモールステップ,株式会社ｓｍａｌｌ　ｓｔｅｐ,営利法人,1372207702,東京都葛飾区青戸１－１８－５エスポアール青砥１０１,03-5875-7708,2017-04-01,,平日・土曜日・日曜日・祝日,,https://smallstep.co.jp,35.742644400000000,139.855920400000060
訪問介護,葛飾区,13122,ケアステーションスマイル,株式会社スマイル,営利法人,1372207769,東京都葛飾区四つ木１－３３－２たちばなコーポ２０１,03-6657-7217,2017-05-01,,平日・土曜日・日曜日・祝日,,,35.734443721822510,139.835410806416700
訪問介護,葛飾区,13122,ＳＯＭＰＯケア　葛飾　訪問介護,ＳＯＭＰＯケア株式会社,営利法人,1372208049,東京都葛飾区青戸３－３３－１４サンプラザビル６階,03-3602-3890,2018-07-01,,平日・土曜日・日曜日・祝日,50,https://www.sompocare.com/service/zaitaku/kaigo/Z000639,35.746870599999994,139.855839000000030
訪問介護,葛飾区,13122,グランフレア金町,株式会社グランフレア金町,営利法人,1372208163,東京都葛飾区金町５－２４－１８,03-5876-0888,2019-02-01,,平日・土曜日・日曜日・祝日,,https://grand-flare.com,35.765899500000000,139.868746000000000
訪問介護,葛飾区,13122,ケアリッツ青砥,株式会社ケアリッツ・アンド・パートナーズ,営利法人,1372208320,東京都葛飾区青戸５－２７－８ＡＯ５ハウス１階事務所,03-6662-6950,2020-01-01,,平日・土曜日・日曜日・祝日,,https://www.careritz.co.jp/station/branch/aoto/,35.750583445871940,139.854868961342220
訪問介護,葛飾区,13122,ニチイライフケア柴又ヘルパーステーション,株式会社ニチイケアパレス,営利法人,1372208387,東京都葛飾区柴又７－１３－８,03-6458-9645,2020-05-01,,平日・土曜日・日曜日・祝日,,https://ohisamahouse.com/shibamata/,35.759928300000000,139.878361400000000
訪問介護,葛飾区,13122,ケアリッツ新小岩,株式会社ケアリッツ・アンド・パートナーズ,営利法人,1372208486,東京都葛飾区新小岩２－１０－５小島ビル１階,03-5879-5980,2020-10-01,,平日・土曜日・日曜日・祝日,,https://www.careritz.co.jp/station/branch/sinkoiwa/,35.715802400215920,139.860785106745900
訪問介護,葛飾区,13122,アローズケア訪問介護事業所,株式会社アローズケア,営利法人,1372208643,東京都葛飾区宝町２－１２－８フラワーパレス参番館１０１,09091469068,2021-03-01,,平日,,https://www.arrows1129.com,35.745110200000000,139.835579200000000
訪問介護,葛飾区,13122,すまいるらいふけあ,株式会社すまいるらいふけあ,営利法人,1372208718,東京都葛飾区亀有５－３３－４メゾン・ド・カメアリ２Ｆ－Ａ,03-3628-8377,2021-08-01,,平日・土曜日,,,35.766744900000000,139.846989400000000
訪問介護,葛飾区,13122,ウィズ・ユーサマー訪問介護ステーション,株式会社夏,営利法人,1372208783,東京都葛飾区小菅２－２２－１０　１階,03-5654-6977,2022-04-01,,平日・土曜日・日曜日・祝日,,,35.750952400000010,139.827677000000020
訪問介護,葛飾区,13122,ウィズ・ユー南水元訪問介護事業所,株式会社Ｂｅｌｌｉｓ,営利法人,1372208825,東京都葛飾区南水元４－２－１２ロワールハイツ１０１,03-6802-6253,2022-05-01,,,,,,
訪問介護,葛飾区,13122,訪問介護　ゆにいく,株式会社ＷＨＥＥＬＦＲＯＮＴＩＥＲ,営利法人,1372208916,東京都葛飾区青戸１－１５－２メゾン藤１０３号室,03-6662-8930,2022-09-01,,平日・土曜日・日曜日・祝日,,https://unique-kaigo.jp,35.743032700000000,139.856234200000000
訪問介護,葛飾区,13122,ヘルパーステーションあろはな,合同会社Ｎ’ｓ・ｃｏｍｐａｎｙ,営利法人,1372208932,東京都葛飾区青戸２－７－１,03-6662-8160,2022-10-01,,平日・土曜日・日曜日・祝日,,,35.746796800000000,139.857296300000000
訪問介護,葛飾区,13122,しらゆりステーション,株式会社創信,営利法人,1372209120,東京都葛飾区堀切５－２１－１１－１Ｆ亀山マンション,03-5654-7364,2023-05-01,,平日・土曜日,,,35.748878000000000,139.828676400000000
訪問介護,葛飾区,13122,ケアステーションきらら高砂,スターツケアサービス株式会社,営利法人,1372209187,東京都葛飾区高砂３－１１－１４ステーションハイツ高砂１０４,03-5612-6310,2023-09-01,,平日・土曜日・祝日,,https://www.starts-care.jp/,35.750389000000000,139.867726900000000
訪問介護,葛飾区,13122,訪問介護　一瞬,一般社団法人山友会,社団・財団,1372209237,東京都葛飾区亀有５－４５－１クロスビル４０３,03-5856-1440,2023-11-01,,平日,,,35.767424700000020,139.849167800000000
訪問介護,葛飾区,13122,えす訪問介護,株式会社エルデロ,営利法人,1372209286,東京都葛飾区亀有５－２８－１１ジュネスサンプレイス３０１号室,03-5697-8130,2024-03-01,,平日・土曜日・日曜日・祝日,184,,35.768388000000000,139.847228300000000
訪問介護,葛飾区,13122,ソワン訪問介護センター２,株式会社ＳＯＩＮ,営利法人,1372209351,東京都葛飾区青戸３－３７－３サンティージュビル　３号室,07064000278,2024-11-01,,平日,,,35.745687300000000,139.855306600000000
訪問介護,葛飾区,13122,ケアサービス３９,アイ・フィールド株式会社,営利法人,1372209427,東京都葛飾区柴又１－３７－２,03-5876-5351,2025-01-01,,平日,,,35.756038800000006,139.872651900000000
訪問介護,葛飾区,13122,鶴亀訪問介護くをん,株式会社達富,営利法人,1372209492,東京都葛飾区新小岩３－１２－８ヘルシーハイツ１０１,03-5607-7033,2025-04-01,,平日・土曜日・日曜日・祝日,,https://www.tatsuto.jp/,35.717547600000000,139.865194300000000
訪問介護,葛飾区,13122,ヘルパーステーションリボーン東京,株式会社ｒｅｂｏｒｎ,営利法人,1372209690,東京都葛飾区新小岩１－２５－１４セレクトーン４０３号室,05088936748,2026-05-01,,,,,,
訪問介護,葛飾区,13122,水元ファインライフ,医療法人社団憲昇会,医療法人,1372209724,東京都葛飾区水元３－１５－８大盛工業本社ビル１Ｆ,03-3627-8151,2026-06-01,,,,,,
訪問介護,葛飾区,13122,まちの介護ステーション,株式会社ユーニック,営利法人,1372209773,東京都葛飾区西水元２－２１－１６,03-5876-5738,2026-08-01,,,,,,
訪問介護,江戸川区,13123,ふれあいプラザ　ラビット,有限会社ラビット,営利法人,1370200436,東京都江戸川区西葛西３－２２－１５,03-5675-3677,2000-11-01,,平日・土曜日・日曜日・祝日,,http://www.rabbit-jp.net,35.666844400000000,139.859297800000030
訪問介護,江戸川区,13123,ロマン交通　らくだサービス,企業組合ロマン交通,その他法人,1370402081,東京都江戸川区東瑞江２－１２－２０,03-6861-4653,2003-06-01,,平日,,https://www.rakuda2001.com/,35.687656500000000,139.895945499999980
訪問介護,江戸川区,13123,クローバー訪問介護えどがわ,株式会社日本アメニティライフ協会,営利法人,1372209393,東京都江戸川区平井６－４７－１３セルス有阪５階,03-3611-5259,2024-12-01,,平日・土曜日・日曜日・祝日,,,35.740277104321570,139.859236421426400
訪問介護,江戸川区,13123,有限会社　しんみケアーセンター,有限会社しんみケアーセンター,営利法人,1372300234,東京都江戸川区西葛西６－１５－２０アイビーハイツ４０６,03-3878-0345,1999-10-01,,平日・土曜日・日曜日・祝日,240,https://shinmicsnishikasai.wixsite.com/shinmics2,35.664050300000000,139.860750599999960
訪問介護,江戸川区,13123,フォービスライフ西葛西,フォービスライフ株式会社,営利法人,1372300796,東京都江戸川区西葛西６－２６－６クレスティ関口１Ｆ,03-3869-1260,2000-03-01,,平日・土曜日・日曜日・祝日,,https://cs-forvice.com/,35.663070984793210,139.862782072991600
訪問介護,江戸川区,13123,有限会社　さわやかケアサービスセンター,有限会社さわやかケアサービスセンター,営利法人,1372301091,東京都江戸川区西小岩１－１９－２４,03-3673-8080,2000-06-01,,平日,,,35.733182600000000,139.879587900000000
訪問介護,江戸川区,13123,なぎさ和楽苑訪問介護,社会福祉法人東京栄和会,社会福祉法人（社協以外）,1372301604,東京都江戸川区西葛西８－１－１,03-3675-1818,2002-04-01,,平日・土曜日・日曜日・祝日,,http://www.tokyoeiwakai.or.jp,35.655079100000000,139.859420700000000
訪問介護,江戸川区,13123,いきいきサポート,ワーカーズいきいきサポート労働者協同組合,その他法人,1372301810,東京都江戸川区鹿骨４－９－６,03-3677-8180,2002-06-01,,平日・土曜日・祝日,,http://www.ikiikisupport.org/,35.715708266739330,139.887954110575970
訪問介護,江戸川区,13123,永仁介護サービス　瑞江支社,株式会社永仁サービス,営利法人,1372302131,東京都江戸川区春江町３－５１－４,03-3698-4441,2003-01-01,,平日・土曜日・日曜日・祝日,10,http://www.eijin-service.co.jp,35.697253700000030,139.891288499999970
訪問介護,江戸川区,13123,あおぞら介護サービス,有限会社大千,営利法人,1372302222,東京都江戸川区船堀六丁目１１番９号　KODAヒルズ１階,03-5878-3033,2003-03-01,,平日・土曜日・日曜日・祝日,10,http://www.daisen-aozora.com,35.678851700000000,139.866630300000000
訪問介護,江戸川区,13123,泉介護サービス,有限会社　泉介護サービス,営利法人,1372302297,東京都江戸川区鹿骨四丁目２６番８号,03-5664-2620,2003-05-01,,平日・土曜日・日曜日・祝日,20,http://www.izumi-kaigo.jp/,35.713276400000000,139.891029500000060
訪問介護,江戸川区,13123,アースサポート江戸川,アースサポート株式会社,営利法人,1372302438,東京都江戸川区船堀６－４－８,03-5696-9211,2003-07-01,,平日・土曜日・日曜日・祝日,,https://www.earthsupport.co.jp,35.679990500000000,139.866958100000030
訪問介護,江戸川区,13123,ケア２１　平井,株式会社ケア２１,営利法人,1372302503,東京都江戸川区平井５－２１－３ガーデン欣志２階,03-5631-5201,2003-09-01,,平日・土曜日・日曜日・祝日,,http://www.care21.co.jp,35.707680700000000,139.841979400000000
訪問介護,江戸川区,13123,虹の丘ケアセンター,有限会社虹の丘ケアセンター,営利法人,1372302685,東京都江戸川区西葛西四丁目2番地４７－９０２号,03-3686-0897,2004-01-01,,平日,1,,35.668847000000010,139.861261400000000
訪問介護,江戸川区,13123,ライフアンドケア株式会社　いきいき介護サービス,ライフアンドケア株式会社,営利法人,1372302933,東京都江戸川区中葛西７－１７－１９リラ・ポルト１階,03-5679-6321,2004-07-01,,平日・土曜日・日曜日・祝日,,,35.654847399999994,139.866824700000000
訪問介護,江戸川区,13123,日本リック訪問介護江戸川事業所,日本リック株式会社,営利法人,1372303287,東京都江戸川区松島４－３２－６,03-5607-7246,2004-11-01,,平日・土曜日・日曜日・祝日,10,http://www.rickcare.jp/,35.713505700000000,139.858713500000020
訪問介護,江戸川区,13123,グッドフェース江戸川,有限会社グッドフェース,営利法人,1372303758,東京都江戸川区船堀５－１１－１サンライトパレス船堀１０１,03-5675-2077,2005-07-01,,平日・土曜日・日曜日・祝日,,,35.680871100000000,139.869866099999970
訪問介護,江戸川区,13123,特定非営利活動法人　はなみずき,特定非営利活動法人はなみずき,非営利法人（NPO）,1372303949,東京都江戸川区船堀３－４－８－１０１ル・タン・テール船堀,03-5679-0966,2005-11-01,,平日・土曜日・日曜日・祝日,,,35.682203900000000,139.863955499999970
訪問介護,江戸川区,13123,江東園ホームヘルパーステーションつばき,社会福祉法人江東園,社会福祉法人（社協以外）,1372304111,東京都江戸川区春江町２－５－１５,03-5636-6211,2006-04-01,,平日・土曜日・日曜日・祝日,,http://www.kotoen.or.jp/,35.700761400000000,139.887083100000040
訪問介護,江戸川区,13123,ファミリーケア船堀,社会福祉法人すこやか福祉会,社会福祉法人（社協以外）,1372304301,東京都江戸川区東小松川４－４５－１船堀ハイツ１階,03-6231-4615,2006-08-01,,平日・土曜日・日曜日・祝日,,http://www.sukoyaka.fu.or.jp/,35.687746700000000,139.864865900000000
訪問介護,江戸川区,13123,ラック平井,株式会社ラックコーポレーション,営利法人,1372304707,東京都江戸川区平井３－１３－１０,03-3682-4441,2007-11-01,,平日・土曜日・日曜日・祝日,,http://www.lac-corp.jp/,35.704081000000000,139.841626799999970
訪問介護,江戸川区,13123,ケアステーションきらら船堀,スターツケアサービス株式会社,営利法人,1372305068,東京都江戸川区船堀３－１４－１０－４０３,03-5667-3788,2009-04-01,,平日・土曜日・日曜日・祝日,140,http://www.starts.co.jp/s-careservice/,35.680174599999980,139.865825999999970
訪問介護,江戸川区,13123,トップ介護サービス,株式会社ツートップ,営利法人,1372305373,東京都江戸川区西小岩４－９－３キャッスルアズマ１０５,03-6458-0235,2009-12-01,,平日・土曜日・祝日,,,35.738410500000000,139.880188099999940
訪問介護,江戸川区,13123,ケア２１　江戸川,株式会社ケア２１,営利法人,1372306157,東京都江戸川区西小岩４－１－２０千成ビル１階店舗,03-5889-8321,2011-09-01,,平日・土曜日・日曜日・祝日,,,35.735399876090064,139.881068055339850
訪問介護,江戸川区,13123,ＡＬＳＯＫケアステーション小岩,ＡＬＳＯＫ介護株式会社,営利法人,1372306454,東京都江戸川区西小岩５－１１－１５吉永ビル１階,03-5889-5180,2012-04-01,,平日・土曜日・日曜日・祝日,,,35.736955909958610,139.884281773819030
訪問介護,江戸川区,13123,ヒノデ第一交通株式会社,ヒノデ第一交通株式会社,営利法人,1372306876,東京都江戸川区中央３－１６－３,03-3655-4611,2013-03-01,,平日・土曜日・日曜日・祝日,,http://www.daiichi-koutsu.co.jp/,35.713870100000000,139.872550899999960
訪問介護,江戸川区,13123,ホームヘルプサービス　ソラスト小岩,株式会社ソラスト,営利法人,1372307130,東京都江戸川区北小岩６－７－７伊藤ビル１０１,03-5612-0086,2013-08-01,,平日・土曜日・日曜日・祝日,,https://solasto-kaigo.com/service/homecare/koiwa,35.744238400000000,139.883631899999950
訪問介護,江戸川区,13123,エルケア小岩ケアセンター,エルケア株式会社,営利法人,1372307403,東京都江戸川区東小岩６－１０－２風間ビル１０１号室,03-6657-8672,2014-01-01,,平日・土曜日・日曜日・祝日,,http://www.l-care.jp,35.734236520495990,139.887169219358600
訪問介護,江戸川区,13123,ベストケア,合同会社ベストケア,営利法人,1372307551,東京都江戸川区西一之江３－２－２０－３０２,03-6231-5345,2014-03-01,,平日・土曜日・日曜日・祝日,40,,35.694610899999980,139.875308500000000
訪問介護,江戸川区,13123,みつばちケア,株式会社スクエア,営利法人,1372307908,東京都江戸川区中葛西１－４２－１新見ハイツⅡ－１０２,03-6808-2458,2014-08-01,,平日・祝日,120,http://www.square-izm.com/,35.671886200000000,139.871971799999980
訪問介護,江戸川区,13123,わだつみヘルパーステーション,株式会社スクーデリア,営利法人,1372308278,東京都江戸川区瑞江２－２２－５グリーンハウス下鎌田　１階－Ｄ室,03-5243-9208,2015-04-01,,平日・土曜日・日曜日・祝日,,http://wadatsumi-s.com/,35.687510400000010,139.892416700000000
訪問介護,江戸川区,13123,ケアリッツ葛西,株式会社ケアリッツ・アンド・パートナーズ,営利法人,1372308328,東京都江戸川区西葛西５－７－８第２ドミール森田１階,03-6808-3851,2015-06-01,,平日・土曜日・日曜日・祝日,,https://www.careritz.co.jp/station/branch/kasai/,35.665323268457314,139.861384161342240
訪問介護,江戸川区,13123,東京海上日動みずたま介護ＳＴ一之江,東京海上日動ベターライフサービス株式会社,営利法人,1372308773,東京都江戸川区西一之江３－１２－３０シンコーポレーションビル２階,03-5678-8622,2016-07-01,,平日・土曜日・日曜日・祝日,120,http://www.tnbls.co.jp/mizutama/,35.692700599999990,139.875768000000000
訪問介護,江戸川区,13123,Ｒａｋｕｅ葛西,株式会社ＫＴＭ,営利法人,1372308831,東京都江戸川区西葛西３－１４－３遠藤ビル２Ｆ,03-4283-2745,2016-10-01,,平日・土曜日・日曜日・祝日,3,https://www.rakue.jp,35.665191600000000,139.856650800000000
訪問介護,江戸川区,13123,コクアプランニング,株式会社コクアプランニング,営利法人,1372308955,東京都江戸川区東葛西５－１２－１５ビジネスゲート葛西５Ｆ－Ａ号室,03-6456-0893,2017-03-01,,平日・土曜日・日曜日・祝日,,https://kokuaplanning.co.jp/,35.664214500000000,139.874972300000000
訪問介護,江戸川区,13123,ホームヘルプサービス　ソラスト西葛西,株式会社ソラスト,営利法人,1372308971,東京都江戸川区西葛西６－９－１８トリヴァンベール１０１,03-6661-4333,2017-03-01,,平日・土曜日・日曜日・祝日,,https://www.solasto.co.jp/,35.663259300000000,139.857912200000000
訪問介護,江戸川区,13123,ケアリッツ瑞江,株式会社ケアリッツ・アンド・パートナーズ,営利法人,1372309326,東京都江戸川区東瑞江１－２２－１１ロイヤルエステート２０７,03-5879-8630,2018-01-01,,平日・土曜日・日曜日・祝日,,https://www.careritz.co.jp/station/branch/mizue/,35.690446144246906,139.898830177944550
訪問介護,江戸川区,13123,たけのこ介護サービス　平井,株式会社ライコム・コーポレーション,営利法人,1372309409,東京都江戸川区平井５－１０－７サンセイハイツ１－Ｂ,03-6657-4827,2018-04-01,,平日・土曜日・日曜日・祝日,60,http://raycom.co.jp,35.706284623770160,139.840649489591210
訪問介護,江戸川区,13123,ケア２１　一之江,株式会社ケア２１,営利法人,1372309706,東京都江戸川区一之江５－１６－１３一之江５丁目事務所１階,03-5607-7050,2018-10-01,,平日・土曜日・日曜日・祝日,5,http://www.care21.co.jp/,35.695833900000000,139.882028300000000
訪問介護,江戸川区,13123,おおきなき江戸川,株式会社日本エルダリーケアサービス,営利法人,1372309847,東京都江戸川区船堀１－６－３カーサマジカル船堀３０２号室,03-5676-5070,2019-04-01,,平日・土曜日・日曜日・祝日,,http://www.elderly.jp/map_list.php?id=5,35.685267300000000,139.863196600000040
訪問介護,江戸川区,13123,虹の会介護ステーション,社会福祉法人共慈会,社会福祉法人（社協以外）,1372309946,東京都江戸川区南葛西７－２－３,05038022817,2019-08-01,,平日・土曜日・日曜日・祝日,,https://www.kyojikai.org,35.647149800000000,139.881949699999950
訪問介護,江戸川区,13123,Ｒａｋｕｅ瑞江,ソラノニジ株式会社,営利法人,1372309995,東京都江戸川区東瑞江２－１０－１０レグルス瑞江Ｃ店舗,03-5664-6332,2019-10-01,,平日・土曜日・日曜日・祝日,,,35.688026400000000,139.894074999999930
訪問介護,江戸川区,13123,ともいきケア一之江,株式会社ともいきケア,営利法人,1372310068,東京都江戸川区一之江７－６６－１イーストイン１階,03-5662-4479,2019-12-01,,平日・土曜日・祝日,,http://tomoikicare.com/,35.683354600000000,139.877043200000000
訪問介護,江戸川区,13123,ケアサービス心音,医療法人社団圭信会,医療法人,1372310175,東京都江戸川区平井３－１０－１２平井町ビル２階,03-5858-9495,2020-04-01,,平日・土曜日・日曜日・祝日,,https://www.kokone-kaigo.jp/,35.704305900000010,139.841514400000000
訪問介護,江戸川区,13123,ケアリッツ船堀,株式会社ケアリッツ・アンド・パートナーズ,営利法人,1372310225,東京都江戸川区船堀１－４－１０第２乙女屋マンション３０４,03-6663-8260,2020-05-01,,平日・土曜日・日曜日・祝日,,https://www.careritz.co.jp/station/branch/funabori/,35.686246200000000,139.864560100000000
訪問介護,江戸川区,13123,エールハート小岩,株式会社中央ケアサービス,営利法人,1372310464,東京都江戸川区西小岩４－１３－１７Ｙ’Ｓフラット,03-6801-7635,2021-02-01,,平日・土曜日・日曜日・祝日,,http://www.carepage.net,35.737098200000000,139.881889300000000
訪問介護,江戸川区,13123,ケアリッツ東葛西,株式会社ケアリッツ・アンド・パートナーズ,営利法人,1372310522,東京都江戸川区東葛西５－３７－１１エレガンス１０２,03-5878-1730,2021-04-01,,平日・土曜日・日曜日・祝日,,https://www.careritz.co.jp/station/branch/higashikasai/,35.663562811552480,139.878742908213500
訪問介護,江戸川区,13123,江戸川あやとり地域福祉事業所,労働者協同組合ワーカーズコープ・センター事業団,その他法人,1372310670,東京都江戸川区松島４－２８－３アザレハイツ２０２号室,03-5879-4635,2021-10-01,,平日・土曜日・日曜日・祝日,,https://jwcu-coop-ayatori.jimdosite.com/,35.712555800000004,139.858436200000000
訪問介護,江戸川区,13123,もっちケアサービス,ＢＩＧ　ＵＰ株式会社,営利法人,1372310779,東京都江戸川区瑞江１－３６－１０セイントストークマンション２０６号室,03-6638-9430,2022-01-01,,平日・土曜日・日曜日・祝日,,,35.698114100000010,139.899489700000000
訪問介護,江戸川区,13123,アプローズ・ケア小岩店,合同会社江戸hana,営利法人,1372310795,東京都江戸川区西小岩４－３－２茶乃木コーポラス２０１号,03-5876-7044,2022-01-01,,,,,,
訪問介護,江戸川区,13123,土屋訪問介護事業所　江戸川センター,株式会社ＮｅｘｔＳｔａｇｅ,営利法人,1372310852,東京都江戸川区東小松川１－１０－３１矢作壮１０１,03-6782-3480,2022-05-01,,,,,,
訪問介護,江戸川区,13123,ヘルパーステーションえどがわ,株式会社ナーシングホーム,営利法人,1372311033,東京都江戸川区南篠崎町１－２３－６,03-6808-4773,2023-02-01,,平日,,https://nursing-home.co.jp/nh/minamishinozakimachi/,35.695162800000000,139.907534700000000
訪問介護,江戸川区,13123,ケアフレンズ,合同会社ブルーフェザー,営利法人,1372311082,東京都江戸川区瑞江２－１７－９グランドハイツ１０１号室,03-6638-7839,2023-04-01,,平日,,,35.695128196357540,139.897072550926170
訪問介護,江戸川区,13123,ふくろう　ヘルパーステーション,株式会社ＴＲＡＮＳ－Ｉ,営利法人,1372311140,東京都江戸川区南篠崎町３－６－３シャルム眞木　１階,03-6824-7552,2023-08-01,,,,,,
訪問介護,江戸川区,13123,ケアリッツ鹿骨,株式会社ケアリッツ・アンド・パートナーズ,営利法人,1372311199,東京都江戸川区鹿骨２－１０－１１中川事務所１階,03-5879-7698,2023-10-01,,平日・土曜日・日曜日・祝日,,https://www.careritz.co.jp/station/branch/shishibone/,35.706807194738786,139.893115975768950
訪問介護,江戸川区,13123,光輝訪問ケア,７７株式会社,営利法人,1372311298,東京都江戸川区西小岩１－３０－１１ハイホーム沖田３０５,03-5876-7404,2024-04-01,,,,,,
訪問介護,江戸川区,13123,訪問介護事業所　総合介護サービス　平井店,総合介護サービス合同会社,営利法人,1372311413,東京都江戸川区平井４－５－８ＮＳビル２０１,03-5627-1188,2025-02-01,,平日・土曜日・日曜日・祝日,,,35.704443600000000,139.846096400000000
訪問介護,江戸川区,13123,訪問介護のぞみ葛西臨海公園,株式会社キート,営利法人,1372311470,東京都江戸川区南葛西６－２－２７,03-5878-1720,2025-06-01,,平日・土曜日・日曜日・祝日,,https://www.lamore.jp/company,35.644053900000000,139.876656600000000
訪問介護,江戸川区,13123,ユースタイルケア　江戸川　重度訪問介護,ユースタイルラボラトリー株式会社,営利法人,1372311579,東京都江戸川区西小岩２－１９－２１岩本ビル５階,05017201334,2025-10-01,,,,https://eustylelab.co.jp/,35.733688700000000,139.877469200000000
訪問介護,江戸川区,13123,ケアないあ,合同会社ないあ,営利法人,1372311678,東京都江戸川区江戸川２－３４－３０,03-6638-9733,2026-04-01,,,,,,
訪問看護,千代田区,13101,アクア訪問看護ステーション,株式会社ＡＣＴＩＶＥＣＡＲＥＡＧＥＮＣＹ,営利法人,1360190035,東京都千代田区神田司町２－１７－６新商神田ビル５階,03-3518-6403,2010-09-01,訪問看護ステーション,平日・土曜日,,http://active-ca.com/,35.693700400000000,139.766697100000000
訪問看護,千代田区,13101,九段訪問看護ステーション,株式会社ステラ,営利法人,1360190043,東京都千代田区九段北１－１０－５九段櫻ビル８階,03-6272-5732,2012-04-01,訪問看護ステーション,平日,,http://www.stella-kudan.com,35.697422312483084,139.751012508598340
訪問看護,千代田区,13101,みつい訪問看護ステーション,合同会社コミニュティケア,営利法人,1360190050,東京都千代田区飯田橋１－８－９ニューシティハイツ飯田橋７階,03-5215-1507,2012-06-01,訪問看護ステーション,平日・土曜日・日曜日・祝日,,,35.699540799999990,139.748323100000000
訪問看護,千代田区,13101,訪問看護ステーション　ジャンヌ,特定非営利活動法人フローレンス,非営利法人（NPO）,1360190076,東京都千代田区神田神保町１－１４－１ＫＤＸ神保町ビル４階,03-6811-0907,2014-03-01,訪問看護ステーション,,,,,
訪問看護,千代田区,13101,麹町訪問看護ステーション,株式会社ＮＡＲＵＴＯ,営利法人,1360190134,東京都千代田区二番町１１－２０Ｍｕｓｅｕｍ１９９９二番町ビル１Ｆ,03-6261-3927,2017-09-01,訪問看護ステーション,平日,,http://www.7610.co.jp,35.686093539582030,139.738784997553200
訪問看護,千代田区,13101,かのん訪問看護ステーションちよだ,株式会社双泉メディカルサポート,営利法人,1360190159,東京都千代田区平河町２－３－１０ライオンズマンション平河町７０５号室,03-6261-6776,2021-04-01,訪問看護ステーション,平日,,https://sosen-medical.co.jp/kanon-chiyoda,35.681993772018270,139.739836371163960
訪問看護,千代田区,13101,ＳｏｉＮｕｒｓｅ訪問看護ステーション,株式会社ＭｅｄｉＢｌａｎｃａ,営利法人,1360190167,東京都千代田区神田神保町１－１０－３－４Ｆ,03-6673-3164,2021-09-01,訪問看護ステーション,,,,,
訪問看護,千代田区,13101,在宅看護センター番町,株式会社Ｃｒｅａｄｅ,営利法人,1360190183,東京都千代田区麹町２－１４－６－５０５,03-6910-0397,2022-11-01,訪問看護ステーション,平日・土曜日・日曜日・祝日,,https://home-carenurse.com,35.685362400000000,139.741372400000000
訪問看護,千代田区,13101,りーふ訪問看護ステーション,りーふ訪問看護ステーション合同会社,営利法人,1360190191,東京都千代田区神田美土代町９－３,03-5217-4670,2023-12-01,訪問看護ステーション,平日・土曜日・日曜日・祝日,,,35.693903400000000,139.765886900000000
訪問看護,千代田区,13101,セレリアンス訪問看護ステーション,セレリアンス株式会社,営利法人,1360190209,東京都千代田区平河町２－４－８平河町アーバンビル６Ｆ,03-6380-8778,2025-08-01,訪問看護ステーション,平日,,https://www.serelience.co.jp/,35.682052199999990,139.738797800000010
訪問看護,千代田区,13101,ＳｍｉＬｏｏｐ訪問看護　新宿千代田ステーション,スマイルコンバイン株式会社,営利法人,1360190217,東京都千代田区飯田橋１－１２－１Ｄａｉｅｉｓｈａビル１階,03-6261-6715,2026-01-01,訪問看護ステーション,,,,,
訪問看護,千代田区,13101,訪問看護ステーションやわら,Ｔ＆Ｍコンサルティング株式会社,営利法人,1360190225,東京都千代田区東神田１－１１－７ハイツ神田岩本町６０４,03-4446-1329,2026-01-01,訪問看護ステーション,平日,,,35.695088700000000,139.780296500000000
訪問看護,千代田区,13101,ゆめか訪問看護ステーション,株式会社ゆめかパートナーズ,営利法人,1360190233,東京都千代田区神田神保町２－３８－１１岩田ビル３階,03-6555-2470,2026-04-01,訪問看護ステーション,,,,,
訪問看護,千代田区,13101,訪問看護ステーションゆりえ九段下,エムズナイン株式会社,営利法人,1360190241,東京都千代田区神田神保町２－３２－１１,07035464648,2026-05-01,訪問看護ステーション,,,,,
訪問看護,中央区,13102,ガイア訪問看護ステーション,株式会社ガイアメディケア,営利法人,1360290033,東京都中央区新富２－１４－６ＯＮＺＥ１８５２ビル７階,03-6222-8424,2011-02-01,訪問看護ステーション,平日,,http://www.gaia-medicare.jp/,35.670623715399310,139.774985295275200
訪問看護,中央区,13102,プレアライズ訪問看護ステーション,株式会社プレアライズ,営利法人,1360290058,東京都中央区新川２－６－４新川Ｆ２ビル２階,03-5542-0161,2013-12-01,訪問看護ステーション,平日,30,http://p-realize.com/houkan,35.676423612871390,139.781670792729200
訪問看護,中央区,13102,聖路加国際病院訪問看護ステーション,学校法人聖路加国際大学,その他法人,1360290066,東京都中央区明石町１－２４　６階,03-5550-7042,2014-04-01,訪問看護ステーション,平日,,,35.668528551669550,139.775602121426340
訪問看護,中央区,13102,訪問看護リハビリステーション　月島フィジオス,株式会社オーピーティー,営利法人,1360290140,東京都中央区月島４－４－１４,03-5547-4970,2017-04-01,訪問看護ステーション,平日,50,http://www.t-physios.com,35.660813652050535,139.783594100536160
訪問看護,中央区,13102,訪問看護ステーション　デューン月島,株式会社Ｎ・フィールド,営利法人,1360290173,東京都中央区月島３－１４－９岩﨑ビル２０２号室,03-3533-1720,2017-07-01,訪問看護ステーション,,,,,
訪問看護,中央区,13102,訪問看護ステーション　日本橋,株式会社アイ・ウェイ,営利法人,1360290199,東京都中央区日本橋久松町１２－４長島ビル１階,03-6322-0315,2017-12-01,訪問看護ステーション,平日・祝日,15,https://www.nihonbashi-hks.com/,35.690094675867190,139.784332788143960
訪問看護,中央区,13102,東京ひかりナースステーション,中央パートナーズ株式会社,営利法人,1360290215,東京都中央区晴海１－１－２８キャナルハウス８０１,03-3520-8862,2019-04-01,訪問看護ステーション,平日,,https://www.hikari.care,35.661350532235865,139.786538940862560
訪問看護,中央区,13102,マイナビ訪問看護ステーション　日本橋,株式会社マイナビナースケア,営利法人,1360290256,東京都中央区東日本橋１－３－３日本橋ＡＭビル１階,03-5823-4555,2021-02-01,訪問看護ステーション,平日・土曜日・祝日,,https://houmon-kango.mynavi.jp/,35.690534953115440,139.785476675445750
訪問看護,中央区,13102,ｃｈｅｚｍｏｉ晴海訪問看護ステーション,株式会社アスウェル,営利法人,1360290272,東京都中央区晴海３－１３－１ＤＥＵＸＴＯＵＲＳ　ＥＡＳＴ棟４６１１,0120-03-8866,2021-04-01,訪問看護ステーション,平日・土曜日・日曜日・祝日,,http://www.chezmoi.jp,35.655008000000000,139.777810900000000
訪問看護,中央区,13102,ハビリス訪問看護ステーション東京中央,合同会社ハビリス,営利法人,1360290280,東京都中央区新富２－１１－６ＳＫセントラルビル１０１,03-5542-0281,2021-08-01,訪問看護ステーション,,,,,
訪問看護,中央区,13102,ｎｅｘｔ　ｏｎｅ　日本橋,合同会社ＮＥＸＴ　ＯＮＥ　ＴＯＫＹＯ,営利法人,1360290298,東京都中央区日本橋人形町２－１５－２創明社ビル２階,03-6821-2650,2022-01-01,訪問看護ステーション,,,,,
訪問看護,中央区,13102,ピジョン訪問看護ステーション,ピジョンメディ株式会社,営利法人,1360290306,東京都中央区銀座７－１５－１１銀座７ビルディング３階,03-5801-5915,2022-04-01,訪問看護ステーション,平日・土曜日・日曜日・祝日,,https://houmon-pigeonmedi.com/,35.666441500000005,139.763910200000000
訪問看護,中央区,13102,リニエ訪問看護ステーション日本橋,株式会社リニエＲ,営利法人,1360290314,東京都中央区八丁堀２－２－５宝ビル別館　３Ｆ,03-6206-4275,2022-07-01,訪問看護ステーション,平日,150,https://linie-group.jp/office/houmonkango-nihonbashi/,35.676584269464020,139.774822473016340
訪問看護,中央区,13102,訪問看護ステーションＲＡＫＵＮＩ,ＢＭＳＱＵＡＲＥ株式会社,営利法人,1360290322,東京都中央区銀座３－９－５伊勢半ビル６階,03-6278-8850,2022-07-01,訪問看護ステーション,,,,,
訪問看護,中央区,13102,訪問看護ステーションＫｕｕ,合同会社ＹＨ,営利法人,1360290348,東京都中央区新富１－１１－５,03-6222-9041,2023-01-01,訪問看護ステーション,,,,,
訪問看護,中央区,13102,江戸東京訪問看護リハビリステーション,株式会社エンスリー,営利法人,1360290363,東京都中央区日本橋人形町２－２０－７中村邸２階,03-6824-4083,2023-04-01,訪問看護ステーション,平日・土曜日・日曜日・祝日,30,https://en3edotokyo.com/,35.686058266869836,139.785173876126860
訪問看護,中央区,13102,訪問看護ステーション　ＨＡＮＡ,株式会社エターナルキャスト,営利法人,1360290389,東京都中央区築地５－４－１８汐留イーストサイドビル７階,03-6365-1467,2024-01-01,訪問看護ステーション,平日・土曜日・日曜日・祝日,,,35.663744467017530,139.765062151719800
訪問看護,中央区,13102,ＯＮＯＤＥＲＡ訪問看護ステーション,株式会社ＯＮＯＤＥＲＡナーシングホーム,営利法人,1360290405,東京都中央区日本橋茅場町２－１７－３ブルーハイツ茅場町４０４号室,07077984080,2024-09-01,訪問看護ステーション,平日,,https://onodera-nursinghome.com/,35.677929900000000,139.780045200000000
訪問看護,中央区,13102,医療法人社団健育会　佃訪問看護ステーション,医療法人社団健育会,医療法人,1360290421,東京都中央区佃２－５－２,03-3532-3205,2024-12-01,訪問看護ステーション,平日,,https://ishikawajima.gr.jp/,35.667594199999996,139.785457800000000
訪問看護,中央区,13102,ＤＣＴ　Ｊａｐａｎ　訪問看護ステーション,株式会社インテグリティ・ヘルスケア,営利法人,1360290447,東京都中央区築地３－１２－５＋ＳＨＩＦＴ　ＴＳＵＫＩＪＩ　４階,03-4400-4456,2026-05-01,訪問看護ステーション,,,,,
訪問看護,中央区,13102,訪問看護ステーション　京橋,株式会社アンビス,営利法人,1360290454,東京都中央区京橋１－６－１三井住友海上テプコビル７Ｆ,03-6262-3062,2026-06-01,訪問看護ステーション,,,,,
訪問看護,中央区,13102,訪問看護ステーションサンライズ,ＳＵＮメディケア合同会社,営利法人,1360290462,東京都中央区銀座１－２７－１０グロースメゾン銀座９０１,09043284178,2026-07-01,訪問看護ステーション,,,,,
訪問看護,中央区,13102,株式会社ナース・ステーション,株式会社ナース・ステーション,営利法人,1361390089,東京都中央区日本橋室町１－１１－１０ＫＡＭＡＹＡビル４階,03-6281-9530,2013-01-01,訪問看護ステーション,,,,,
訪問看護,中央区,13102,医師会立中央区訪問看護ステーション,公益社団法人日本橋医師会,社団・財団,1367191935,東京都中央区日本橋小伝馬町５－１,03-3666-2992,2000-04-01,訪問看護ステーション,平日,120,http://www.nihonbashi-med.com/kango.html,35.690951000000000,139.777002199999970
訪問看護,中央区,13102,中央区医師会訪問看護ステーションあかし,公益社団法人中央区医師会,社団・財団,1367193063,東京都中央区明石町１－６,03-5565-7281,2000-04-01,訪問看護ステーション,平日,,http://div.chuoku-med.jp/houkanST/index.html,35.669309100000000,139.776702800000070
訪問看護,中央区,13102,グッドライフケア訪問看護ステーション,株式会社グッドライフケア,営利法人,1367199102,東京都中央区新川１－２８－３８東京ダイヤビルディング２号館１１階,03-5244-9002,2007-05-01,訪問看護ステーション,平日・土曜日・日曜日・祝日,,https://goodlifecare.co.jp/,35.676740779153060,139.784135399488780
訪問看護,港区,13103,キヨタナースステーションみなと,キヨタ・ライフケアサービス株式会社,営利法人,1360390098,東京都港区芝浦４－３－４田町きよたビル３階,03-5440-5512,2012-06-01,訪問看護ステーション,平日,,http://www.kiyota-life.co.jp/,35.639650600000000,139.743992100000000
訪問看護,港区,13103,神谷町訪問看護ステーション,株式会社フィリア,営利法人,1360390106,東京都港区虎ノ門３－２５－３芝ロイヤル３０７号室,03-6452-9971,2015-05-01,訪問看護ステーション,平日・土曜日・日曜日・祝日,100,http://philia-net.co.jp,35.662403500000000,139.746005100000050
訪問看護,港区,13103,医療法人社団光輝会青山メディケア訪問看護ステーション,医療法人社団光輝会,医療法人,1360390148,東京都港区南青山７－１３－６青山メディケア１階,03-6450-6799,2016-02-01,訪問看護ステーション,,,,,
訪問看護,港区,13103,悠々ナーシング　六本木,ミアヘルサ株式会社,営利法人,1360390189,東京都港区六本木６－５－２５,03-6447-5290,2017-10-01,訪問看護ステーション,平日・祝日,30,https://kaigo.merhalsa.jp/yuyu-nursing-rpg/,35.661297600000000,139.731204200000000
訪問看護,港区,13103,ＬＣＣ訪問看護ステーション,ライフ・ケア・コンシェルジュ株式会社,営利法人,1360390197,東京都港区西麻布１－１４－２疋田ビル２０２,03-6447-1460,2017-11-01,訪問看護ステーション,平日・土曜日・日曜日・祝日,250,http://www.lc-concierge.co.jp,35.661433500000000,139.723551600000060
訪問看護,港区,13103,白金通り在宅ケアセンター訪問看護ステーション,医療法人若葉会,医療法人,1360390213,東京都港区白金台４－１９－２０,03-6450-3717,2018-04-01,訪問看護ステーション,平日,15,https://shirokanestreet5.wixsite.com/mysite,35.639631457044956,139.722932358860820
訪問看護,港区,13103,さわやか訪問看護ステーション,株式会社ワイワイワークス,営利法人,1360390221,東京都港区白金台５－１０－１３メゾンＩＴＯ地下１階,03-6812-6087,2018-06-01,訪問看護ステーション,平日,256,https://sawayaka.work,35.641675900000010,139.719814200000000
訪問看護,港区,13103,独立行政法人地域医療機能推進機構　東京高輪病院附属訪問看護ステーション,独立行政法人地域医療機能推進機構,その他法人,1360390239,東京都港区高輪３－１０－１１,03-5447-5114,2018-06-01,訪問看護ステーション,平日,,https://takanawa.jcho.go.jp/訪問看護ステーション/,35.631242900000000,139.731940700000000
訪問看護,港区,13103,メディカルステーションくるみ,株式会社ＱＲＥＡＴＯＲＳ,営利法人,1360390254,東京都港区芝１－９－２ベルメゾン芝３０３,03-6811-5686,2018-10-01,訪問看護ステーション,平日,,https://www.medical-kurumi.info/,35.655008000000000,139.777810900000000
訪問看護,港区,13103,ガイア訪問看護ステーション　港,株式会社ガイアメディケア,営利法人,1360390270,東京都港区浜松町１－１９－４佐藤ビル１階,03-6435-7940,2019-02-01,訪問看護ステーション,平日,,https://www.gaia-medicare.jp/,35.657827399999995,139.756669200000030
訪問看護,港区,13103,訪問看護ステーション　蒼,株式会社エイムス,営利法人,1360390304,東京都港区高輪３－２４－２１ＤＫ品川ビル４階,03-6408-5144,2020-02-01,訪問看護ステーション,平日・土曜日・日曜日・祝日,,http://aims-care.com/,35.632843500000000,139.738065700000000
訪問看護,港区,13103,ソフィアメディ訪問看護ステーション白金高輪,ソフィアメディ株式会社,営利法人,1360390312,東京都港区白金４－１０－２,03-5447-3503,2020-02-01,訪問看護ステーション,平日・土曜日・日曜日・祝日,,https://www.sophiamedi.co.jp/station/shirokanetakanawa/,35.641893565110955,139.727743535116300
訪問看護,港区,13103,テラナーシングステーション,一般社団法人テラ,社団・財団,1360390338,東京都港区白金３－１３－７－３０３,03-6277-0888,2020-04-01,訪問看護ステーション,,,,,
訪問看護,港区,13103,ホームナースステーション ｉｎ 芝公園,株式会社インシュアランスパートナーズコンサルティング,営利法人,1360390346,東京都港区芝２－２６－５国見土木ビル２０２,03-6455-6890,2020-08-01,訪問看護ステーション,平日・土曜日・日曜日・祝日,20,https://homenursest.com/,35.650984900000005,139.752290900000000
訪問看護,港区,13103,おうちナース　プリュム,株式会社プリュム,営利法人,1360390387,東京都港区芝３－１３－１ＭＫビル５０２,03-6435-2215,2021-07-01,訪問看護ステーション,平日・土曜日・日曜日・祝日,,https://hp.plume-jp.com,35.652736399999990,139.745609000000000
訪問看護,港区,13103,プレモ訪問看護リハビリステーション,株式会社Ｐｒｅｍｏ,営利法人,1360390395,東京都港区三田１－２－１８ＴＴＤビル８０１,03-6441-3917,2021-09-01,訪問看護ステーション,平日,40,https://premo-houkan.net/,35.655586200000016,139.741715200000000
訪問看護,港区,13103,ハービー＆マックローリン・陽だまり訪問看護ステーション,Ｈａｒｖｅｙ＆Ｍａｃｌａｕｒｉｎ特定非営利活動法人,非営利法人（NPO）,1360390403,東京都港区高輪３－１９－２３－７０２号,03-5791-1435,2021-11-01,訪問看護ステーション,,,,,
訪問看護,港区,13103,ひよこ訪問看護ステーション,株式会社あん,営利法人,1360390445,東京都港区赤坂７－６－２白洲ビル２階,03-5350-3857,2022-07-01,訪問看護ステーション,,,,,
訪問看護,港区,13103,訪問看護ステーションいつき～樹～,株式会社ｔｈｅｅｄｇｅ,営利法人,1360390452,東京都港区白金６－１０－１１白金レジデンス１０２号室,03-6432-5354,2022-11-01,訪問看護ステーション,平日・祝日,,https://theedge.jp/,35.642950500000000,139.724030700000000
訪問看護,港区,13103,医療法人社団宙麦会　訪問看護ステーションすてら,医療法人社団宙麦会,医療法人,1360390478,東京都港区台場１－５トミンハイム台場五番街４号棟２０２号室,03-6457-2969,2023-04-01,訪問看護ステーション,平日・土曜日・日曜日・祝日,,https://soramugi.com/hida-clinic-odaiba,35.630057500000000,139.777668600000000
訪問看護,港区,13103,みる看る訪問看護ステーション,ラボナス株式会社,営利法人,1360390510,東京都港区南麻布４－４－２１－１０２,03-6450-3307,2023-07-01,訪問看護ステーション,平日・土曜日・日曜日・祝日,5,https://www.mirumiru-ns.com/contact/,35.648674646763300,139.723828531801810
訪問看護,港区,13103,訪問看護ステーション　はなみずき,株式会社オーシャン,営利法人,1360390528,東京都港区三田２－７－７ザ・パームス三田５０２,03-6722-6613,2023-08-01,訪問看護ステーション,平日,,https://hanamizuki-kango.com/,35.651521178031810,139.744329443456250
訪問看護,港区,13103,訪問看護ステーション　ブラキオ,株式会社ＤｉｎｏＨｅａｒｔｚ,営利法人,1360390536,東京都港区芝３－１７－２青木ハイツ４０１,03-6317-2883,2023-10-01,訪問看護ステーション,平日,,https://brakio.jp/,35.652086400000000,139.745464100000000
訪問看護,港区,13103,８８訪問看護ステーション,８８ホームメディカルケア株式会社,営利法人,1360390551,東京都港区六本木３－１６－３５イースト六本木７０４,03-6434-5885,2023-11-01,訪問看護ステーション,平日,,,35.662650600000000,139.736704900000000
訪問看護,港区,13103,北青山ＰＳＷ訪問看護ステーション,株式会社北青山ＰＳＷオフィス,営利法人,1360390569,東京都港区北青山１－４－１,03-4400-2796,2023-12-01,訪問看護ステーション,平日・土曜日・日曜日・祝日,,https://pswasyl.com/,35.672414000000000,139.721975600000000
訪問看護,港区,13103,グッドライフケア訪問看護　ａｔ　ｈｏｍｅ,株式会社グッドライフケア,営利法人,1360390585,東京都港区東麻布１－１０－１１東麻布アベビル　３階,03-6441-0938,2024-03-01,訪問看護ステーション,平日・土曜日・日曜日・祝日,,https://goodlifecare.co.jp/tokyo-service/office/home-nursing-station-at-home.html,35.657683600000000,139.743589900000000
訪問看護,港区,13103,ハイメディック訪問看護ステーションおりおん,株式会社ハイメディック,営利法人,1360390627,東京都港区北青山１－２－１８大富外苑コープ６A,03-5772-8675,2024-11-01,訪問看護ステーション,平日・土曜日,,https://www.trustgarden.jp/nurse/,35.673004500000000,139.722374700000000
訪問看護,港区,13103,訪問看護ステーション「さくら咲くあかさか」,株式会社さんご,営利法人,1360390635,東京都港区赤坂７－５－１５フロムファースト赤坂２０２,03-5544-8596,2024-11-01,訪問看護ステーション,平日,,https://sakurasakuyachiyo.com/,35.671936600000000,139.730304300000000
訪問看護,港区,13103,咲む訪問看護ステーション,株式会社セブンス,営利法人,1360390643,東京都港区北青山１－４－１ランジェ青山６１１,03-6271-5426,2024-12-01,訪問看護ステーション,平日・祝日,,http://emuhoukan.com,35.672413999999996,139.721975600000000
訪問看護,港区,13103,ＬＩＶＩＮＧ訪問看護ステーション,株式会社ＭＩＹＡＢＩ雅,営利法人,1360390650,東京都港区高輪１－２６－２０アムス高輪９Ｆ,07043558471,2025-04-01,訪問看護ステーション,平日・土曜日・日曜日・祝日,,https://miyabiinc.com/living/,35.633374369231460,139.732216074338080
訪問看護,港区,13103,訪問看護ステーション和奏,医療法人財団湖聖会,医療法人,1360390676,東京都港区南青山２－６－３,03-6804-1022,2025-04-01,訪問看護ステーション,平日・土曜日・日曜日・祝日,,https://www.momohanokai.jp/,35.671678013894790,139.722511720081170
訪問看護,港区,13103,訪問看護ステーション　シーガル,医療法人社団東医文華会,医療法人,1360390684,東京都港区新橋２－２０－１５新橋駅前ビル１号館２階２１８号室,03-6281-4703,2025-05-01,訪問看護ステーション,平日,,,35.666317200000010,139.759617500000020
訪問看護,港区,13103,ＣＬＡＳＷＥＬＬ　白金台訪問看護ステーション,ＫＣ－Ｗｅｌｆａｒｅ株式会社,営利法人,1360390692,東京都港区白金台２－１３－５,03-3440-5440,2025-11-01,訪問看護ステーション,平日・土曜日,,,35.633758500000000,139.728660000000000
訪問看護,港区,13103,あいず訪問看護ステーション芝浦,株式会社あいず,営利法人,1360390700,東京都港区芝浦３－４－１－１０３－Ａ２,03-6812-8212,2025-11-01,訪問看護ステーション,平日,,https://www.aizu-company.co.jp,35.643475300000000,139.746406000000000
訪問看護,港区,13103,リハビリの風訪問看護ステーションみなと,株式会社ガイアメディケア,営利法人,1360390718,東京都港区芝３－６－５,03-6435-4763,2025-12-01,訪問看護ステーション,平日,,http://www.gaia-medicare.jp,35.652134800000000,139.749007100000000
訪問看護,港区,13103,ＰＯＮＹ訪問看護ステーション,株式会社つむぎコンシェルジュ,営利法人,1360390726,東京都港区高輪３－１６－１リーファ高輪２０１,03-6456-4380,2026-06-01,訪問看護ステーション,,,,,
訪問看護,港区,13103,産前産後ケアステーション　Ｍｉｒａｉ　Ｂｉｒｔｈ　麻布,株式会社ＭＥＤＩＣＡＬＳＨＩＦＴ,営利法人,1360390734,東京都港区南麻布３－２０－１ＤＡＩＷＡ麻布テラス５階　５３２,03-6859-8476,2026-09-01,訪問看護ステーション,,,,,
訪問看護,港区,13103,訪問看護ステーション　ナースであんしん,日本プライベート看護株式会社,営利法人,1360990236,東京都港区白金台１－１－４５－４Ｆ,03-5475-7720,2015-06-01,訪問看護ステーション,平日,,http://www.jp-nursing.com,35.640161322699990,139.732269483467120
訪問看護,港区,13103,リハビリ訪問看護ステーション陽花,株式会社ＢＡＢＹ’Ｓ　ＢＲＥＡＴＨ,営利法人,1360990277,東京都港区高輪２－１６－３６高輪チトセハイツ３０５号室,03-6721-7160,2016-03-01,訪問看護ステーション,平日・土曜日・祝日,,https://babysbreath-inc.com/,35.637911512471490,139.738780734117430
訪問看護,港区,13103,済生会三田訪問看護ステーション,社会福祉法人恩賜財団済生会支部東京都済生会,社会福祉法人（社協以外）,1367192297,東京都港区三田１－４－１７北棟７階,03-3451-8939,2000-04-01,訪問看護ステーション,平日,10,http://www.saichu.jp/homonkang/,35.653407300000000,139.743688900000050
訪問看護,港区,13103,ナースステーション東京,株式会社日本在宅ケア教育研究所,営利法人,1367196348,東京都港区六本木３－１５－７ドミパルファンビル１０２号室,03-5549-2878,2002-03-01,訪問看護ステーション,平日・土曜日,150,http://www.zaitakucare.co.jp,35.663024158374950,139.736112342327900
訪問看護,新宿区,13104,目白訪問看護ステーション,株式会社リープ,営利法人,1360490039,東京都新宿区上落合１－２３－１９,03-6908-6036,2008-01-01,訪問看護ステーション,平日,,http://www.leap-kango.com,35.714658900000020,139.691736900000020
訪問看護,新宿区,13104,ナースステーション東京　新宿事業所,株式会社日本在宅ケア教育研究所,営利法人,1360490070,東京都新宿区四谷２－５さくらマンション１階,03-5363-4001,2012-10-01,訪問看護ステーション,平日,120,http://www.zaitakucare.co.jp/,35.686242383592190,139.725690787569300
訪問看護,新宿区,13104,リハビリ訪問看護ステーション　ハピネスケア,株式会社ハピネスケア,営利法人,1360490096,東京都新宿区高田馬場１－２４－２７ドゥマール市川２０１,03-6273-8001,2013-06-01,訪問看護ステーション,平日・土曜日,500,http://www.happinesscare.jp,35.711491550748240,139.705510520657870
訪問看護,新宿区,13104,訪問看護ステーション　リカバリー,Ｒｅｃｏｖｅｒｙ　Ｉｎｔｅｒｎａｔｉｏｎａｌ株式会社,営利法人,1360490112,東京都新宿区西新宿６－１６－１２第一丸善ビル６０１,03-5990-5882,2014-01-01,訪問看護ステーション,平日・土曜日・日曜日・祝日,,http://www.recovery-group.co.jp/,35.691714900000000,139.687331699999960
訪問看護,新宿区,13104,訪問看護ステーション　デューン新宿,株式会社Ｎ・フィールド,営利法人,1360490161,東京都新宿区西新宿８－１－９シンコービル１階,03-5937-2046,2014-11-01,訪問看護ステーション,平日・土曜日,20,https://www.nfield.co.jp/,35.694829200000000,139.693967100000000
訪問看護,新宿区,13104,あわーず東京訪問看護リハビリステーション,株式会社あわーず,営利法人,1360490187,東京都新宿区百人町１－２２－３新宿ナショナルコート３０３,03-6869-7677,2015-04-01,訪問看護ステーション,平日,200,https://ours-sr.co.jp/,35.697209000000000,139.697624899999940
訪問看護,新宿区,13104,医療法人社団　宏彩会　オランジェ訪問看護ステーション,医療法人社団宏彩会,医療法人,1360490237,東京都新宿区高田馬場４－２７－１５エスカイア高田馬場１０８号,03-5937-3562,2016-05-01,訪問看護ステーション,平日・祝日,,http://orange-ns.jp,35.710321400000000,139.699046299999960
訪問看護,新宿区,13104,独立行政法人地域医療機能推進機構　東京新宿メディカルセンター附属訪問看護ステーションなないろ,独立行政法人地域医療機能推進機構,その他法人,1360490260,東京都新宿区下宮比町２－１２,03-3269-8135,2016-10-01,訪問看護ステーション,平日,80,https://shinjuku.jcho.go.jp,35.703533200000000,139.743048900000000
訪問看護,新宿区,13104,さくら訪問看護リハビリステーション,株式会社ダイシン,営利法人,1360490302,東京都新宿区大久保２－１８－４グレース橋谷田　１０２,03-6205-6451,2017-12-01,訪問看護ステーション,平日・土曜日・日曜日・祝日,5,http://sakura.dysin.jp/,35.701450400000040,139.705851500000000
訪問看護,新宿区,13104,訪問看護ステーション　やごころ,一般社団法人想兼,社団・財団,1360490310,東京都新宿区上落合２－１１－１６－２０１号,03-6908-7234,2018-02-01,訪問看護ステーション,平日・土曜日・日曜日・祝日,,http://souken.group/,35.711995900000000,139.689591800000020
訪問看護,新宿区,13104,訪問看護ステーション　デライト新宿,株式会社Ｈ＆Ｈホールディングス,営利法人,1360490344,東京都新宿区百人町１－１６－２１ミナミビル３０１,03-6304-0082,2018-10-01,訪問看護ステーション,,,,,
訪問看護,新宿区,13104,ガイア訪問看護ステーション　新宿,株式会社ガイアメディケア,営利法人,1360490369,東京都新宿区四谷４－２３－１９レジデンス光和１０８　１０１号室,03-5989-1168,2018-12-01,訪問看護ステーション,平日,,http://www.gaia-medicare.jp,35.712168400000000,139.698087999999980
訪問看護,新宿区,13104,訪問看護ステーション鈴,株式会社円グループ,営利法人,1360490385,東京都新宿区高田馬場１－１６－１６エルヴェ内堀２階,03-6457-3766,2019-06-01,訪問看護ステーション,,,,,
訪問看護,新宿区,13104,マイナビ訪問看護ステーション　新宿,株式会社マイナビナースケア,営利法人,1360490393,東京都新宿区新宿４－１－６ＪＲ新宿ミライナタワー１２階,03-6628-5071,2019-08-01,訪問看護ステーション,平日・土曜日・祝日,50,https://mynavi-nursecare.jp/,35.688722170333620,139.701289816768400
訪問看護,新宿区,13104,ＫＩＲＡＬＩＥ訪問看護ステーション,株式会社Ｒａｄｉａｎｃｅ,営利法人,1360490401,東京都新宿区新宿１－２３－５サンサーラ御苑５０３号室,03-5361-7328,2019-09-01,訪問看護ステーション,平日,200,https://kiralie.co.jp,35.688992141745390,139.713934633729540
訪問看護,新宿区,13104,訪問看護ステーション　デイジー,合同会社ＤａｙＧｅｅ,営利法人,1360490427,東京都新宿区四谷４－１２－４ＫＥＥＬＳ　Ｃ号室,03-6273-0684,2019-11-01,訪問看護ステーション,平日・土曜日・日曜日・祝日,,http://www.daygee.co/,35.689311002363860,139.717615617070320
訪問看護,新宿区,13104,訪問看護ステーション　コルディアーレ新宿,株式会社ＪＳＨ,営利法人,1360490435,東京都新宿区下落合４－６－１４ｔｈｅ　ＡＮＮＥＸビル２０１号,03-6279-3656,2019-11-01,訪問看護ステーション,,,,,
訪問看護,新宿区,13104,医療法人社団ゆみの　ゆみの訪問看護ステーション,医療法人社団ゆみの,医療法人,1360490443,東京都新宿区上落合２－９－１６インテック落合２０７号室,03-5332-8805,2020-01-01,訪問看護ステーション,平日・土曜日・日曜日・祝日,,https://www.yumino-medical.com/homenursingstation/,35.713502100000000,139.689200400000000
訪問看護,新宿区,13104,シンプレ訪問看護ステーション,株式会社シンプレ,営利法人,1360490468,東京都新宿区高田馬場１－２９－２１みかどビル３Ｆ,03-6205-9521,2020-04-01,訪問看護ステーション,平日・土曜日・祝日,250,https://shimpre-houkan.com/,35.710514625172790,139.704189600000000
訪問看護,新宿区,13104,七福訪問看護ステーション,株式会社Ｌｉｆｅ＆ｅａｔ,営利法人,1360490484,東京都新宿区高田馬場２－８－１３－１０１,03-6278-9529,2021-03-01,訪問看護ステーション,平日・土曜日・日曜日・祝日,,https://www.fuku7.jp/,35.712479400000000,139.708509400000000
訪問看護,新宿区,13104,コモレビナーシングステーション新宿,株式会社ソシエテ,営利法人,1360490500,東京都新宿区新宿４－４－１８新宿ＭＭビル１階,03-5315-0360,2021-04-01,訪問看護ステーション,,,,,
訪問看護,新宿区,13104,アルモナース訪問看護リハビリステーション,株式会社健整会,営利法人,1360490518,東京都新宿区西新宿５－２１－１６,03-6381-6150,2021-05-01,訪問看護ステーション,平日,,https://almo-nurse.com,35.692300800000000,139.684515300000000
訪問看護,新宿区,13104,いろは訪問看護ステーション,株式会社メディカルラン,営利法人,1360490526,東京都新宿区西新宿５－８－５ダイヤモンド西新宿３０４号,03-6276-2966,2021-07-01,訪問看護ステーション,,,,,
訪問看護,新宿区,13104,てとて訪問看護ステーション,株式会社ＣＲＥＡＣＥ,営利法人,1360490542,東京都新宿区北新宿１－３０－２４モンシャトー北新宿３０１号,03-5937-1981,2022-02-01,訪問看護ステーション,平日,,,35.701520406461654,139.691787786508170
訪問看護,新宿区,13104,ツクイ新宿訪問看護ステーション,株式会社ツクイ,営利法人,1360490567,東京都新宿区舟町１－１８ロイクラトン四谷,03-5919-0061,2022-07-01,訪問看護ステーション,平日・土曜日・日曜日・祝日,,https://www.tsukui.net/,35.688756100000000,139.720633000000000
訪問看護,新宿区,13104,すみれ訪問看護ステーション,株式会社フォレスト,営利法人,1360490575,東京都新宿区百人町２－２３－１７Ｋ－ＧＲＡＮＤＥ２０３号室,03-5937-0261,2022-11-01,訪問看護ステーション,平日・土曜日・日曜日・祝日,15,http://forest802.com,35.703647600000004,139.696342500000000
訪問看護,新宿区,13104,ワンダフルサポート訪問看護ステーション,ワンダフルサポート株式会社,営利法人,1360490591,東京都新宿区西新宿７－２０－２愛美堂ビル６階,03-6279-1342,2023-05-01,訪問看護ステーション,平日・土曜日・日曜日・祝日,,http://care-net.biz/13/wonderful/company.php,35.693838200000000,139.695455000000000
訪問看護,新宿区,13104,Ｆａｍｉｌｙ　Ｎｕｒｓｅ　西落合,株式会社ウェチャーアス,営利法人,1360490609,東京都新宿区西落合１－２０－１広和マンション４０５,03-3565-6915,2023-05-01,訪問看護ステーション,平日・土曜日,,https://familynursenishiochiai-service.my.canva.site/family-nurse-nishiochiai-web,35.719546900000000,139.681346800000000
訪問看護,新宿区,13104,ＯＮ　ｋａｎｇｏ　訪問看護ステーション,株式会社ｏｎｃａｌｌ,営利法人,1360490625,東京都新宿区北新宿１－２８－９,03-5937-5993,2023-05-01,訪問看護ステーション,,,,,
訪問看護,新宿区,13104,ナースシステム訪問看護ステーション,株式会社ナースアンドシステム,営利法人,1360490633,東京都新宿区四谷４－３０－２３ビルド吉田７０１号室,03-6457-8325,2023-06-01,訪問看護ステーション,,,,,
訪問看護,新宿区,13104,ブルーム訪問看護ステーション,株式会社ジャムス,営利法人,1360490641,東京都新宿区西新宿３－７－２６ハイネスロワイヤル７０３号,03-6911-1845,2024-03-01,訪問看護ステーション,平日・土曜日,,,35.684764599999990,139.690559100000000
訪問看護,新宿区,13104,医心館　訪問看護ステーション　目白,株式会社アンビス,営利法人,1360490658,東京都新宿区下落合３－１７－２０,03-3565-6705,2024-04-01,訪問看護ステーション,平日・土曜日・日曜日・祝日,,,35.721220000000000,139.703556800000000
訪問看護,新宿区,13104,ライフホーム訪問看護リハビリステーション,株式会社ファストヘルスケア,営利法人,1360490666,東京都新宿区高田馬場３－２５－２３,03-5497-8990,2024-05-01,訪問看護ステーション,平日・土曜日・祝日,,https://lifehomehoumon.com/,35.713086967309685,139.698167842473080
訪問看護,新宿区,13104,プレナースステーション,株式会社ＰｌｅａｓａｎｔＨｅａｌｔｈ,営利法人,1360490674,東京都新宿区西早稲田１－１４－１４ふじビル２階,03-6205-5218,2024-06-01,訪問看護ステーション,平日・土曜日・日曜日・祝日,120,https://pleasanthealth2.jimdofree.com/%E9%83%A8%E9%96%80%E7%B4%B9%E4%BB%8B/%E8%A8%AA%E5%95%8F%E7%9C%8B%E8%AD%B7%E9%83%A8%E9%96%80/,35.712120936442425,139.720202943741730
訪問看護,新宿区,13104,あさぎ訪問看護ステーション,あさぎ株式会社,営利法人,1360490682,東京都新宿区高田馬場４－１８－１０サンハイツ高田馬場９０１,03-5937-0077,2024-06-01,訪問看護ステーション,平日・土曜日・日曜日・祝日,,https://asagi.team/,35.712180800000000,139.699788900000000
訪問看護,新宿区,13104,ザオーケア訪問看護ステーション飯田橋,アリア株式会社,営利法人,1360490690,東京都新宿区中町１５神楽坂マンション３０６,03-6457-5889,2024-07-01,訪問看護ステーション,平日・土曜日・日曜日・祝日,,https://zaoocare.co.jp/,35.698818100000004,139.735365100000000
訪問看護,新宿区,13104,医心館　訪問看護ステーション　高田馬場,株式会社アンビス,営利法人,1360490708,東京都新宿区下落合２－５－１３,03-3565-6816,2024-11-01,訪問看護ステーション,平日・土曜日・日曜日・祝日,,,35.716957400000000,139.701149100000000
訪問看護,新宿区,13104,ＣＬＡＳＷＥＬＬ　信濃町訪問看護ステーション,ＫＣ－Ｗｅｌｆａｒｅ株式会社,営利法人,1360490716,東京都新宿区南元町１４－７,03-3226-0061,2025-02-01,訪問看護ステーション,平日,,https://kc-welfare.co.jp/service/shinanomachi/,35.679448000000000,139.723018100000000
訪問看護,新宿区,13104,ビリーブ訪問ステーション　新宿支所,合同会社ビリーブ,営利法人,1360490724,東京都新宿区改代町２高城ビル２０２号室,077-574-8705,2025-04-01,訪問看護ステーション,平日,,https://believe2020.sakura.ne.jp,35.706551316824690,139.734683383229880
訪問看護,新宿区,13104,共創みらい訪問看護ステーション上落合,株式会社ファーマみらい,営利法人,1360490740,東京都新宿区上落合２－２６－３共創未来メディカルケア内Ｂ１Ｆ,03-6279-2250,2025-08-01,訪問看護ステーション,平日,,,35.711030900000000,139.686420300000000
訪問看護,新宿区,13104,訪問看護ステーション　ニト四谷,株式会社ニト,営利法人,1360490757,東京都新宿区四谷４－３エクシーナ四谷２０２,03-6821-0131,2025-08-01,訪問看護ステーション,平日・土曜日,,,35.687846060561675,139.716898936953380
訪問看護,新宿区,13104,ゆみの訪問看護ステーション早稲田,株式会社ＹＵＭＩＮＯＭｅｄｉｃａｌＰａｒｔｎｅｒｓ,営利法人,1360490765,東京都新宿区西早稲田３－１２－４　１０３号室,03-5292-6870,2026-01-01,訪問看護ステーション,平日・土曜日,,,35.709948565132855,139.715085361376960
訪問看護,新宿区,13104,ここる訪問看護ステーション,株式会社メドイース,営利法人,1360490773,東京都新宿区高田馬場１－３４－２縄田ビル３０２号室,03-6205-5254,2026-02-01,訪問看護ステーション,平日,50,https://kokoru-houkan.bright-comms.net,35.711765299999996,139.703890299999980
訪問看護,新宿区,13104,スピン訪問看護ステーション神楽坂,株式会社ＳＰＩＮ,営利法人,1360490781,東京都新宿区神楽坂６－３８中島ビル４０３,03-6228-1754,2026-04-01,訪問看護ステーション,,,,,
訪問看護,新宿区,13104,訪問看護ステーションはな　新宿,株式会社はな,営利法人,1360490799,東京都新宿区新宿６－１１－９新宿第二松喜ビル１０１,03-6822-6563,2026-04-01,訪問看護ステーション,,,,,
訪問看護,新宿区,13104,訪問看護ステーション　つむぎえん,株式会社ｇｏｎｅｔ,営利法人,1360490807,東京都新宿区北新宿１－８－１０新宿司法書士会館４０２号,03-5937-4880,2026-07-01,訪問看護ステーション,,,,,
訪問看護,新宿区,13104,アート訪問看護ステーション,フォース株式会社,営利法人,1360490815,東京都新宿区新宿２－１３－１０エルハイム２０５,03-4400-2775,2026-08-01,訪問看護ステーション,,,,,
訪問看護,新宿区,13104,ＳＯＭＰＯケア　東京　訪問看護,ＳＯＭＰＯケア株式会社,営利法人,1361290735,東京都新宿区高田馬場２－５－２３第１桂城ビル４階,03-6302-1398,2017-12-01,訪問看護ステーション,平日・祝日,,https://www.sompocare.com,35.714122300000000,139.710919300000000
訪問看護,新宿区,13104,訪問看護事業所みやび,株式会社千雅,営利法人,1361490194,東京都新宿区西新宿２－１－１新宿三井ビル３０階３００５号,03-6454-0973,2017-05-01,訪問看護ステーション,平日・土曜日・日曜日・祝日,,,35.691990182569086,139.693895072782900
訪問看護,新宿区,13104,ｚｅｎ　ｐｌａｃｅ訪問看護ステーション新宿,株式会社ＺＥＮＰＬＡＣＥ,営利法人,1361590431,東京都新宿区北新宿４－２１－４吉澤ビル１０１,03-5937-4966,2017-05-01,訪問看護ステーション,平日・土曜日・日曜日・祝日,3,https://nurse.zenplace.co.jp/,35.707198900000000,139.691715700000000
訪問看護,新宿区,13104,訪問看護ステーション　ホームケア高田馬場,株式会社ミレニア,営利法人,1361690256,東京都新宿区高田馬場１－２３－７創信ビル３階,03-6302-1212,2019-06-01,訪問看護ステーション,平日・土曜日・日曜日・祝日,,https://www.millennia-corporation.jp/houmon/index.html,35.722377000000000,139.705816000000030
訪問看護,新宿区,13104,医療法人財団  東京勤労者医療会  代々木訪問看護ステーション,医療法人財団東京勤労者医療会,医療法人,1367192180,東京都新宿区大久保２－８－２　３階,03-5272-4118,2000-04-01,訪問看護ステーション,平日・土曜日,,http://www.tokyo-kinikai.com,35.702165100000000,139.707564900000000
訪問看護,新宿区,13104,神楽坂訪問看護ステーション,医療法人社団涼友会,医療法人,1367193394,東京都新宿区市谷山伏町２－２　神楽坂ＮＫビル１Ｆ,03-5225-4799,2000-04-01,訪問看護ステーション,平日,,http://www.shigyo.jp/,35.699817900000000,139.727918800000000
訪問看護,新宿区,13104,セコム新宿訪問看護ステーション,セコム医療システム株式会社,営利法人,1367194178,東京都新宿区左門町１４－１７ＴＨ左門町ビル２０１,03-5368-6078,2000-04-01,訪問看護ステーション,平日,,http://www.medical.secom.co.jp,35.685868085392870,139.719413611331250
訪問看護,新宿区,13104,社会福祉法人　聖母会　聖母訪問看護ステーション,社会福祉法人聖母会,社会福祉法人（社協以外）,1367194210,東京都新宿区中落合２ー５ー１,03-3951-3822,2000-04-01,訪問看護ステーション,平日・土曜日,,,35.720414857679344,139.693528653442340
訪問看護,新宿区,13104,白十字訪問看護ステーション,株式会社ケアーズ,営利法人,1367196108,東京都新宿区市谷砂土原町２－７ディアコート砂土原２０４,03-3268-1815,2001-07-01,訪問看護ステーション,平日,180,http://www.cares-hakujuji.com,35.695524200000000,139.735887899999970
訪問看護,新宿区,13104,在宅看護研究センター付属訪問看護ステーション,日本在宅看護システム有限会社,営利法人,1367196124,東京都新宿区高田馬場４－９－１１－４０３,03-3362-3193,2001-07-01,訪問看護ステーション,平日,,http://www.nursejapan.com/enurse_network,35.713571335668150,139.702658395288950
訪問看護,文京区,13105,星医療酸器　訪問看護・リハビリステーション巣鴨,株式会社星医療酸器,営利法人,1360590069,東京都文京区千石４－１６－２小林ビル２０３号室,03-5976-2655,2014-08-01,訪問看護ステーション,平日・土曜日・日曜日・祝日,,http://www.hosi.co.jp/,35.730152070001110,139.736944712897530
訪問看護,文京区,13105,訪問看護ステーション　ホームケア文京,株式会社ミレニア,営利法人,1360590085,東京都文京区小石川２－２３－１２エスティビル小石川４０１,03-5615-9715,2016-06-01,訪問看護ステーション,平日・土曜日・日曜日・祝日,,https://www.millennia-corporation.jp/houmon/index.html,35.711052100000000,139.751444099999960
訪問看護,文京区,13105,在宅看護センター本郷,株式会社Ｃｒｅａｄｅ,営利法人,1360590093,東京都文京区本郷４－７－１２－１０１,03-5615-8902,2016-08-01,訪問看護ステーション,平日・土曜日・日曜日・祝日,10,https://home-carenurse.com,35.707698400000000,139.757274999999940
訪問看護,文京区,13105,リーベ訪問看護リハビリステーション,株式会社インテンド,営利法人,1360590127,東京都文京区湯島２－１６－１０ＴＲＵＳＴ　ＶＡＬＵＥ　湯島３階,03-5844-6590,2017-02-01,訪問看護ステーション,平日,,http://kango-rihabiristation.com/,35.705078221344515,139.765838936395300
訪問看護,文京区,13105,なのはな訪問看護ステーション,ＲＡＢＬＯ株式会社,営利法人,1360590150,東京都文京区本駒込２－９－３－２０２,03-5981-8614,2017-08-01,訪問看護ステーション,平日・土曜日・日曜日・祝日,,,35.726684900000000,139.747172300000000
訪問看護,文京区,13105,東京中央訪問看護リハビリステーション,株式会社ＴＬＳ,営利法人,1360590168,東京都文京区後楽２－２３－１５大星マンション２０２号,03-6801-6932,2017-09-01,訪問看護ステーション,平日,100,http://abc-nursing.com,35.707460265730276,139.744271347885160
訪問看護,文京区,13105,ホーム訪問看護ステーション,合同会社ホーム訪問看護ステーション,営利法人,1360590176,東京都文京区湯島３－２２－４第二天野ハイツ１０２,03-6874-4951,2017-09-01,訪問看護ステーション,,,,,
訪問看護,文京区,13105,ゆい訪問看護ステーション,結美株式会社,営利法人,1360590192,東京都文京区本郷３－３４－４本郷ＪＫＨビル３階,03-6240-0395,2018-03-01,訪問看護ステーション,平日・土曜日・日曜日・祝日,,https://yui-ns.jp,35.707256200000000,139.760872099999970
訪問看護,文京区,13105,ナースステーション東京　文京支店,株式会社日本在宅ケア教育研究所,営利法人,1360590200,東京都文京区白山２－２０－９藤井ビル１Ｆ,03-5615-8238,2018-04-01,訪問看護ステーション,平日・土曜日,,http://www.zaitakucare.co.jp,35.716574900000010,139.748205900000020
訪問看護,文京区,13105,訪問看護ステーション東大前,三誠メディカル株式会社,営利法人,1360590226,東京都文京区向丘２－９－１０コート追分１０１,03-3868-2007,2018-06-01,訪問看護ステーション,平日,180,https://h-toudaimae.jp/,35.719809020502055,139.758549598738680
訪問看護,文京区,13105,ゆりの樹訪問看護リハビリステーション,医療法人社団一専会,医療法人,1360590242,東京都文京区関口１－２１－１９九條ビル４階,03-6902-9186,2019-02-01,訪問看護ステーション,平日・土曜日・日曜日・祝日,,http://yurinoki.dysin.jp,35.709534745937580,139.733063750509700
訪問看護,文京区,13105,訪問看護ステーション　ほのぼのらいふ,株式会社元気な介護,営利法人,1360590267,東京都文京区小石川１－２２－２南部ビル１階,03-5805-7856,2019-04-01,訪問看護ステーション,平日,,https://genkinakaigo.co.jp/,35.713911500000000,139.752563099999970
訪問看護,文京区,13105,やよい訪問看護ステーション,医療法人社団ＹＡＹＯＩ,医療法人,1360590291,東京都文京区弥生１－５－１１弥生クリニックビル３階,03-6240-0738,2021-02-01,訪問看護ステーション,平日・土曜日,,https://hokan.yayoi-hcc.org/,35.720528700000000,139.759427900000000
訪問看護,文京区,13105,まるまる訪問看護ステーション湯島,株式会社ＭＩＫＯＴＯ,営利法人,1360590309,東京都文京区湯島４－６－１２湯島ハイタウンＢ１４１７,03-4431-3226,2022-09-01,訪問看護ステーション,平日,130,https://www.marumaruhoukan.com/,35.708534100000000,139.767874400000000
訪問看護,文京区,13105,ハニー訪問看護ステーション,株式会社ＰＦＬ,営利法人,1360590317,東京都文京区本郷３－３６－１２グリーンヒルズ本郷２０２,03-6240-0824,2022-12-01,訪問看護ステーション,,,,,
訪問看護,文京区,13105,訪問看護ステーション　はな　本駒込,株式会社ＯＺビルメンテナンス,営利法人,1360590325,東京都文京区本駒込３－２９－８コーポ文京１Ｆ,03-6824-0308,2023-04-01,訪問看護ステーション,平日・土曜日・日曜日・祝日,,https://www.hana-kango.com/about_us/index.html,35.729462699999985,139.751941500000000
訪問看護,文京区,13105,はれの樹訪問看護リハビリステーション,医療法人社団一専会,医療法人,1360590333,東京都文京区向丘１－４－１１アカデミー向丘１階,03-6801-5527,2023-09-01,訪問看護ステーション,平日・土曜日・日曜日・祝日,150,https://harenoki.dysin.jp/,35.717921784477950,139.756657110450760
訪問看護,文京区,13105,訪問看護ステーション　ソレイユ　ハートケア,株式会社Ａｉｌｅ,営利法人,1360590358,東京都文京区白山５－１７－１０－１０１,03-6902-9184,2024-04-01,訪問看護ステーション,,,,,
訪問看護,文京区,13105,訪問看護ステーション　レインボーコンパス,一般社団法人レインボーコンパス,社団・財団,1360590366,東京都文京区本郷３－２－７お茶の水サニービル１階,03-5844-6175,2025-04-01,訪問看護ステーション,平日・祝日,,https://www.rainbow-compass.or.jp/,35.703660800000000,139.761973000000000
訪問看護,文京区,13105,東大看護ステーション目白台,一般社団法人東大看護学実装普及研究所,社団・財団,1360590374,東京都文京区目白台３－２８－１０Ｔｏｎｏｗａ　Ｇａｒｄｅｎ目白台,05036459012,2025-04-01,訪問看護ステーション,平日・祝日,,https://mejirodai.utndi.or.jp,35.717355681411670,139.725151874868770
訪問看護,文京区,13105,おおぞら訪問看護ステーション,株式会社ブルーウイング,営利法人,1360590382,東京都文京区本郷２－３１－８　２階,03-5615-8677,2025-05-01,訪問看護ステーション,平日,,https://www.ozorakango.jp,35.705566400000000,139.758439600000000
訪問看護,文京区,13105,Ｇｒｉｔ．ｉｎｃ　Ｈｏｍｅ　Ｎｕｒｓｅ　Ｓｔａｔｉｏｎ,株式会社Ｇｒｉｔ,営利法人,1360590390,東京都文京区関口１－８－６メゾン文京関口Ⅱ８０３号,03-5261-2877,2025-09-01,訪問看護ステーション,平日・土曜日・日曜日・祝日,,,35.708850499999990,139.731689799999970
訪問看護,文京区,13105,つねいろ訪問看護ステーション,合同会社ｓｕｍｍａ,営利法人,1360590408,東京都文京区千駄木１－２２－３０ＴＲＵＳＴ　ＶＡＬＵＥ千駄木６０３,03-5842-1832,2025-09-01,訪問看護ステーション,平日・土曜日・日曜日・祝日,,https://tsuneiro.com/,35.724529300000030,139.759747100000030
訪問看護,文京区,13105,ＣＯＣＯ訪問看護ステーション,株式会社オレンジ,営利法人,1360590416,東京都文京区本駒込４－１９－１１　１０１号室,03-5832-9331,2026-03-01,訪問看護ステーション,平日・祝日,,https://orange-nurse.com,35.731744500000005,139.757087700000000
訪問看護,文京区,13105,あいあーる東京訪問看護ステーション,あいあーる合同会社,営利法人,1360590424,東京都文京区小石川１－１３－１２ＷＡＫＯＵ小石川ビル５階,03-6240-0208,2026-05-01,訪問看護ステーション,,,,,
訪問看護,文京区,13105,よつば訪問看護ステーション,ジェニックス株式会社,営利法人,1360590432,東京都文京区春日２－１－１０－２０１美津穂マンション,05017506289,2026-05-01,訪問看護ステーション,,,,,
訪問看護,文京区,13105,一般社団法人　小石川医師会　訪問看護ステーション,一般社団法人小石川医師会,社団・財団,1367191240,東京都文京区小石川５－６－９,03-3947-0616,2000-03-22,訪問看護ステーション,平日・土曜日・日曜日・祝日,140,http://kango.koishikawa-med.jp/,35.718317271559960,139.737075492590260
訪問看護,文京区,13105,龍岡訪問看護ステーション,医療法人社団龍岡会,医療法人,1367192206,東京都文京区湯島４－９－８,03-3811-2688,2000-04-01,訪問看護ステーション,平日,55,http://www.mct.or.jp,35.709565100000000,139.764591200000040
訪問看護,文京区,13105,ひかわした訪問看護ステーション,東京保健生活協同組合,生協,1367192479,東京都文京区千石４－１－２千石にじの家１階,03-3944-1357,2000-04-01,訪問看護ステーション,平日・土曜日,85,http://www.tokyo-helth.coop,35.726524024177900,139.741025571637320
訪問看護,文京区,13105,訪問看護ステーションけせら,株式会社けせら,営利法人,1367195712,東京都文京区本郷３－１５－２本郷二村ビル２０１,03-3815-1170,2000-12-01,訪問看護ステーション,平日・土曜日・日曜日・祝日,250,http://houkankesera.net,35.704790505153966,139.761561894859370
訪問看護,文京区,13105,訪問看護ステーションきょうわ,一般社団法人東京在宅看護協和会,社団・財団,1367195829,東京都文京区千駄木５丁目１７番３号,03-3822-0128,2001-03-01,訪問看護ステーション,平日・祝日,100,http://www.station-kyowa.com,35.726532400000000,139.758827099999960
訪問看護,台東区,13106,いきいきＳＵＮ訪問看護リハビリステーション,株式会社メディセプト,営利法人,1360290074,東京都台東区浅草橋１－３２－６コスモス浅草橋酒井ビル６Ｆ,03-5809-1761,2014-10-01,訪問看護ステーション,平日・祝日,200,http://sun.medicept.co.jp/,35.697036045922864,139.785799523440120
訪問看護,台東区,13106,ソフィアメディ訪問看護ステーション東日本橋,ソフィアメディ株式会社,営利法人,1360290207,東京都台東区浅草橋３－１９－２富士ビル３階,03-6667-0702,2019-01-01,訪問看護ステーション,平日・土曜日・日曜日・祝日,,http://www.sophiamedi.co.jp,35.690081900000000,139.783604600000000
訪問看護,台東区,13106,医療法人社団輝生会　訪問看護ステーションわっか,医療法人社団輝生会,医療法人,1360690042,東京都台東区元浅草１－６－１７ＮＩＣ上野ビル７階,03-5828-8075,2010-12-01,訪問看護ステーション,平日・土曜日・祝日,5,http://motoasakusa-reha.com/,35.708421400000000,139.782362299999930
訪問看護,台東区,13106,トータルライフ訪問看護ステーション雷門,医療法人社団トータルライフ医療会,医療法人,1360690075,東京都台東区雷門２－１１－１０コモドール雷門１Ｆ,03-5827-3655,2012-12-01,訪問看護ステーション,平日,,http://www.tlc.or.jp,35.709479114994550,139.795941907231960
訪問看護,台東区,13106,はる訪問看護リハビリステーション御徒町,株式会社Ｇｅｎｔｅｎ　Ｌｉｎｋｓ,営利法人,1360690083,東京都台東区台東３－１７－１ダイアパレス御徒町Ｖ３０４,03-3833-5556,2015-01-01,訪問看護ステーション,平日・土曜日,140,https://haru-care.jp/,35.704799772011214,139.777167675463030
訪問看護,台東区,13106,訪問看護ステーション　こんにちわ,株式会社こんにちわ,営利法人,1360690109,東京都台東区浅草橋１－４－２－３０５,03-5809-3602,2015-05-01,訪問看護ステーション,平日,100,,35.697108800000020,139.783187699999980
訪問看護,台東区,13106,訪問看護ステーションＴＯＭＯ浅草,株式会社Ｈｕｍａｎ　Ｎｅｘｔ,営利法人,1360690133,東京都台東区浅草３－３６－９小宮ビル１Ｆ,03-5603-2828,2017-04-01,訪問看護ステーション,平日・土曜日・祝日,,https://hhn-tomo.life/office/tomo-asakusa.html,35.717937500000020,139.795752399999970
訪問看護,台東区,13106,よつば訪問看護ステーション,株式会社よつば,営利法人,1360690141,東京都台東区浅草５－５４－４サンファスト浅草ＳＡビル１０２号室,03-6802-3240,2017-06-01,訪問看護ステーション,平日・祝日,,http://yotuba-clover.net,35.721723400000000,139.797293800000030
訪問看護,台東区,13106,こもれび訪問看護リハビリステーション,ｏｎｅ’ｓ　ｈｅａｒｔ株式会社,営利法人,1360690158,東京都台東区花川戸１－１５－１フェスタ花川戸８０１,03-6802-7671,2017-08-01,訪問看護ステーション,平日・祝日,,http://onesheart.fun/,35.713543500000000,139.798371900000000
訪問看護,台東区,13106,かきつばた訪問看護ステーション,株式会社ＮＥＸＴ　ｌｅＢＥＬＬ,営利法人,1360690166,東京都台東区北上野１－１１－１３前島ビル,03-5809-2951,2018-08-01,訪問看護ステーション,平日,3,http://www.kakitsubata-houkan.com,35.717703979941610,139.782701613072600
訪問看護,台東区,13106,訪問看護ステーション　はな　上野,株式会社はな,営利法人,1360690174,東京都台東区東上野１－１７－１外園ビル１Ｆ,03-6822-6553,2018-10-01,訪問看護ステーション,平日・土曜日,150,http://www.hana-kango.com,35.708355945960370,139.777564122701880
訪問看護,台東区,13106,医療法人社団博腎会　ことぶき　訪問看護ステーション,医療法人社団博腎会,医療法人,1360690182,東京都台東区寿１－１０－２０－２Ｆ,03-3844-0628,2019-02-01,訪問看護ステーション,平日・土曜日・祝日,,,35.706524300000000,139.789299499999970
訪問看護,台東区,13106,ソフィアメディ訪問看護ステーション入谷,ソフィアメディ株式会社,営利法人,1360690208,東京都台東区下谷１－９－６小泉ビル３階,03-5830-6330,2020-05-01,訪問看護ステーション,平日・土曜日・日曜日・祝日,,http://www.sophiamedi.co.jp/,35.718726100000000,139.782507900000000
訪問看護,台東区,13106,訪問看護ステーション　あずき,株式会社海月ＫＵＲＡＧＥ,営利法人,1360690216,東京都台東区千束３－５－１０リヴゴーシュｉＭ１階,03-3874-5661,2020-10-01,訪問看護ステーション,平日,10,http://kuragegroup.com,35.720671936415040,139.793170590190270
訪問看護,台東区,13106,ほほえみ訪問看護リハビリステーション,株式会社ダイシン,営利法人,1360690257,東京都台東区小島２－２１－１８ＴＸ小島ビル５階,03-5830-6905,2021-05-01,訪問看護ステーション,平日・土曜日・日曜日・祝日,10,https://peraichi.com/landing_pages/view/hohoemihoumonnkanngo/,35.706664999999990,139.783521200000000
訪問看護,台東区,13106,訪問看護ステーションちるな,株式会社ｃｈｉｌｌｎａ,営利法人,1360690273,東京都台東区松が谷３－６－８ｍａｉｓｏｎ　ｍｏｍｏ２階,03-6802-4374,2022-07-01,訪問看護ステーション,平日・土曜日,,https://chillna.co.jp,35.715892799999990,139.786366600000000
訪問看護,台東区,13106,訪問看護ステーション　アンテリア,特定非営利活動法人Ａｌｍａ,非営利法人（NPO）,1360690281,東京都台東区蔵前４－１６－４東京都ラベル印刷ビル　２階,03-5829-9455,2023-01-01,訪問看護ステーション,,,,,
訪問看護,台東区,13106,訪問看護ステーションほのか,株式会社稲穂,営利法人,1360690299,東京都台東区谷中３－９－２テラスハウスベル６,03-5834-8157,2023-02-01,訪問看護ステーション,平日・祝日,40,https://honoka-inaho.com/,35.726575500000000,139.765118099999970
訪問看護,台東区,13106,オハナケア訪問看護ステーション根岸,株式会社オハナケア,営利法人,1360690307,東京都台東区根岸３－１－１６－９０１号ラウレア,03-3874-4448,2023-06-01,訪問看護ステーション,平日,50,https://ohanacare-houmonkango.com/,35.721632800000000,139.782032400000000
訪問看護,台東区,13106,訪問看護ステーション　いろどり,株式会社いろどり,営利法人,1360690315,東京都台東区東上野６－３０－２山岸荘１Ｆ,03-5246-4939,2023-09-01,訪問看護ステーション,平日・土曜日・日曜日・祝日,,,35.714934200000010,139.785048300000000
訪問看護,台東区,13106,あしなら訪問看護ステーション,ＧＯＪＯ株式会社,営利法人,1360690323,東京都台東区千束２－１９－７コーポ梅沢Ⅱ４Ｆ,03-5808-7942,2023-10-01,訪問看護ステーション,平日・土曜日・日曜日・祝日,,https://gojo-inc.jp,35.720812500000010,139.790141800000000
訪問看護,台東区,13106,訪問看護ステーションはなえ,一般社団法人輝翔会,社団・財団,1360690331,東京都台東区千束３－９－９齋藤ビル2階,03-6802-3874,2023-12-01,訪問看護ステーション,平日・土曜日・日曜日・祝日,80,https://www.hanae8343.com,35.720566000000000,139.792189300000000
訪問看護,台東区,13106,グレース訪問看護ステーション城東,一般社団法人在宅医療協会,社団・財団,1360690356,東京都台東区入谷１－８－１１グレースタワー４Ｆ,03-6802-3051,2024-03-01,訪問看護ステーション,平日,60,https://www.grace-dc.com/clinic/nurse-joto/,35.719797262673390,139.785897258283800
訪問看護,台東区,13106,訪問看護ステーションちゃっぴー,株式会社Ｓｍｉｌｅ．ｎｓ,営利法人,1360690364,東京都台東区日本堤１－１－１１ヴィータローザＣＱレジデンス３０２,03-5246-4880,2024-05-01,訪問看護ステーション,,,,,
訪問看護,台東区,13106,訪問看護ＢＨ,ＢＨ株式会社,営利法人,1360690372,東京都台東区根岸２－２０－５パストラル根岸７０１,03-5808-9512,2024-09-01,訪問看護ステーション,平日・祝日,,,35.725610000000010,139.774808700000020
訪問看護,台東区,13106,きょう訪問看護リハビリステーション浅草,株式会社Ｋｙｏ,営利法人,1360690380,東京都台東区橋場１－１４－２メゾンＯＫＡ１０１号,05017215100,2024-09-01,訪問看護ステーション,平日・土曜日・日曜日・祝日,,https://kyo-hvns.com,35.723288500000000,139.807119500000000
訪問看護,台東区,13106,そらのいろ訪問看護ステーション台東荒川,株式会社メイディット,営利法人,1360690398,東京都台東区根岸２－１６－１１倉沢ビル２０１,03-6802-3576,2025-06-01,訪問看護ステーション,,,,,
訪問看護,台東区,13106,ポアル訪問看護ステーション,株式会社ＴＡＩ,営利法人,1360690406,東京都台東区浅草６－２１－１４,03-3873-7809,2025-10-01,訪問看護ステーション,平日,,http://poelecare.com,35.716301099999995,139.801653500000000
訪問看護,台東区,13106,リニエ訪問看護ステーション台東,株式会社リニエＲ,営利法人,1360690414,東京都台東区根岸３－１８－１６水野ビル３Ｆ,03-5808-1505,2026-04-01,訪問看護ステーション,,,,,
訪問看護,台東区,13106,みねっと訪問看護ステーション,合同会社Ｒｉｒｅ,営利法人,1360690422,東京都台東区柳橋１－１１－５柳橋ビル５０１,03-4405-8532,2026-06-01,訪問看護ステーション,,,,,
訪問看護,台東区,13106,医療法人財団　はるたか会　訪問看護ステーション　そら,医療法人財団はるたか会,医療法人,1360790198,東京都台東区東上野４－２７－３上野トーセイビル８階,03-6456-1197,2015-10-01,訪問看護ステーション,平日,,https://harutaka-aozora.jp,35.715534102975080,139.780827701964770
訪問看護,台東区,13106,訪問看護ステーションコスモス,特定非営利活動法人訪問看護ステーションコスモス,非営利法人（NPO）,1367195415,東京都台東区日本堤１－１－７,03-3871-7228,2000-06-01,訪問看護ステーション,平日,,https://www.s-cosmos.org/,35.726270151486080,139.800155347043640
訪問看護,台東区,13106,訪問看護ステーションゆうあい,特定非営利活動法人友愛会,非営利法人（NPO）,1367197023,東京都台東区清川２－２－３,03-5824-9135,2003-07-01,訪問看護ステーション,平日・祝日,,https://you-i-kai.net,35.726414800000000,139.803623700000000
訪問看護,墨田区,13107,看護クラーク東日本橋,株式会社シーユーシー・ホスピス,営利法人,1360290165,東京都墨田区立花１－３４－１,03-6657-1317,2017-06-01,訪問看護ステーション,,,,,
訪問看護,墨田区,13107,訪問看護ステーションすぴか,株式会社すぴか,営利法人,1360790016,東京都墨田区亀沢１－２１－８,03-6411-5713,2007-08-01,訪問看護ステーション,平日・土曜日,,https://home-visit-supica.com/,35.697786626145714,139.799197866131660
訪問看護,墨田区,13107,ラック訪問看護ステーションすみだ,株式会社ラックコーポレーション,営利法人,1360790032,東京都墨田区京島１－４７－１７　２Ｆ,03-5655-7505,2008-04-01,訪問看護ステーション,平日・土曜日・日曜日・祝日,80,http://www.lac-corp.jp,35.718826700000000,139.821719799999980
訪問看護,墨田区,13107,医療法人社団草思会　錦糸町訪問看護ステーション,医療法人社団草思会,医療法人,1360790057,東京都墨田区錦糸３－８－１２大沢マンション１０１,03-5819-1315,2009-08-01,訪問看護ステーション,,,,,
訪問看護,墨田区,13107,訪問看護ステーションＭＡＲＵ,株式会社ＭＡＲＵ,営利法人,1360790099,東京都墨田区緑４－２２－６第一工業ビル１・２Ｆ,03-6659-9715,2012-02-01,訪問看護ステーション,平日,,https://maru-asia.jp/,35.694233901702205,139.808632895230300
訪問看護,墨田区,13107,訪問看護ステーションしらひげ,医療法人伯鳳会,医療法人,1360790115,東京都墨田区東向島２－３６－１１,03-3611-4165,2012-07-01,訪問看護ステーション,平日・土曜日,,https://houkan.shirahigebashi-hp.info,35.721632100000000,139.818244999999930
訪問看護,墨田区,13107,リニエ訪問看護ステーションすみだ,株式会社リニエＲ,営利法人,1360790156,東京都墨田区緑４－２９－５錦糸町若林ビル３０１,03-5625-3201,2014-05-01,訪問看護ステーション,平日,,https://linie-group.jp,35.695428600000000,139.806127400000040
訪問看護,墨田区,13107,セントケア訪問看護ステーション墨田,セントケア東京株式会社,営利法人,1360790164,東京都墨田区吾妻橋２－２－４フェスティ・ワン４Ｆ,03-5819-1190,2014-07-01,訪問看護ステーション,平日・祝日,,http://www.saint-care.com/center/2328/,35.708341200000000,139.803466200000000
訪問看護,墨田区,13107,訪問看護ステーション　たくみ,株式会社匠グループ,営利法人,1360790180,東京都墨田区東向島２－７－７－３Ｆ,03-6657-3345,2015-04-01,訪問看護ステーション,平日・土曜日・日曜日・祝日,300300,https://www.takumigp.com,35.723645700000000,139.813470300000060
訪問看護,墨田区,13107,うさぎ訪問看護ステーション,株式会社叶夢,営利法人,1360790206,東京都墨田区業平１－８－２ＴＭ業平ビル3階,03-5819-4200,2016-04-01,訪問看護ステーション,平日,10,http://kanamu.jp,35.707610700000000,139.810465600000040
訪問看護,墨田区,13107,ケアーズ墨東訪問看護リハビリステーション,合同会社ケアーズ墨東訪問看護リハビリステーション,営利法人,1360790222,東京都墨田区太平２－３－１０－２０１,03-6240-4961,2017-02-01,訪問看護ステーション,平日,120,http://houmonkango-bokutou.com/,35.699926699999990,139.812778000000000
訪問看護,墨田区,13107,医療法人財団健和会すみれ訪問看護ステーション,医療法人財団健和会,医療法人,1360790255,東京都墨田区業平２－９－９業平医療福祉会館３階,03-5619-5510,2018-06-01,訪問看護ステーション,平日,100,https://kenwa-houmon.com,35.707816200000000,139.812468200000000
訪問看護,墨田区,13107,ワンファミ訪問看護リハビリステーション　墨田本店,ＯｎｅＷｏｒｌｄＦａｍｉｌｙ株式会社,営利法人,1360790263,東京都墨田区押上３－１－８大宮ビル２階,03-6820-2399,2018-09-01,訪問看護ステーション,平日・土曜日・日曜日・祝日,600,https://onefami.com,35.713028213543520,139.816010935224570
訪問看護,墨田区,13107,くれよん訪問看護リハビリステーション森下,株式会社ＳＲメディケア,営利法人,1360790297,東京都墨田区立川１－１６－１７山田ビル１０１,03-5625-4581,2019-04-01,訪問看護ステーション,平日・土曜日,,https://crayon-houmonkango.com,35.691552800000004,139.799818400000000
訪問看護,墨田区,13107,セレスト訪問看護ステーション,株式会社ｎｏｖｅｌ,営利法人,1360790305,東京都墨田区八広５－１－１０ジョブルヤマモト１Ｆ,03-6657-0341,2019-05-01,訪問看護ステーション,平日・祝日,,http://hp.kaipoke.biz/zac/,35.722596300000000,139.823182999999970
訪問看護,墨田区,13107,つむぎ訪問看護ステーション,東京スマイル株式会社,営利法人,1360790313,東京都墨田区東向島１－１７－７地蔵坂ホームズ１階,03-6657-3020,2020-03-01,訪問看護ステーション,平日,40,,35.721118676009986,139.815506618385290
訪問看護,墨田区,13107,訪問看護ステーションさくら　本所吾妻橋,株式会社ネクサスメディケア,営利法人,1360790321,東京都墨田区東駒形３－４－８,03-5637-7320,2020-04-01,訪問看護ステーション,平日,,https://houmon-sakura.com/index.html,35.705647691690906,139.804456101452530
訪問看護,墨田区,13107,かのん訪問看護ステーションすみだ,株式会社双泉メディカルサポート,営利法人,1360790339,東京都墨田区押上２－３０－７コンチェルト押上１階,03-6657-0020,2020-09-01,訪問看護ステーション,平日,10,https://sosen-medical.co.jp/kanon-sumida,35.714587700000000,139.814966100000000
訪問看護,墨田区,13107,ＦＣＭ訪問看護ステーションすみだ,株式会社ふたばケアメディカル,営利法人,1360790347,東京都墨田区東向島５－３－３東向島ステーションプラザ２０９号室,03-6657-0603,2021-04-01,訪問看護ステーション,平日・土曜日・日曜日・祝日,,http://futabacm.com/,35.725039600000000,139.819682699999960
訪問看護,墨田区,13107,ソフィアメディ訪問看護ステーション東向島,ソフィアメディ株式会社,営利法人,1360790354,東京都墨田区東向島３－９－２チェリーピア２１　１階,03-6657-0196,2021-05-01,訪問看護ステーション,平日・土曜日・日曜日・祝日,,https://www.sophiamedi.co.jp/station/higashimukoujima/,35.726068100000000,139.813050300000000
訪問看護,墨田区,13107,ＯＲＣＡ訪問看護ステーション,合同会社ＯＲＣＡ,営利法人,1360790370,東京都墨田区京島１－１８－１０フォレスト京島Ｆ１０１号室,03-6657-4062,2021-10-01,訪問看護ステーション,平日,2,https://www.orcanurse.com/,35.714851048311850,139.818748864915650
訪問看護,墨田区,13107,医修館東京　訪問看護ステーション,株式会社クックソン,営利法人,1360790396,東京都墨田区立花２－２５－９－２０６,03-3616-1271,2022-06-01,訪問看護ステーション,平日・土曜日・日曜日・祝日,,https://www.ishukan.jp/,35.707125499999990,139.830376900000000
訪問看護,墨田区,13107,訪問看護ステーションここから,株式会社Ａｉｃｏｃｏｋａｒａ,営利法人,1360790404,東京都墨田区江東橋１－１５－１ＶＯＲＴ錦糸町５階,03-5637-7080,2022-10-01,訪問看護ステーション,,,,,
訪問看護,墨田区,13107,訪問看護ステーション　デライト墨田,株式会社Ｈ＆Ｈホールディングス,営利法人,1360790420,東京都墨田区錦糸４－６－９小川ビル３階,03-6240-4462,2022-12-01,訪問看護ステーション,,,,,
訪問看護,墨田区,13107,ツクイ墨田訪問看護ステーション,株式会社ツクイ,営利法人,1360790438,東京都墨田区押上１－１－２東京スカイツリーイーストタワー１５階,03-5619-5440,2023-01-01,訪問看護ステーション,平日・土曜日,,https://www.tsukui.net/,35.710488100000010,139.812537600000000
訪問看護,墨田区,13107,訪問看護ステーションあんず,日本マーキュリー株式会社,営利法人,1360790446,東京都墨田区文花２－１７－５ソミコーポ文花１０４,03-6824-0363,2023-03-01,訪問看護ステーション,,,,,
訪問看護,墨田区,13107,ＢＥＡＭ訪問看護ステーション,株式会社ＢＥＡＭ,営利法人,1360790453,東京都墨田区向島３－４０－７ホームアダージョ２０３,03-6326-9755,2023-09-01,訪問看護ステーション,,,,,
訪問看護,墨田区,13107,訪問看護ステーション　はな　墨田,ｈｓｈ株式会社,営利法人,1360790479,東京都墨田区向島４－２６－１１川邊ビル１０１,03-6824-6763,2023-12-01,訪問看護ステーション,平日・土曜日,,https://www.hana-kango.com/,35.714870000000010,139.812378299999980
訪問看護,墨田区,13107,どすこい訪問看護リハビリステーション,合同会社コネクトライフ,営利法人,1360790487,東京都墨田区墨田４－１－２レモンヤビル２階Ｂ,03-6381-3501,2024-01-01,訪問看護ステーション,平日・土曜日・日曜日・祝日,42,,35.700800000000000,139.812331100000000
訪問看護,墨田区,13107,訪問看護ステーション　デューン墨田,株式会社Ｎ・フィールド,営利法人,1360790503,東京都墨田区太平３－１６－１増子ビル１階,03-6381-3571,2024-04-01,訪問看護ステーション,平日・土曜日・祝日,,https://www.nfield.co.jp,35.701938300000000,139.813927000000000
訪問看護,墨田区,13107,訪問看護ステーション　みけ,株式会社ふれすか,営利法人,1360790511,東京都墨田区向島２－１０－５第５安井ビル　１階,03-3626-2317,2024-04-01,訪問看護ステーション,平日,,https://fresca-mike.com/,35.716296799999990,139.808931400000000
訪問看護,墨田区,13107,訪問看護ステーション医ごころ　両国,株式会社アンビス,営利法人,1360790537,東京都墨田区両国４－３２－８,03-6659-5106,2024-08-01,訪問看護ステーション,平日・土曜日・日曜日・祝日,,,35.694683376316370,139.795924149737520
訪問看護,墨田区,13107,オリーブ訪問看護リハビリステーション墨田,株式会社Ｏｌｅａ,営利法人,1360790545,東京都墨田区横川２－１３－３　１階,03-5875-9002,2024-12-01,訪問看護ステーション,平日,3,http://www.carenurse-olea.jp,35.704634000000010,139.811609000000000
訪問看護,墨田区,13107,あいらく訪問看護ステーション　錦糸町,株式会社ＶｉｖｉＬｕｋｅ,営利法人,1360790552,東京都墨田区太平１－１１－１若葉ビル１Ｆ,03-6381-3405,2025-02-01,訪問看護ステーション,平日・土曜日・日曜日・祝日,,,35.700614900000005,139.810889600000000
訪問看護,墨田区,13107,訪問看護ステーション　コルディアーレ墨田,株式会社ＪＳＨ,営利法人,1360790560,東京都墨田区緑４－２０－９宮野ビル６階,03-6284-0934,2025-10-01,訪問看護ステーション,平日・土曜日,,,35.694903500000000,139.807623700000000
訪問看護,墨田区,13107,公益社団法人墨田区医師会立訪問看護ステーション,公益社団法人墨田区医師会,社団・財団,1367191489,東京都墨田区業平１－７－２５,03-3626-6827,2000-04-01,訪問看護ステーション,平日,90,http://www.sumida-med.jp/sumida,35.707591200000000,139.809704600000030
訪問看護,墨田区,13107,賛育会訪問看護ステーション,社会福祉法人賛育会,社会福祉法人（社協以外）,1367191950,東京都墨田区太平三丁目１８番５号　千代津ビル1階,03-3622-9188,2000-04-01,訪問看護ステーション,平日,10,,35.702345643772844,139.813526733729530
訪問看護,墨田区,13107,医療法人社団隆靖会　墨田中央訪問看護ステーション,医療法人社団隆靖会,医療法人,1367192800,東京都墨田区文花３－１５－２,03-3610-5551,2000-04-01,訪問看護ステーション,平日,60,,35.712799400000000,139.826336200000010
訪問看護,墨田区,13107,社会医療法人財団正明会　やまだ訪問看護ステーション,社会医療法人財団正明会,医療法人,1367199086,東京都墨田区石原２－２０－５,03-5819-7636,2007-05-01,訪問看護ステーション,平日・土曜日,,http://yamada-kinenhp.jp,35.701245160556210,139.800667079206850
訪問看護,江東区,13108,みんなのかかりつけ訪問看護ステーション豊洲,株式会社デザインケア,営利法人,1360290249,東京都江東区豊洲４－１－１２コーポ豊洲　５０１号室,03-6228-2505,2019-12-01,訪問看護ステーション,平日・土曜日・日曜日・祝日,,https://kakaritsuke.co.jp,35.664367287267690,139.773339023313500
訪問看護,江東区,13108,訪問看護リハビリステーション　アオアクア,株式会社アオアクア,営利法人,1360890030,東京都江東区大島８－５－１Ｎ＆Ｈビル４０１号室,03-5628-6120,2011-05-01,訪問看護ステーション,平日・土曜日・祝日,10,https://aoakua.net,35.689920779639806,139.838054698811360
訪問看護,江東区,13108,医療法人財団健和会　大島訪問看護ステーション,医療法人財団健和会,医療法人,1360890048,東京都江東区大島１－３６－５江東ビル４Ｆ,03-5626-7621,2011-07-01,訪問看護ステーション,平日,3,http://kenwa-houmon.com/,35.687359057046160,139.825685823942540
訪問看護,江東区,13108,訪問看護ステーションせりえ,株式会社ＳＭＢ,営利法人,1360890063,東京都江東区亀戸７－１４－７,03-6802-9557,2012-04-01,訪問看護ステーション,平日,,,35.697715362789374,139.835277492451520
訪問看護,江東区,13108,訪問看護サボテン砂町,株式会社アース,営利法人,1360890105,東京都江東区北砂３－１７－１９,03-6666-0173,2014-09-01,訪問看護ステーション,平日・土曜日,10,http://www.earth-saboten.co.jp/,35.681688800000316,139.829944330688480
訪問看護,江東区,13108,ボンズシップ訪問看護リハビリステーション,株式会社ボンズシップ,営利法人,1360890113,東京都江東区東陽３－１０－５丸半ビル別館３階,03-5633-7290,2015-04-01,訪問看護ステーション,平日・土曜日・日曜日・祝日,,http://bondsship.com/,35.669741603174520,139.810620694128940
訪問看護,江東区,13108,ＢＰリハビリ訪問看護ステーション,Ｂｏｄｙ　Ｐｉｏｎｅｅｒ株式会社,営利法人,1360890121,東京都江東区深川１－３－１１パークフロントビル８階,03-6458-5397,2015-05-01,訪問看護ステーション,平日・祝日,,https://www.bodypioneer.net/company,35.675483721420260,139.795635909036970
訪問看護,江東区,13108,訪問看護ステーション　デューン江東,株式会社Ｎ・フィールド,営利法人,1360890147,東京都江東区東陽４－８－５宿本ビル２階,03-6666-6171,2015-10-01,訪問看護ステーション,平日・土曜日・祝日,,https://www.nfield.co.jp/,35.671548500000000,139.817244299999970
訪問看護,江東区,13108,あわーず東京江東訪問看護リハビリステーション,株式会社あわーず,営利法人,1360890188,東京都江東区大島１－３３－１２西大島和田ビル４Ｆ,03-6869-0337,2016-09-01,訪問看護ステーション,平日,180,https://ours-sr.co.jp/,35.689103571976460,139.826216173927350
訪問看護,江東区,13108,日本財団在宅看護センター　アィルビー訪問看護ステーション,株式会社在宅看護センター城東,営利法人,1360890196,東京都江東区東陽５－２９－４７サンフィールド１階,03-5875-8626,2016-10-01,訪問看護ステーション,平日,10,http://hp.kaipoke.biz/e4f/,35.672359577895904,139.812485829752570
訪問看護,江東区,13108,あすなろ訪問看護ステーション西大島,株式会社エムイーネット,営利法人,1360890204,東京都江東区大島４－５－１１藤和西大島コープ１階,03-5875-4166,2016-11-01,訪問看護ステーション,平日,50,https://asunaro-st.com,35.689129500000030,139.827769799999940
訪問看護,江東区,13108,訪問看護ステーション　すまいる,株式会社すまいる,営利法人,1360890212,東京都江東区南砂７－４－６－２０３,03-6666-5868,2016-12-01,訪問看護ステーション,平日,100,https://www.2525nurse.co.jp/,35.670720800000000,139.834216400000100
訪問看護,江東区,13108,マハロ豊洲訪問看護リハビリステーション,株式会社ＭＡＨＡＬＯ,営利法人,1360890261,東京都江東区豊洲４－６－３メゾン豊洲２０１,03-3520-9730,2017-07-01,訪問看護ステーション,平日,200,http://mahalo-toyosu.com/,35.655502500000010,139.798334699999940
訪問看護,江東区,13108,セコム深川訪問看護ステーション,セコム医療システム株式会社,営利法人,1360890279,東京都江東区東陽１－２５－４ブリリアンス丹羽４０１号室,03-6666-5801,2017-07-01,訪問看護ステーション,平日,150,http://medical.secom.co.jp/,35.667576400000000,139.811130000000050
訪問看護,江東区,13108,訪問看護ステーションリンク,株式会社Ｓｐｉｎｎｅｒ,営利法人,1360890295,東京都江東区猿江１－１２－１住吉パークホームズ１階,03-6659-9303,2017-08-01,訪問看護ステーション,平日,,https://www.spinner.co.jp,35.686165877368980,139.812141353849280
訪問看護,江東区,13108,訪問看護ステーション　デューン大島,株式会社Ｎ・フィールド,営利法人,1360890303,東京都江東区大島１－３０－４Ｌ－ＴＯＷＥＲ ５階,03-5875-0925,2018-11-01,訪問看護ステーション,,,,,
訪問看護,江東区,13108,ざいたくサポート木場,株式会社エラーブル,営利法人,1360890311,東京都江東区木場２－７－２２小鳥居ビル　２階,03-6458-5900,2018-11-01,訪問看護ステーション,平日,,https://zaitaku-support.com/,35.669889300000040,139.804030300000000
訪問看護,江東区,13108,ホウカンＴＯＫＹＯ江東,株式会社アフルケア,営利法人,1360890329,東京都江東区高橋１４－１３清澄ＳＯＨＯ　２Ｂ,03-6666-9117,2019-02-01,訪問看護ステーション,平日・土曜日,,https://hokan.tokyo/afc/,35.686127200000016,139.800338700000000
訪問看護,江東区,13108,訪問看護ステーションＯＨＡＮＡ,合同会社ＯＨＡＮＡ,営利法人,1360890337,東京都江東区亀戸２－４４－１２亀戸ビル２階,03-5858-8747,2019-02-01,訪問看護ステーション,平日,10,https://ohanast087.jp/,35.701245900000010,139.824497400000000
訪問看護,江東区,13108,訪問看護ステーション　コルディアーレ東陽町,株式会社ＪＳＨ,営利法人,1360890352,東京都江東区東陽１－３４－１３ディックビル３階,03-5857-5260,2019-11-01,訪問看護ステーション,,,,,
訪問看護,江東区,13108,ＰＡＬ訪問看護ステーション,株式会社ＰＡＬ　ＧＬＡＤ,営利法人,1360890360,東京都江東区東陽４－６－１４トーカンマンション東陽町２０２号室,072-260-9483,2019-12-01,訪問看護ステーション,平日,,,35.670562500000000,139.819437800000060
訪問看護,江東区,13108,ガイア訪問看護ステーション　江東,株式会社ガイアメディケア,営利法人,1360890378,東京都江東区亀戸６－３３－３諸橋ビル２階,03-6666-8156,2020-02-01,訪問看護ステーション,平日,,https://www.gaia-medicare.jp/,35.694959799999990,139.828072600000000
訪問看護,江東区,13108,訪問看護ステーションＰＩＴ,合同会社サーカス,営利法人,1360890394,東京都江東区木場３－８－１１リフィオ木場公園１０２号室,03-5875-9104,2021-03-01,訪問看護ステーション,平日,,https://medical-pit.com/,35.673929000000040,139.805381900000010
訪問看護,江東区,13108,訪問看護ステーション　はな　亀戸,株式会社はな,営利法人,1360890410,東京都江東区亀戸１－３９－５サンウエストビルⅡ　１Ｆ,03-4400-9916,2021-10-01,訪問看護ステーション,平日・土曜日,135,https://www.hana-kango.com/index.html,35.696370231123960,139.825067706745930
訪問看護,江東区,13108,訪問看護ステーション　デライト江東,株式会社Ｈ＆Ｈホールディングス,営利法人,1360890436,東京都江東区東陽３－２８－９山屋東陽ハイツ　４０６号室,03-6666-7282,2022-02-01,訪問看護ステーション,,,,,
訪問看護,江東区,13108,タスサポ訪問看護ステーション木場,株式会社リシェス,営利法人,1360890451,東京都江東区木場６－７－１９宇田川ビル４Ｆ,03-4330-3320,2022-10-01,訪問看護ステーション,,,,,
訪問看護,江東区,13108,ラヴィ訪問看護ステーション　門前仲町,株式会社ラヴィサポート,営利法人,1360890469,東京都江東区富岡１－２５－５メディカルビル門前仲町９階,03-6902-2886,2022-11-01,訪問看護ステーション,平日,,https://www.lavie-support.jp/,35.670211800000000,139.799231200000000
訪問看護,江東区,13108,訪問看護ステーション　らぴーす,株式会社ミコム,営利法人,1360890477,東京都江東区越中島１－２－１３ＴＫ門前仲町ビル１階,03-5621-9932,2022-12-01,訪問看護ステーション,,,,,
訪問看護,江東区,13108,訪問看護ステーション星松,株式会社星松,営利法人,1360890485,東京都江東区亀戸２－３－１３－８０２,03-5875-2705,2023-01-01,訪問看護ステーション,,,,,
訪問看護,江東区,13108,訪問看護ステーションチャーム,合同会社シッタとマッチ,営利法人,1360890501,東京都江東区住吉２－６－５インテグレート村上２０１,03-5669-0517,2023-04-01,訪問看護ステーション,平日・土曜日,,,35.688642700000000,139.814796300000000
訪問看護,江東区,13108,そらまめ訪問看護ステーション,スリーウィン株式会社,営利法人,1360890519,東京都江東区大島１－２９－１６,03-6659-5146,2023-07-01,訪問看護ステーション,平日・土曜日,250,https://soramame-station.jp/,35.692054599999985,139.813167700000000
訪問看護,江東区,13108,訪問看護ステーション　慈穏,合同会社Ｐｌａｎｔ,営利法人,1360890527,東京都江東区北砂６－１９－１９,03-6666-6530,2023-08-01,訪問看護ステーション,平日・土曜日・日曜日・祝日,,https://houkanjion.com,35.685167000000020,139.838831299999980
訪問看護,江東区,13108,葵訪問看護ステーション,株式会社葵メディカルホールディングス,営利法人,1360890543,東京都江東区南砂２－３－１－１２７,03-6666-4717,2023-10-01,訪問看護ステーション,平日・土曜日・日曜日・祝日,,https://www.aoi-homonkango-nurse.com/,35.670288300000000,139.822000800000000
訪問看護,江東区,13108,ひなた訪問看護リハビリステーション,合同会社マイナース東京,営利法人,1360890550,東京都江東区森下２－１９－８谷ビル２０２,03-6666-9778,2024-01-01,訪問看護ステーション,平日・土曜日・日曜日・祝日,,http://mynursetokyo.co.jp,35.688268734483040,139.799131522195840
訪問看護,江東区,13108,ツクイ江東訪問看護ステーション,株式会社ツクイ,営利法人,1360890568,東京都江東区木場５－１１－１３ザイマックス木場公園ビル６階,03-5639-5055,2024-02-01,訪問看護ステーション,平日・土曜日・日曜日・祝日,,https://www.tsukui.net/,35.669886000000000,139.808391900000000
訪問看護,江東区,13108,訪問看護ステーション　トータルケア亀戸,株式会社ナビック,営利法人,1360890576,東京都江東区亀戸２－３－１７　４階,03-5875-2011,2024-03-01,訪問看護ステーション,平日・土曜日・日曜日・祝日,,,35.698428200000010,139.821296800000030
訪問看護,江東区,13108,あかり訪問看護ステーション,株式会社Ｋ２－Ｃｏｒｐｏｒａｔｉｏｎ,営利法人,1360890592,東京都江東区東陽６－３－２５－１０１号,03-6666-6856,2024-08-01,訪問看護ステーション,平日・土曜日・日曜日・祝日,,http://k2-corporation.jp/akari-kango/,35.674179716956030,139.815426828836080
訪問看護,江東区,13108,医心館　訪問看護ステーション　亀戸,株式会社アンビス,営利法人,1360890600,東京都江東区亀戸５－６ー２０,03-5627-1330,2024-10-01,訪問看護ステーション,平日・土曜日・日曜日・祝日,,,35.698247599999990,139.827884600000000
訪問看護,江東区,13108,オリーブ訪問看護リハビリステーション江東,株式会社Ｏｌｅａ,営利法人,1360890618,東京都江東区清澄２－１１－７　４階,03-6458-5103,2024-12-01,訪問看護ステーション,平日,3,https://www.carenurse-olea.jp,35.682658000000000,139.796342400000000
訪問看護,江東区,13108,ベストリハ訪問看護ステーションⅡ,ベストリハ株式会社,営利法人,1360890626,東京都江東区東陽１－２５－４ブリリアンス丹羽３０２号,03-6666-7592,2025-05-01,訪問看護ステーション,平日・土曜日・日曜日・祝日,,https://bestreha.com/health-care/vc/,35.667608800000000,139.811197000000000
訪問看護,江東区,13108,ケアワン訪問看護,英源グローバルサービス株式会社,営利法人,1360890634,東京都江東区大島４－３－６－２Ｆ,03-6821-2168,2025-10-01,訪問看護ステーション,,,,,
訪問看護,江東区,13108,はるナースステーション,医療法人社団白友会,医療法人,1360890642,東京都江東区門前仲町２－２－１６ひまわり１０１,03-6458-8213,2025-11-01,訪問看護ステーション,平日・土曜日・日曜日・祝日,,https://www.haru-nurse-station.com/,35.671686600000000,139.794791200000000
訪問看護,江東区,13108,訪問看護リハビリステーションかなめ,株式会社境を越えて,営利法人,1360890659,東京都江東区東陽３－２８－９山屋東陽ハイツ１０階１００１号室,03-6821-7262,2026-04-01,訪問看護ステーション,,,,,
訪問看護,江東区,13108,株式会社ケアサービス　訪問看護亀戸,株式会社ケアサービス,営利法人,1362390625,東京都江東区亀戸１－４２－１８　６Ｆ,03-5858-6260,2020-02-01,訪問看護ステーション,平日,110,https://www.care.co.jp/office/vn_kameido,35.696717717512236,139.822929459606570
訪問看護,江東区,13108,公益社団法人江東区医師会訪問看護ステーション,公益社団法人江東区医師会,社団・財団,1367192008,東京都江東区東陽５－３１－１８,03-3646-5500,2000-04-01,訪問看護ステーション,平日,160,,35.672997900000000,139.815815499999980
訪問看護,江東区,13108,医療法人財団　寿康会　砂町訪問看護ステーション,医療法人財団寿康会,医療法人,1367193634,東京都江東区南砂７－１３－５アイコーポレーションビル２０１,03-6666-8431,2000-04-01,訪問看護ステーション,平日,100,https://jukoukai.or.jp/sunamachi/,35.677744934859650,139.828162010565730
訪問看護,江東区,13108,社会医療法人社団　順江会　江東病院　訪問看護ステーション　たんぽぽ,社会医療法人社団順江会,医療法人,1367195043,東京都江東区大島５－１０－１０セントラルプラザ４０１,03-5627-5820,2003-04-01,訪問看護ステーション,平日,,https://koto-hospital.or.jp/about/related_facilities/tanpopo/,35.689360200000000,139.834110900000040
訪問看護,江東区,13108,セコム江東訪問看護ステーション,セコム医療システム株式会社,営利法人,1367195399,東京都江東区亀戸６－５５－１９ルミエールビル５階,03-5627-5741,2000-06-01,訪問看護ステーション,平日,20,http://medical.secom.co.jp/,35.697189800000000,139.831694400000060
訪問看護,江東区,13108,あそか訪問看護ステーション,社会福祉法人あそか会,社会福祉法人（社協以外）,1367197080,東京都江東区住吉１－１８－１,03-5669-8641,2003-11-01,訪問看護ステーション,平日・祝日,,http://www.asokakai.or.jp/,35.689840932512524,139.811828680812140
訪問看護,品川区,13109,クレール訪問看護ステーション,株式会社ｐａｒｆａｉｔ,営利法人,1360490583,東京都品川区旗の台２－８－６ピアース旗の台６０５,03-6824-4330,2023-04-01,訪問看護ステーション,平日,,,35.697701200000000,139.701388400000000
訪問看護,品川区,13109,元気訪問看護ステーション,有限会社アローズ,営利法人,1360990012,東京都品川区北品川２－９－２１,03-5715-5386,2007-06-01,訪問看護ステーション,平日,5,https://tokyo-arrows.com/,35.618292100000000,139.743207100000060
訪問看護,品川区,13109,ソフィアメディ訪問看護ステーション豊町,ソフィアメディ株式会社,営利法人,1360990087,東京都品川区西品川２－１－２２サザンヒル３階,03-6865-1030,2011-09-01,訪問看護ステーション,平日,,https://www.sophiamedi.co.jp/station/yutakacho/,35.613338407017280,139.722493947850380
訪問看護,品川区,13109,ナースステーション　もも,株式会社ファイン,営利法人,1360990095,東京都品川区大崎４－２－４６,03-3495-2300,2012-03-01,訪問看護ステーション,平日,,https://fine-momo.amebaownd.com/,35.621278899999990,139.722138500000030
訪問看護,品川区,13109,ケアメイト品川訪問看護ステーション,株式会社ケアメイト,営利法人,1360990111,東京都品川区西大井２－４－１４,03-6303-7834,2013-07-01,訪問看護ステーション,平日・土曜日・日曜日・祝日,15,http://www.caremate.jp,35.599638099999990,139.722678699999960
訪問看護,品川区,13109,訪問看護ステーション　リリフル,株式会社リリフル,営利法人,1360990129,東京都品川区北品川５－１２－１－５０３号,03-5475-7733,2014-04-01,訪問看護ステーション,,50,http://www.reliefull.com/,35.623241199999980,139.733877000000000
訪問看護,品川区,13109,ほっとホームケア訪問看護ステーション,鳳優商事株式会社,営利法人,1360990186,東京都品川区戸越５－１４－２４ＩＴＯビル４階,03-6421-5951,2014-08-01,訪問看護ステーション,平日,,http://www.hotto-homecare.com/,35.610708800000010,139.715234499999950
訪問看護,品川区,13109,訪問看護ステーションｃａｒｎａ五反田,医療法人社団東光会,医療法人,1360990194,東京都品川区西五反田３－１０－９ｃａｒｎａ五反田６階,03-5496-8774,2015-02-01,訪問看護ステーション,平日・土曜日・祝日,5,http://www.tmg-houmonkango.jp/gotanda/,35.626670134773140,139.715855222090140
訪問看護,品川区,13109,レディーバグ訪問看護ステーション武蔵小山,株式会社レインボー・ナース,営利法人,1360990202,東京都品川区荏原４－１４－７－１Ｆ,03-6426-9671,2015-03-01,訪問看護ステーション,平日・土曜日・日曜日・祝日,80,https://www.heartpage.jp/shinagawa/facility/20010052?header=off,35.614552499999990,139.706382399999940
訪問看護,品川区,13109,喜楽訪問看護ステーション,株式会社ＭＫＨ企画,営利法人,1360990244,東京都品川区南大井６－１６－１２大森コーポビアネーズ４０７号,03-6459-6705,2016-01-01,訪問看護ステーション,平日,,,35.590722700000000,139.730123199999980
訪問看護,品川区,13109,訪問看護ステーション　デューン品川,株式会社Ｎ・フィールド,営利法人,1360990269,東京都品川区西五反田８－９－５ＦＯＲＥＣＡＳＴ五反田ＷＥＳＴ９階,03-6420-0520,2016-01-01,訪問看護ステーション,平日・土曜日・祝日,,http://www.nfield.co.jp,35.621626200000016,139.722185099999930
訪問看護,品川区,13109,株式会社仁済　訪問看護ステーション品川,株式会社仁済,営利法人,1360990293,東京都品川区二葉１－１２－８マメゾン１Ｆ,03-6410-7611,2017-03-01,訪問看護ステーション,平日,,http://www.jinsai1939.jp,53.412910000000000,-8.243889999999964
訪問看護,品川区,13109,にしおおい訪問看護ステーション,社会福祉法人春光福祉会,社会福祉法人（社協以外）,1360990319,東京都品川区西大井２－４－４,03-6303-7040,2018-01-01,訪問看護ステーション,平日・土曜日・日曜日・祝日,100,https://shunkoufukushikai.or.jp,35.599929700000000,139.722531500000060
訪問看護,品川区,13109,訪問看護ステーションソピア御殿山,公益財団法人河野臨牀医学研究所,社団・財団,1360990327,東京都品川区北品川５－２－１,03-5793-3416,2018-07-01,訪問看護ステーション,平日・土曜日,,http://kcmi.or.jp/sopiagotenyama/houmonkango/,35.623235600000000,139.731624400000000
訪問看護,品川区,13109,ソフィアメディ訪問看護ステーション青物横丁,ソフィアメディ株式会社,営利法人,1360990343,東京都品川区南品川２－１７－３４　２階,03-5796-3219,2019-01-01,訪問看護ステーション,平日・土曜日・日曜日・祝日,,,35.612395600000010,139.744365600000040
訪問看護,品川区,13109,訪問看護ステーションこころ,株式会社こころ,営利法人,1360990368,東京都品川区旗の台６－２４－１２旗の台サマリヤマンション１０１,03-6712-2839,2019-07-01,訪問看護ステーション,平日・祝日,80,https://cocorostation.jp,35.605730200000000,139.699848999999970
訪問看護,品川区,13109,ビジナ,プラチナ看護株式会社,営利法人,1360990392,東京都品川区東五反田１－５－１ユニーブル島津山６０６号室,03-6409-6356,2019-11-01,訪問看護ステーション,平日・土曜日・日曜日・祝日,,https://visina.jp/,35.626929643114310,139.726588516007950
訪問看護,品川区,13109,訪問看護ステーション　タック,株式会社ＯＮＥ　ＴＥＡＭ,営利法人,1360990400,東京都品川区北品川３－１１－１９ラ・メール４０１,03-6810-3711,2020-04-01,訪問看護ステーション,平日・土曜日・日曜日・祝日,55,https://tack-kango.com,35.616724872071096,139.740461797553200
訪問看護,品川区,13109,フローカ訪問看護ステーション,フローカ株式会社,営利法人,1360990418,東京都品川区南大井６－１３－８,03-6665-0891,2020-08-01,訪問看護ステーション,平日,80,https://kango.floca.co.jp/,35.591502000000000,139.731298400000000
訪問看護,品川区,13109,訪問看護ステーション　デライト品川,株式会社Ｈ＆Ｈホールディングス,営利法人,1360990426,東京都品川区旗の台２－８－６Ｆｅｌｉｃｅ　Ｈａｔａｇａｏｋａ　１階,03-6421-6283,2020-12-01,訪問看護ステーション,,,,,
訪問看護,品川区,13109,和ごころ訪問看護ステーション,株式会社ＩＭＵＺＡ,営利法人,1360990442,東京都品川区大井４－２４－２０ガーデニアヴィラ１階,03-5718-0288,2021-04-01,訪問看護ステーション,平日・土曜日・日曜日・祝日,10,https://wagokoro2021.com,35.600494708855024,139.730811050695080
訪問看護,品川区,13109,ＡＳＨＣＡＲＥ　訪問看護ステーション,株式会社ＡＳＨＣＡＲＥ,営利法人,1360990467,東京都品川区西五反田５－１１－８不動前マンション４０５,03-6417-9262,2021-06-01,訪問看護ステーション,平日,15,https://ash-care.jp,35.624980900000000,139.713619000000000
訪問看護,品川区,13109,訪問看護ステーションここのわ,株式会社ミーナ,営利法人,1360990475,東京都品川区南品川３－４－１４永光マンション２０1号室,03-5715-7511,2021-11-01,訪問看護ステーション,,,,,
訪問看護,品川区,13109,かかりつけ訪問看護ステーション,株式会社在宅看護センター品川,営利法人,1360990483,東京都品川区中延３－１１－２モアナハウス１０２,03-6426-6276,2022-03-01,訪問看護ステーション,平日・土曜日・日曜日・祝日,,https://kakari-kango-center.com/,35.607146100000000,139.709825800000000
訪問看護,品川区,13109,ぬくまる看護,株式会社コウゼン,営利法人,1360990491,東京都品川区小山台１－２２－８昭和ビル２階,03-6451-2278,2022-07-01,訪問看護ステーション,平日,,,35.621705304724790,139.705368469227780
訪問看護,品川区,13109,訪問看護ステーション　アライブ,株式会社ＡＬＩＶＥ,営利法人,1360990509,東京都品川区中延５－１１－２５ハウスＨＭ　Ａ号室,03-6426-8154,2022-08-01,訪問看護ステーション,平日,,,35.601221800000000,139.707751300000000
訪問看護,品川区,13109,あいらく訪問看護ステーション　大崎,株式会社ＶｉｖｉＬｕｋｅ,営利法人,1360990525,東京都品川区大崎５－４－１２日床ビル２Ｆ,03-6431-9578,2023-04-01,訪問看護ステーション,平日・土曜日・日曜日・祝日,,,35.622546999999990,139.725307699999970
訪問看護,品川区,13109,ｃｕｒｕｎ訪問看護ステーション,合同会社ｃｕｒｕｎ訪問看護ステーション,営利法人,1360990541,東京都品川区中延５－９－２８小笠原ハウス２０２,03-6826-9942,2023-06-01,訪問看護ステーション,平日・土曜日・日曜日,30,https://curun.co.jp/,35.604102499999996,139.701607800000030
訪問看護,品川区,13109,医心館　訪問看護ステーション　大井町,株式会社アンビス,営利法人,1360990558,東京都品川区東大井４－１２－１４,03-6712-3530,2023-11-01,訪問看護ステーション,平日・土曜日・日曜日・祝日,,,35.605997140941184,139.738989245368970
訪問看護,品川区,13109,訪問看護ステーションウェイオブライフ,合同会社ウェイオブライフ,営利法人,1360990566,東京都品川区北品川１－２４－１９ハイツ青木１０３,03-6260-0660,2024-02-01,訪問看護ステーション,平日,,,35.620926600000000,139.740594000000000
訪問看護,品川区,13109,ともに訪問看護ステーション,Ｃｏｎｔｉｎｕｅｓ株式会社,営利法人,1360990574,東京都品川区西大井６－９－３ヴィラロトンダ１階,03-6686-4611,2024-03-01,訪問看護ステーション,平日・土曜日・祝日,,https://tomonihoukan.com/,35.600915007181010,139.720687785289000
訪問看護,品川区,13109,ケアウィル訪問看護ステーション,ウェルグリーン株式会社,営利法人,1360990590,東京都品川区南大井２－９－２　２Ｆ,03-3298-3685,2024-04-01,訪問看護ステーション,平日,,https://carewil.com/,35.590383200000005,139.737171200000030
訪問看護,品川区,13109,訪問看護ステーション　はな　小山,株式会社ＳＡＴ,営利法人,1360990608,東京都品川区小山６－２８－１５,03-6826-2207,2024-07-01,訪問看護ステーション,平日・土曜日,,https://hana-kango.com/about_us/index.html,35.613007000000030,139.695794000000000
訪問看護,品川区,13109,Ｋｉｄｓ　Ｉｎｎｏｖａｔｉｏｎ　訪問看護,株式会社ＫｉｄｓＩｎｎｏｖａｔｉｏｎ,営利法人,1360990624,東京都品川区大崎２－７－５Ｍｙ　Ｓｔｙｌｅ　Ｏｓａｋｉ　１０２,03-6435-3423,2025-02-01,訪問看護ステーション,平日,,https://machan-childcare.com,35.617090723416060,139.726041345369000
訪問看護,品川区,13109,愛恩訪問看護ステーション品川,愛恩株式会社,営利法人,1360990632,東京都品川区東品川２－２－２５サンウッド品川天王洲タワー１３０６,03-6433-2552,2025-04-01,訪問看護ステーション,平日・土曜日・日曜日・祝日,10,,35.621735300000000,139.749280900000000
訪問看護,品川区,13109,ザオーケア訪問看護ステーション大崎,アリア株式会社,営利法人,1360990640,東京都品川区大崎４－４－２４ａｏｚｏｒａ．ｓｏ　３Ａ,03-5747-9686,2025-05-01,訪問看護ステーション,,,,,
訪問看護,品川区,13109,訪問看護ステーション・湯～亀,有限会社新井湯,営利法人,1360990657,東京都品川区旗の台４－５－１７,03-5788-9655,2025-08-01,訪問看護ステーション,平日・祝日,,http://www.yu-ki.fun/company,35.602542199999990,139.705676800000000
訪問看護,品川区,13109,コアエイド訪問看護ステーション目黒,株式会社コアエイド,営利法人,1360990665,東京都品川区西五反田２－２３－１ＡＲＺ五反田８階,05017925982,2025-11-01,訪問看護ステーション,平日・土曜日・日曜日・祝日,,https://core-aid.co.jp/,35.634542800000000,139.716632500000000
訪問看護,品川区,13109,訪問看護ひまわりガーデンプレイス,株式会社グリーンラボ,営利法人,1360990673,東京都品川区小山台１－１０－３,03-6899-4814,2025-12-01,訪問看護ステーション,平日・土曜日・日曜日・祝日,,https://himawari-gp.com/,35.624150600000010,139.707713899999960
訪問看護,品川区,13109,訪問看護　ＭＯＲＥ　ＣＡＲＥ　品川,株式会社ＭＯＲＥＣＡＲＥ,営利法人,1360990681,東京都品川区小山台１－１８－１１コートＭＩＫＩ２０１,07031363681,2026-02-01,訪問看護ステーション,平日,,https://morecare-jp.com/company/,35.622891300000000,139.704182200000000
訪問看護,品川区,13109,指定訪問看護アットリハ大森,株式会社ＡＴ,営利法人,1360990699,東京都品川区南大井６－４－１,03-6271-6184,2026-08-01,訪問看護ステーション,,,,,
訪問看護,品川区,13109,ｚｅｎ　ｐｌａｃｅ訪問看護ステーション戸越,株式会社ＺＥＮＰＬＡＣＥ,営利法人,1361090317,東京都品川区平塚３－１１－５サンライズビル２Ｆ,03-6421-6531,2018-10-01,訪問看護ステーション,平日・土曜日・日曜日・祝日,30,https://nurse.zenplace.co.jp/index.html,35.613050900000005,139.712918000000030
訪問看護,品川区,13109,まいど訪問看護ステーション,株式会社Ｔｒｙｎｕｒｓｉｎｇ,営利法人,1362290551,東京都品川区戸越４－３－１８ＶＩＣ　ＡＣＲＯＳＳ　ＴＯＧＯＳＨＩ１０１,03-6823-8408,2022-01-01,訪問看護ステーション,平日,,,35.791190900000000,139.859421100000000
訪問看護,品川区,13109,医師会立品川区訪問看護ステーション,一般社団法人品川区医師会,社団・財団,1367191075,東京都品川区北品川３－７－２５,03-3472-5518,2000-04-01,訪問看護ステーション,平日,5,http://shinagawakuishikai.or.jp/06_kango-st.html,35.617094900000000,139.740635099999960
訪問看護,品川区,13109,医師会立荏原訪問看護ステーション,一般社団法人荏原医師会,社団・財団,1367192032,東京都品川区中延２－６－５,03-3783-2360,2000-04-01,訪問看護ステーション,平日,10,http://www.ebr-med.or.jp,35.611541900000000,139.712262499999950
訪問看護,品川区,13109,南大井訪問看護ステーション,社会福祉法人さくら会,社会福祉法人（社協以外）,1367194657,東京都品川区東大井４－９－１,03-5495-7084,2000-04-01,訪問看護ステーション,平日,,https://www.shinagawa-sakurakai.or.jp,35.605343500000000,139.740266199999950
訪問看護,品川区,13109,ソフィアメディ訪問看護ステーション小山,ソフィアメディ株式会社,営利法人,1367196926,東京都品川区小山７－１０－１ロワール洗足１０２,03-5749-1657,2003-05-01,訪問看護ステーション,平日・土曜日・日曜日・祝日,330,http://www.sophiamedi.co.jp/,35.610094400000000,139.696094499999960
訪問看護,品川区,13109,株式会社ライフケアーサービスセンター訪問看護ステーション,株式会社ライフケアーサービスセンター,営利法人,1367197619,東京都品川区北品川３－３－３東和ビル３階,03-3471-3908,2005-02-01,訪問看護ステーション,平日・土曜日,,http://www.lcss.co.jp,35.621760900000000,139.738754500000030
訪問看護,目黒区,13110,りゅうじん訪問看護ステーション東京,大和ビルド株式会社,営利法人,1360990152,東京都目黒区三田２－１８－１８,03-6452-4821,2014-07-01,訪問看護ステーション,平日,,http://www.ryujin-ns.com/,35.638020869573246,139.710052151754920
訪問看護,目黒区,13110,医療法人社団　菫会　すみれ訪問看護ステーション,医療法人社団菫会,医療法人,1361090010,東京都目黒区中央町２－１１－１３すみれレジデンス１階,03-6412-8739,2009-09-01,訪問看護ステーション,平日・土曜日,10,http://www.meguro-hospital.com/houmon/index.html,35.631825000000000,139.691508200000040
訪問看護,目黒区,13110,ソフィアメディ訪問看護ステーション東が丘,ソフィアメディ株式会社,営利法人,1361090036,東京都目黒区東が丘２－１１－１０,03-5779-6311,2011-03-01,訪問看護ステーション,平日・土曜日・日曜日・祝日,,http://www.sophiamedi.co.jp,35.631013100000000,139.662391399999930
訪問看護,目黒区,13110,ソフィアメディ訪問看護ステーション駒場,ソフィアメディ株式会社,営利法人,1361090051,東京都目黒区駒場４－７－４井上ビル２階,03-6858-0024,2012-04-01,訪問看護ステーション,平日・土曜日・日曜日・祝日,,http://www.sophiamedi.co.jp/,35.663937300000000,139.676339099999950
訪問看護,目黒区,13110,ハートフル訪問看護ステーション中目黒,桂乃貴メンタルヘルスケア株式会社,営利法人,1361090077,東京都目黒区上目黒２－１５－６川鍋ビル５階,03-6412-8830,2013-10-01,訪問看護ステーション,平日,20,http://www.heartful-st.com,35.641271200000006,139.696649100000060
訪問看護,目黒区,13110,トータルライフケア池尻大橋訪問看護ステーション,株式会社トータルライフケア,営利法人,1361090085,東京都目黒区東山３－２０－２０サニイヒルズ東山１０１,03-6452-3621,2014-05-01,訪問看護ステーション,平日・土曜日・祝日,331,https://www.ikiikitlc.co.jp/,35.648422900000000,139.686696999999980
訪問看護,目黒区,13110,訪問看護ステーションＳＴＯＲＹ学芸大学,株式会社ＳＴＯＲＹ,営利法人,1361090093,東京都目黒区中町２－３１－１０,03-6452-3539,2014-07-01,訪問看護ステーション,平日,,http://kango-story.com/,35.632631079052175,139.692058555572540
訪問看護,目黒区,13110,ソフィアメディ訪問看護ステーション緑が丘,ソフィアメディ株式会社,営利法人,1361090119,東京都目黒区緑が丘３－１－７セトル緑が丘Ｂ１階,03-5731-8203,2014-11-01,訪問看護ステーション,平日・土曜日・日曜日・祝日,150,http://www.sophiamedi.co.jp/,35.606111000000000,139.679576699999980
訪問看護,目黒区,13110,ナイスケア訪問看護ステーション,株式会社ナイスケア,営利法人,1361090135,東京都目黒区大岡山１－５－２,03-3717-3681,2015-08-01,訪問看護ステーション,平日,8,http://www.nice-care.co.jp,35.610685600000000,139.684420600000070
訪問看護,目黒区,13110,街のイスキア訪問ナースステーション,一般社団法人街のイスキア,社団・財団,1361090168,東京都目黒区五本木３－２２－１５,03-6303-4894,2016-04-01,訪問看護ステーション,平日・土曜日・祝日,10,http://isukiatokyo.com/,35.637963300000000,139.697421399999940
訪問看護,目黒区,13110,訪問看護かえりえ大橋,株式会社やさしい手,営利法人,1361090184,東京都目黒区大橋２－１６－３８,05017426592,2016-07-01,訪問看護ステーション,平日・祝日,,https://www.yasashiite.com/subdomains/section/385/,35.653391000000000,139.686735400000000
訪問看護,目黒区,13110,ハウオリ訪問看護ステーション,株式会社ハウオリホーエア,営利法人,1361090242,東京都目黒区中央町２－３０－１１学芸大ＫＹハイツ３０２号室,03-6712-2444,2017-04-01,訪問看護ステーション,平日,,https://hauoli-hoea.co.jp,35.631848701080074,139.688493336561600
訪問看護,目黒区,13110,すまいるナーシング,株式会社すまいるナーシング,営利法人,1361090283,東京都目黒区八雲２－８－２ウェルス都立大１０２,03-5731-9210,2018-01-01,訪問看護ステーション,平日・土曜日,120,https://smilage.jp/,35.616484989976260,139.672142055819730
訪問看護,目黒区,13110,目黒中央訪問看護ステーション,合同会社Ｙ・Ｊ・Ｆ,営利法人,1361090291,東京都目黒区中町２－４２－２０ハイム廣田３０１,03-6712-2452,2018-09-01,訪問看護ステーション,平日,10,https://yjf-meguro.com/,35.633563700000000,139.692360799999960
訪問看護,目黒区,13110,やよい訪問看護リハビリステーション目黒,株式会社東京光線メディカル,営利法人,1361090309,東京都目黒区目黒４－６－１８,03-3710-7411,2018-09-01,訪問看護ステーション,平日・祝日,10,https://www.yayoi-n.jp/,35.632044799999996,139.703657099999960
訪問看護,目黒区,13110,スターク訪問看護ステーション目黒,ＳｔａｒＱケア株式会社,営利法人,1361090325,東京都目黒区上目黒３－１－４中目黒グリーンプラザビル５Ｆ,03-6863-2370,2019-10-01,訪問看護ステーション,平日,170,https://star-q.jp/,35.644719499999994,139.697769200000040
訪問看護,目黒区,13110,株式会社Ｇｒａｃｅ　在宅看護センターｎａｇｏｍｉ和セラピー,株式会社Ｇｒａｃｅ,営利法人,1361090333,東京都目黒区中目黒１－３－３ＵＲＢＡＮ　ＲＥＳＯＲＴ代官山８Ｄ,03-6412-7041,2020-01-01,訪問看護ステーション,平日・土曜日・日曜日・祝日,,http://grace-nagomi.co.jp,35.645818500000000,139.701811100000000
訪問看護,目黒区,13110,訪問看護ステーション　ハートネット,株式会社元気な介護,営利法人,1361090341,東京都目黒区大橋２－８－１８グランドヒルズ１０２号,03-5465-2501,2020-02-01,訪問看護ステーション,平日・祝日,,https://genkinakaigo.co.jp/,35.655097271500030,139.688702422394200
訪問看護,目黒区,13110,フラッグ,株式会社フラッグシップ,営利法人,1361090358,東京都目黒区八雲１－７－２１第二ベルハウス４０１,03-6421-4355,2020-02-01,訪問看護ステーション,平日・土曜日・祝日,,,35.618762576632870,139.673584558197040
訪問看護,目黒区,13110,ＧＩＶＥＲ訪問看護ステーション,一般社団法人ＧＩＶＥＲ,社団・財団,1361090374,東京都目黒区碑文谷４－２２－１ＴＳ碑文谷２０２,03-6451-0210,2020-05-01,訪問看護ステーション,平日,,https://giver.or.jp/,35.619584665518400,139.681808399282570
訪問看護,目黒区,13110,アーム訪問看護ステーション祐天寺,アームエイブル株式会社,営利法人,1361090382,東京都目黒区祐天寺２－１５－１７,03-6303-2417,2020-07-01,訪問看護ステーション,平日・土曜日・祝日,,https://arm-able.co.jp,35.636143700000000,139.690095099999980
訪問看護,目黒区,13110,株式会社ジパング桐蔭会　プライオリティケアナース,株式会社ジパング,営利法人,1361090390,東京都目黒区祐天寺２－２－７青埜ビル４階,03-6667-4308,2020-08-01,訪問看護ステーション,,,,,
訪問看護,目黒区,13110,マイナビ訪問看護ステーション　自由が丘,株式会社マイナビナースケア,営利法人,1361090424,東京都目黒区自由が丘２－１６－１９自由が丘メープル２階,03-6421-1091,2021-02-01,訪問看護ステーション,平日・土曜日・祝日,50,http://houmon-kango.mynavi.jp/,35.609043900000010,139.665816699999970
訪問看護,目黒区,13110,あいらく訪問看護ステーション,株式会社ＦｕｔｕｒｅＬｉｖｅ,営利法人,1361090432,東京都目黒区中央町２－２４－１２,03-5708-5194,2021-04-01,訪問看護ステーション,平日・土曜日・日曜日・祝日,,,35.630564999999990,139.691187500000040
訪問看護,目黒区,13110,訪問看護ステーションさくら,株式会社ライフケア,営利法人,1361090465,東京都目黒区鷹番３－２３－２０－１０２,03-6303-2325,2021-09-01,訪問看護ステーション,,,,,
訪問看護,目黒区,13110,ファミリアナース訪問看護ステーション,株式会社Ｌｉｃｏｐｅｒｋ,営利法人,1361090481,東京都目黒区青葉台３－１７－１１ＴＫ青葉台５０３,03-5422-3596,2023-01-01,訪問看護ステーション,,,,,
訪問看護,目黒区,13110,日扇会訪問看護ステーション,医療法人財団日扇会,医療法人,1361090499,東京都目黒区中根２－１１－５ＪＬＢグランエクリュ都立大学３０１号室,03-6421-1521,2023-07-01,訪問看護ステーション,平日・土曜日・祝日,,http://www2.nissenkai.or.jp,35.614992763288560,139.676992103110500
訪問看護,目黒区,13110,ぽむ訪問看護,ｐｏｍｍ株式会社,営利法人,1361090515,東京都目黒区青葉台１－１３－４ちとせマンション２０１,03-6712-7584,2024-06-01,訪問看護ステーション,平日・土曜日・日曜日・祝日,,https://p0mm.com/,35.648421900000000,139.695225700000000
訪問看護,目黒区,13110,グレース訪問看護ステーション城南,一般社団法人在宅医療協会,社団・財団,1361090523,東京都目黒区鷹番２－２０－１７ＴＳビル５０４,03-5734-1991,2024-06-01,訪問看護ステーション,平日,50,https://www.a-hmc.com/,35.629800500000010,139.686231900000000
訪問看護,目黒区,13110,訪問看護ステーション青葉台さくら苑,社会福祉法人三交会,社会福祉法人（社協以外）,1361090531,東京都目黒区青葉台３－２１－６青葉台さくら苑１Ｆ,03-3791-3503,2024-07-01,訪問看護ステーション,平日・土曜日・日曜日・祝日,,https://www.sakuraen.or.jp/,35.649496800000000,139.692054800000000
訪問看護,目黒区,13110,小児訪問看護ステーション　ルバート,株式会社Ｃａｎｔａｂｉｌｅ,営利法人,1361090556,東京都目黒区上目黒１－５－１０－５１２号室,08041390215,2025-03-01,訪問看護ステーション,平日,,,35.644677500000000,139.700590600000000
訪問看護,目黒区,13110,訪問看護ステーションｉＴＳＵＭＯ,株式会社ＲＡＬＩＢＬＥ,営利法人,1361090572,東京都目黒区目黒本町５ー２８ー１４シルバーヒルズ１０２,08076140790,2025-10-01,訪問看護ステーション,平日・土曜日・日曜日・祝日,,,35.620055100000000,139.697710700000000
訪問看護,目黒区,13110,医療法人社団ＬＯＣＯ　ロコ訪問看護ステーション,医療法人社団ＬＯＣＯ,医療法人,1361090580,東京都目黒区青葉台１－２３－５第３０宮庭マンション４０５,03-3463-6565,2025-11-01,訪問看護ステーション,平日・祝日,,https://loco-nurse.com/,35.646512400000000,139.697231800000000
訪問看護,目黒区,13110,ハレの木こども訪問看護ステーション,合同会社ハレの木,営利法人,1361090598,東京都目黒区平町１－２２－１５シャルマン都立大２０１,07089448493,2026-07-01,訪問看護ステーション,,,,,
訪問看護,目黒区,13110,訪問看護ステーション　デライト目黒,株式会社Ｈ＆Ｈホールディングス,営利法人,1361090606,東京都目黒区祐天寺１－１７－１４,03-5860-7185,2026-07-01,訪問看護ステーション,,,,,
訪問看護,目黒区,13110,訪問看護ステーション　ミューチュアルナーシング,一般社団法人ミューチュアルアンドアソシエイツ,社団・財団,1361190851,東京都目黒区大岡山１－３７－１３,03-6313-3503,2021-07-01,訪問看護ステーション,平日,50,https://www.mutual-aa.com/,35.611473800000000,139.680030800000000
訪問看護,目黒区,13110,自由が丘訪問看護ステーション,社会福祉法人平成会,社会福祉法人（社協以外）,1367191059,東京都目黒区自由が丘１－２３－２４－１０１,03-5701-2010,2000-04-01,訪問看護ステーション,平日,,http://jiyuugaoka.net,35.611377000000000,139.669486000000000
訪問看護,目黒区,13110,かみよん訪問看護ステーション,目黒医療生活協同組合,生協,1367193857,東京都目黒区上目黒４－４－２１,03-5725-0370,2000-04-01,訪問看護ステーション,平日・土曜日,,,35.641360000000000,139.692107800000030
訪問看護,目黒区,13110,ナースステーション東京　目黒支店,株式会社日本在宅ケア教育研究所,営利法人,1367197031,東京都目黒区上目黒２－３６－３,03-6417-0561,2003-08-01,訪問看護ステーション,平日・土曜日,10,http://www.zaitakucare.co.jp,35.640359716115010,139.696595420110640
訪問看護,目黒区,13110,ソフィアメディ訪問看護ステーション学大,ソフィアメディ株式会社,営利法人,1367197155,東京都目黒区碑文谷６－１－１８高雅ホームズ学芸大学２１１,03-5773-8358,2004-02-01,訪問看護ステーション,平日・土曜日・日曜日・祝日,,http://www.sophiamedi.co.jp/,35.626730184130520,139.684481295778570
訪問看護,目黒区,13110,三宿病院訪問看護ステーション,国家公務員共済組合連合会,その他法人,1367198567,東京都目黒区上目黒５－３３－１２,03-3711-5082,2006-06-01,訪問看護ステーション,平日・土曜日・日曜日・祝日,,http://www.mishuku.gr.jp/,35.642187400000000,139.685239000000020
訪問看護,大田区,13111,アイジュ訪問看護ステーション,株式会社愛寿,営利法人,1361090549,東京都大田区北千束１－６８－３,03-6412-8692,2024-12-01,訪問看護ステーション,平日,,https://aiju-life.com,35.612531100000000,139.684647700000000
訪問看護,大田区,13111,そら訪問看護ステーション,株式会社あだん,営利法人,1361190018,東京都大田区大森西６－６－９,03-5767-2800,2007-09-01,訪問看護ステーション,平日・土曜日,,http://adan.main.jp/,35.568006000000000,139.728896900000000
訪問看護,大田区,13111,ソフィアメディ訪問看護ステーション池上,ソフィアメディ株式会社,営利法人,1361190042,東京都大田区池上６－４４－１０アスコット池上　２０１号室,03-5747-5020,2008-04-01,訪問看護ステーション,平日・土曜日・日曜日・祝日,,http://www.sophiamedi.co.jp/,35.568002052535526,139.706641275629830
訪問看護,大田区,13111,蒲田クリニック訪問看護ステーション,医療法人社団永高会,医療法人,1361190059,東京都大田区蒲田５－４０－７大塚ビル４０１,03-3737-3871,2009-04-01,訪問看護ステーション,平日・土曜日・祝日,5,http://kamataclinic.com/,35.560735300000000,139.716530400000000
訪問看護,大田区,13111,トータルライフケア蒲田　訪問看護ステーション,株式会社トータルライフケア,営利法人,1361190091,東京都大田区多摩川１－２６－１０プランドール水野１Ｆ,03-6424-8408,2010-04-01,訪問看護ステーション,平日・土曜日・日曜日・祝日,451,https://www.ikiikitlc.co.jp,35.561854000000004,139.701444400000000
訪問看護,大田区,13111,蒲田訪問看護ステーション,あい・ケア・サポート株式会社,営利法人,1361190133,東京都大田区南蒲田２－７－４加賀谷ビル２階,03-6715-8750,2013-01-01,訪問看護ステーション,平日,25,http://hp.kaipoke.biz/n86/,35.556849300000024,139.725053300000000
訪問看護,大田区,13111,フクシア訪問看護ステーション,株式会社フクシア,営利法人,1361190141,東京都大田区山王４－１８－１　１Ｆ,03-6429-9741,2013-02-01,訪問看護ステーション,平日,,http://www.fukushia-st.com/,35.585319574527425,139.720096954878270
訪問看護,大田区,13111,ナスコ訪問看護リハビリステーション,合同会社ラウンドケア,営利法人,1361190208,東京都大田区中央４－３０－１０ＲＯＵＮＤ中央１階・２階,03-6429-2828,2014-04-01,訪問看護ステーション,平日,,https://nasco.jp,35.579733558881080,139.718289027242630
訪問看護,大田区,13111,訪問看護ステーション　結,株式会社トリニティ,営利法人,1361190273,東京都大田区北千束１－５４－６杉山ビル１階,03-6421-3225,2015-04-01,訪問看護ステーション,平日,200,http://trinity-kango.com/index.html,35.610080200000006,139.684826100000000
訪問看護,大田区,13111,クローバースマイル訪問看護ステーション,クローバースマイル株式会社,営利法人,1361190281,東京都大田区西蒲田５－１６－３,03-6424-7222,2015-04-01,訪問看護ステーション,平日・土曜日・日曜日・祝日,150,https://cloversmile.jp,35.566339380695740,139.714090511261700
訪問看護,大田区,13111,和光の園　訪問看護ステーション,医療法人社団和光会,医療法人,1361190372,東京都大田区大森西４－１２－１,03-6410-8525,2016-07-01,訪問看護ステーション,,,,,
訪問看護,大田区,13111,ガイア訪問看護ステーション　蒲田,株式会社ガイアメディケア,営利法人,1361190406,東京都大田区西蒲田７－１２－６蓮沼パークハイツ９０１,03-6428-6302,2016-12-01,訪問看護ステーション,平日,,https://www.gaia-medicare.jp,35.564275800000000,139.710659900000000
訪問看護,大田区,13111,ソフィアメディ訪問看護ステーション矢口,ソフィアメディ株式会社,営利法人,1361190414,東京都大田区下丸子３－８－１４スペースビル２階,03-5741-2150,2017-01-01,訪問看護ステーション,平日,10,http://www.sophiamedi.co.jp/office/station-yaguchi,35.567767000000000,139.691892500000000
訪問看護,大田区,13111,訪問看護ステーション　デライト蒲田,株式会社Ｈ＆Ｈホールディングス,営利法人,1361190463,東京都大田区蒲田５－４６－１１蒲燃ビル２０１,03-6424-9510,2018-01-01,訪問看護ステーション,平日・土曜日・祝日,150,http://hokan-delight.jp/,35.560359700000000,139.715942899999960
訪問看護,大田区,13111,あいりす訪問看護ステーション,株式会社あいりす,営利法人,1361190497,東京都大田区西馬込１－３２－１５共信ビル３０３,03-6429-7111,2018-04-01,訪問看護ステーション,,,,,
訪問看護,大田区,13111,訪問看護ステーション　そらまめ,株式会社エヌコーポレーション,営利法人,1361190513,東京都大田区上池台２－１－１１グラスヒル洗足池１０１,03-6429-8611,2018-04-01,訪問看護ステーション,平日,25,https://soramamekango.jimdo.com/,35.601044116094094,139.694182975127570
訪問看護,大田区,13111,ソフィアメディ訪問看護ステーション大鳥居,ソフィアメディ株式会社,営利法人,1361190570,東京都大田区西糀谷３－３６－８リーベン滑川２・４階,03-5735-7570,2019-01-01,訪問看護ステーション,平日・土曜日・日曜日・祝日,170,https://www.sophiamedi.co.jp/station/otorii/,35.553347500000000,139.739822099999970
訪問看護,大田区,13111,訪問ステーションてとてと　大岡山,医療法人平成博愛会,医療法人,1361190604,東京都大田区北千束３－１６－１９カーサ大岡山１０４号室,03-5754-7100,2019-03-01,訪問看護ステーション,平日,150,http://tetote.to/office/office-288/,35.607317700000000,139.687145399999960
訪問看護,大田区,13111,訪問看護ステーション　ナスリ,株式会社ナスリ,営利法人,1361190612,東京都大田区上池台１－１４－６富士プラザ４階,03-6425-9700,2019-04-01,訪問看護ステーション,平日,,https://ns-re.com,35.603011800000004,139.697818300000000
訪問看護,大田区,13111,訪問看護ステーション　コルディアーレ大田,株式会社ＪＳＨ,営利法人,1361190638,東京都大田区西蒲田８－２０－６アポロアパートメント２Ｂ号室,03-6715-7901,2019-11-01,訪問看護ステーション,,,,,
訪問看護,大田区,13111,あげいん訪問看護,株式会社ＧＯＥＮ,営利法人,1361190703,東京都大田区東雪谷５－２－８,03-6451-7899,2020-03-01,訪問看護ステーション,平日,5,http://goen.me,35.591897100000000,139.693191500000000
訪問看護,大田区,13111,絆訪問看護ステーション羽田,株式会社リアン,営利法人,1361190711,東京都大田区南蒲田１－１－２３夫婦橋ビル５階,03-6428-6270,2020-04-01,訪問看護ステーション,平日,,http://www.kizunaspa.com/salon.html,35.560714600000010,139.724614999999970
訪問看護,大田区,13111,あいず訪問看護ステーション大森,株式会社あいず,営利法人,1361190737,東京都大田区大森北４－１２－３ＣＡＳＡ・Ｋ３階Ｂ号,03-6436-8491,2020-06-01,訪問看護ステーション,平日,,http://aizu-company.co.jp,35.584168400000010,139.728347800000000
訪問看護,大田区,13111,訪問看護ステーションくるみ,合同会社Ｈｏｎｅｓｔ,営利法人,1361190752,東京都大田区北馬込１－３２－１７,03-6429-9141,2020-10-01,訪問看護ステーション,平日・土曜日・日曜日・祝日,15,https://www.houkan-kurumi.com/,35.600209382002184,139.707068584061430
訪問看護,大田区,13111,訪問看護　ＡＩナース,ＡＩケアサービス株式会社,営利法人,1361190794,東京都大田区下丸子４－１９－７ジョイナリー下丸子１０１,03-5755-3700,2021-04-01,訪問看護ステーション,平日,,http://aicare.info/,35.570342800000000,139.682160200000000
訪問看護,大田区,13111,はる訪問看護ステーション,株式会社ナユタ,営利法人,1361190810,東京都大田区蒲田１－２３－１７シャトー蒲田７ビル１０２,03-6424-5190,2021-05-01,訪問看護ステーション,平日,80,,35.564492355381950,139.720187595071760
訪問看護,大田区,13111,和らいず訪問看護ステーション,株式会社ベータコード,営利法人,1361190828,東京都大田区池上７－６－５ボニータビル２階,03-6410-9877,2021-05-01,訪問看護ステーション,平日・土曜日・日曜日・祝日,60,https://waraizu.jp/houkan/,35.572127400000000,139.701021200000000
訪問看護,大田区,13111,よぞら訪問看護ステーション,株式会社Ｄｅｌｉｇｈｔ　Ｃａｒｅ,営利法人,1361190877,東京都大田区蒲田２－５－５ヴィラプルグノⅡ　４０３号室,03-6424-7972,2021-09-01,訪問看護ステーション,平日・土曜日・日曜日・祝日,,,35.567589600000000,139.726185700000000
訪問看護,大田区,13111,アエルバ訪問看護ステーション,ＡＥＬＶＡ株式会社,営利法人,1361190893,東京都大田区大森北６－２３－２２ユキガヤビル３階,03-6423-0373,2021-10-01,訪問看護ステーション,平日・土曜日・日曜日・祝日,,https://aelva-ns.com,35.579415015367125,139.728290293817900
訪問看護,大田区,13111,訪問看護ステーション　ダブルアイ大田,株式会社ダブルアイ,営利法人,1361190901,東京都大田区北嶺町３２－１６ベルフィーユ２０１,03-6303-9224,2022-01-01,訪問看護ステーション,,,,35.585479500000000,139.681944900000000
訪問看護,大田区,13111,訪問看護ステーション　かなで,株式会社奏,営利法人,1361190927,東京都大田区中央３－２８－７－２Ｆ,03-6417-1418,2022-04-01,訪問看護ステーション,平日,150,https://kanade-hns.com/,35.575683400000000,139.720070200000000
訪問看護,大田区,13111,あらい訪問看護ステーション,合同会社キメジ,営利法人,1361190943,東京都大田区東糀谷１－１３－２１,03-6423-2701,2022-05-01,訪問看護ステーション,平日・土曜日・日曜日・祝日,,,35.559221600000000,139.738568200000000
訪問看護,大田区,13111,訪問看護ステーション　はな　蒲田,株式会社はな,営利法人,1361190950,東京都大田区西蒲田５－１９－９島田ビル１０２,03-6820-0536,2022-06-01,訪問看護ステーション,平日・土曜日,150,http://hana-gr.com,35.564984200000000,139.714513000000000
訪問看護,大田区,13111,訪問看護　いと,Ｆｉｌｏ株式会社,営利法人,1361190984,東京都大田区中央８－１３－１０コーポふじ１階,03-6410-9511,2022-07-01,訪問看護ステーション,,,,,
訪問看護,大田区,13111,バンビ訪問看護ステーション大田区,株式会社エヌズコア,営利法人,1361191008,東京都大田区南久が原２－１－２０－１０６,03-6410-5408,2023-03-01,訪問看護ステーション,平日,,https://ns-core.co.jp,35.579573500000000,139.686092300000000
訪問看護,大田区,13111,つくし訪問看護ステーション,株式会社つくしケアコーポレーション,営利法人,1361191016,東京都大田区大森北３－２－６,03-6436-8837,2023-04-01,訪問看護ステーション,平日・土曜日・日曜日・祝日,,https://tsukushi-care.com,35.584117200000016,139.731530800000000
訪問看護,大田区,13111,訪問看護ゆう,株式会社れい,営利法人,1361191032,東京都大田区千鳥２－４－９ｆｏｕｒ千鳥町１０２,03-4335-9117,2023-06-01,訪問看護ステーション,,,,,
訪問看護,大田区,13111,訪問看護ステーション　はな　平和島,株式会社ＳＡＴ,営利法人,1361191057,東京都大田区大森西２－６－５ナズ大森レジデンス,03-6824-5595,2023-09-01,訪問看護ステーション,平日・土曜日,150,,35.578063461280400,139.732801821784300
訪問看護,大田区,13111,医心館　訪問看護ステーション　大森,株式会社アンビス,営利法人,1361191065,東京都大田区大森北１－３４－８守央ビル,03-5763-5887,2023-09-01,訪問看護ステーション,平日・土曜日・日曜日・祝日,,,35.585743099999990,139.726720200000000
訪問看護,大田区,13111,訪問看護ステーション　デューン大森北,株式会社Ｎ・フィールド,営利法人,1361191081,東京都大田区大森北３－４－１１三笠ビル３階,03-6450-0661,2024-04-01,訪問看護ステーション,平日・土曜日・祝日,200,https://www.nfield.co.jp/,35.584189700000000,139.732592600000000
訪問看護,大田区,13111,訪問看護ステーション　ひらそる,株式会社ころる,営利法人,1361191107,東京都大田区大森西７－６－４,03-6404-8174,2024-04-01,訪問看護ステーション,平日・土曜日,,https://hirasoru-nurse.com,35.569645100000045,139.722413500000000
訪問看護,大田区,13111,メディアス訪問看護ステーション,株式会社ＭＥＤＩＡＳ,営利法人,1361191115,東京都大田区多摩川１－１７－１５スマートＶＩＬＬＡ多摩川１０１,03-6715-2582,2024-06-01,訪問看護ステーション,平日,,http://medias-mgt.com,35.564796100000010,139.697123299999960
訪問看護,大田区,13111,訪問看護ステーション　デライト大森,株式会社Ｈ＆Ｈホールディングス,営利法人,1361191131,東京都大田区山王３－１－１１Ａ．Ｉ．ビル２階,03-5728-9620,2024-11-01,訪問看護ステーション,平日・土曜日・祝日,150,https://hokan-delight.jp/,35.585555800000000,139.725756700000000
訪問看護,大田区,13111,大田ケア訪問看護ステーション,ＧｅｎｅｒａｌＣａｒｅ株式会社,営利法人,1361191149,東京都大田区南久が原２－６－３第３雄喜コーポ,03-6715-0360,2025-04-01,訪問看護ステーション,平日・土曜日・日曜日,,https://otacare.com/,35.579312184327264,139.685740473016320
訪問看護,大田区,13111,はぐもり訪問看護ステーション,合同会社ｍｉｋｉ,営利法人,1361191164,東京都大田区下丸子２－３－１,03-6715-0304,2025-05-01,訪問看護ステーション,平日・土曜日・日曜日・祝日,,https://hugmori.com/,35.567460100000005,139.686015800000040
訪問看護,大田区,13111,池上あおい訪問看護ステーション,株式会社ＧＳＣｏｒｐｏｒａｔｉｏｎ,営利法人,1361191198,東京都大田区池上８－８－８Ｐｅｒｉｄｏｔ１０１,03-6410-4746,2025-09-01,訪問看護ステーション,平日,,http://himonyapharmacy.com,35.570677800000000,139.698753500000000
訪問看護,大田区,13111,コレゾ訪問看護ステーション,ｃｏｒｅｚｏ株式会社,営利法人,1361191206,東京都大田区上池台１－３２－５パレステュディオ上池台３０３,03-6425-9614,2025-10-01,訪問看護ステーション,平日,,https://corezo.life,35.601600100000000,139.698167400000000
訪問看護,大田区,13111,ツクイ蒲田訪問看護ステーション,株式会社ツクイ,営利法人,1361191222,東京都大田区西蒲田５－２７－１３ＫＳビル７階,03-6428-7125,2026-02-01,訪問看護ステーション,平日・土曜日・日曜日・祝日,,,35.564336217472540,139.713935830688480
訪問看護,大田区,13111,訪問看護ステーション　ホームケア蒲田,株式会社ミレニア,営利法人,1361191248,東京都大田区蒲田５－３６－２相互蒲田ビル２０１,03-6715-7261,2026-05-01,訪問看護ステーション,,,,,
訪問看護,大田区,13111,訪問看護ファミリー・ホスピス池上,ファミリー・ホスピス株式会社,営利法人,1361191255,東京都大田区仲池上１－３３－９,03-6410-5842,2026-06-01,訪問看護ステーション,,,,,
訪問看護,大田区,13111,ヒスイ訪問看護ステーション,ヒスイ合同会社,営利法人,1361191271,東京都大田区大森北４－２６－２６,03-6225-2099,2026-09-01,訪問看護ステーション,,,,,
訪問看護,大田区,13111,おおもりまち訪問看護ステーション,社会医療法人財団城南福祉医療協会,医療法人,1367191331,東京都大田区大森東４－３－１１,03-3298-5057,2000-04-01,訪問看護ステーション,平日・土曜日,16,http://jounan-st.com,35.568479099999990,139.737702799999960
訪問看護,大田区,13111,大田池上訪問看護ステーション,医療法人横浜未来ヘルスケアシステム,医療法人,1367191380,東京都大田区池上３－２８－１４フォレスト・ガイア１Ｆ,03-3752-0151,2000-04-01,訪問看護ステーション,平日・土曜日,70,https://ota-ikegami.tmg-houmonkango.jp,35.574891000000000,139.701215899999960
訪問看護,大田区,13111,けいひん訪問看護ステーション,社会医療法人財団城南福祉医療協会,医療法人,1367191638,東京都大田区南六郷１－８－２ハイツアオキ第２２　１０１号室,03-3730-1333,2000-04-01,訪問看護ステーション,平日・土曜日,,http://jounan-st.com,35.550285800000000,139.720998000000000
訪問看護,大田区,13111,一般社団法人　大森医師会　大森医師会立訪問看護ステーション,一般社団法人大森医師会,社団・財団,1367192016,東京都大田区中央４－３１－１４大森医師会館２階,03-3772-2406,2000-04-01,訪問看護ステーション,平日,70,http://www.omori-med.or.jp,35.579689252519240,139.718455299999960
訪問看護,大田区,13111,田園調布医師会立訪問看護ステーション,一般社団法人田園調布医師会,社団・財団,1367192057,東京都大田区石川町２－７－１,03-3728-7600,2000-04-01,訪問看護ステーション,平日,,http://www.demcho-med.or.jp,35.598109500000000,139.683746299999940
訪問看護,大田区,13111,医療法人社団　涓泉会　Ｒ訪問看護ステーション,医療法人社団涓泉会,医療法人,1367195738,東京都大田区東雪谷１－１３－１　３階,03-5718-1365,2000-12-01,訪問看護ステーション,平日・土曜日,,https://sanno-rc.com/,35.596019784611480,139.689966548766250
訪問看護,大田区,13111,訪問看護リハビリステーションるな,株式会社シーン,営利法人,1367196074,東京都大田区南蒲田３－１－５,03-3744-2511,2001-06-01,訪問看護ステーション,平日,,http://www.care-scene.com,35.555499500000000,139.726886700000020
訪問看護,大田区,13111,訪問看護ステーション　ワークスタッフ鵜の木,有限会社ビハーラ,営利法人,1367197106,東京都大田区鵜の木２－１７－３ライオンズマンション鵜の木１階,03-5741-8239,2003-12-01,訪問看護ステーション,平日・土曜日・日曜日・祝日,5,http://work-staff.jp/,35.576167900000016,139.679532399999970
訪問看護,大田区,13111,ソフィアメディ訪問看護ステーション山王,ソフィアメディ株式会社,営利法人,1367198666,東京都大田区山王３－３２－１８シエーネ山王１０１,03-5746-2012,2006-06-01,訪問看護ステーション,平日・土曜日・日曜日・祝日,,http://www.sophiamedi.co.jp,35.587515300000000,139.724310100000020
訪問看護,世田谷区,13112,ナーシングケア自由が丘,ＡＢＵＮＤＡＮＣＥ株式会社,営利法人,1361090150,東京都世田谷区奥沢５－３３－１３サロン・ド・テ自由が丘２Ｆ,03-5755-5603,2015-11-01,訪問看護ステーション,平日,80,http://homon-kango.com/,35.603744200000044,139.667600699999980
訪問看護,世田谷区,13112,訪問看護ステーションしもきたざわ,特定非営利活動法人ホームケアエクスパーツ協会,非営利法人（NPO）,1361290016,東京都世田谷区代田６－６－９アルコーブ下北沢Ｂ１,03-3468-0369,2007-07-01,訪問看護ステーション,平日,25,http://hks-shimokita.net,35.663301491209770,139.664011893254150
訪問看護,世田谷区,13112,ソフィアメディ訪問看護ステーション成城,ソフィアメディ株式会社,営利法人,1361290099,東京都世田谷区成城２－３６－１７ＤＵＰＬＥＸ成城１階,03-5727-9215,2010-04-01,訪問看護ステーション,平日・土曜日・日曜日・祝日,,http://www.sophiamedi.co.jp/,35.639854016303020,139.601257709400900
訪問看護,世田谷区,13112,トータルライフケア用賀訪問看護ステーション,株式会社トータルライフケア,営利法人,1361290164,東京都世田谷区用賀２－２９－１６のぎくメモリアルビル１０１,03-5797-9081,2011-10-01,訪問看護ステーション,平日・土曜日・祝日,258,https://www.ikiikitlc.co.jp/,35.625894200000000,139.636141299999960
訪問看護,世田谷区,13112,医療法人社団プラタナス　ナースケア・リビング世田谷中町,医療法人社団プラタナス,医療法人,1361290198,東京都世田谷区中町５－９－９グランクレール世田谷中町コミュニティプラザ４階,03-6411-6422,2012-07-01,訪問看護ステーション,平日,70,http://ncliving.sakura-urban.jp/,35.621686400000016,139.644848899999940
訪問看護,世田谷区,13112,ノーツ訪問看護ステーション,ノーツナーシングコーポレーション株式会社,営利法人,1361290255,東京都世田谷区代沢４－４３－７,03-6453-2712,2013-08-01,訪問看護ステーション,平日・土曜日・日曜日・祝日,,http://www.notesnursing.com/index.html,35.654564544156955,139.666542489085370
訪問看護,世田谷区,13112,ソフィアメディ訪問看護ステーション芦花公園,ソフィアメディ株式会社,営利法人,1361290271,東京都世田谷区南烏山３－２１－１１ヴェルディ南烏山３階,03-5315-9525,2013-10-01,訪問看護ステーション,平日・土曜日・日曜日・祝日,40,http://www.sophiamedi.co.jp,35.672326902548654,139.606338090043660
訪問看護,世田谷区,13112,ケアパートナー梅ヶ丘訪問看護ステーション,ケアパートナー株式会社,営利法人,1361290321,東京都世田谷区梅丘１－２７－１２,03-6432-6100,2014-01-01,訪問看護ステーション,平日,,https://www.care-partner.com/place/umegaoka_kango/,35.655673029829190,139.655355926389350
訪問看護,世田谷区,13112,訪問看護ステーション　ノテ東京,社会福祉法人ノテ福祉会,社会福祉法人（社協以外）,1361290347,東京都世田谷区深沢７－１７－２０,03-6432-3893,2014-04-01,訪問看護ステーション,平日・土曜日・日曜日・祝日,,https://www.note.or.jp,35.621022500000000,139.647520900000020
訪問看護,世田谷区,13112,シーエルポート世田谷,株式会社創生事業団,営利法人,1361290438,東京都世田谷区上用賀１－９－１０用賀立昇苑　イースト,03-6880-2192,2015-04-01,訪問看護ステーション,平日,180,http://www.goodtimehome.com/setagaya/,35.630740800000000,139.638546400000000
訪問看護,世田谷区,13112,グッド訪問看護ステーション,株式会社グッドパートナーズ,営利法人,1361290487,東京都世田谷区喜多見７－２７－１９リバーサイド成城パレス３０５,03-6411-0234,2015-07-01,訪問看護ステーション,平日・土曜日・日曜日・祝日,,http://www.good-partners.jp,35.634920759005930,139.593670542327940
訪問看護,世田谷区,13112,ソフィアメディ訪問看護ステーション二子玉川,ソフィアメディ株式会社,営利法人,1361290511,東京都世田谷区玉川４－８－７,03-5797-5140,2015-08-01,訪問看護ステーション,平日・土曜日・日曜日・祝日,,http://www.sophiamedi.co.jp/,35.617493600000000,139.626092999999970
訪問看護,世田谷区,13112,おうちのカンゴ,株式会社メディステップ,営利法人,1361290578,東京都世田谷区弦巻５－１７－１０弦巻５丁目戸建Ｂ,03-6413-1742,2016-04-01,訪問看護ステーション,平日・土曜日・日曜日・祝日,,https://medistep.co.jp/,35.640050466044910,139.640948914590440
訪問看護,世田谷区,13112,りはっぴぃの訪問看護,株式会社りはっぴぃ,営利法人,1361290594,東京都世田谷区新町２－３５－２７,03-6413-6690,2016-04-01,訪問看護ステーション,平日,,http://www.rehappy.jp,35.630983628783284,139.646821765528870
訪問看護,世田谷区,13112,訪問看護ステーションふくろう等々力,医療法人社団創福会,医療法人,1361290644,東京都世田谷区等々力３－５－１１ライオンズマンション等々力第５－２０３号室,03-6432-2975,2016-11-01,訪問看護ステーション,平日,,http://www.296296.jp/group_network/visiting-nursing/,35.608872902050415,139.647974213523160
訪問看護,世田谷区,13112,訪問看護かえりえ用賀,株式会社やさしい手,営利法人,1361290677,東京都世田谷区用賀３－６－３,05017486326,2017-05-01,訪問看護ステーション,平日・土曜日・日曜日・祝日,50,http://www.yasashiite.com/subdomains/section/437/,35.630054800000000,139.637490999999950
訪問看護,世田谷区,13112,はなまる会訪問看護ステーション,医療法人社団はなまる会,医療法人,1361290693,東京都世田谷区給田３－３１－２０ＯｎＣｏ千歳烏山１階,03-5490-7086,2017-10-01,訪問看護ステーション,平日・土曜日・日曜日・祝日,10,http://www.ty-hanamaru.or.jp/,35.667245783210156,139.593167993009020
訪問看護,世田谷区,13112,いちから訪問看護ステーション,有限会社スズコンタクトレンズ,営利法人,1361290776,東京都世田谷区経堂２－２７－２０リリーオブザバレー１０２号室,03-6413-9136,2018-08-01,訪問看護ステーション,平日,,https://www.ichikara.jp/,35.654740782511930,139.632332745682100
訪問看護,世田谷区,13112,経堂ふくろう訪問看護リハビリステーション,株式会社Ｋ＆Ｎ－ＮＥＸＴ,営利法人,1361290818,東京都世田谷区経堂２－２３－２１,03-5450-7051,2018-11-01,訪問看護ステーション,平日・土曜日・日曜日・祝日,,http://fukurou-houmon.net,35.652749000000000,139.633513600000000
訪問看護,世田谷区,13112,リニエ訪問看護ステーションキッズ世田谷,株式会社リニエＲ,営利法人,1361290859,東京都世田谷区南烏山５－３２－１４アルファビル２ ３０２,03-6909-1965,2018-11-01,訪問看護ステーション,,,,,
訪問看護,世田谷区,13112,訪問看護ステーション　デライト桜新町,株式会社Ｈ＆Ｈホールディングス,営利法人,1361290883,東京都世田谷区弦巻４－２－３塚本ルミネビル　１－Ｂ,03-5799-4981,2019-04-01,訪問看護ステーション,平日・土曜日・祝日,150,https://hokan-delight.jp/,35.635481300000000,139.644183300000000
訪問看護,世田谷区,13112,マザース成城,株式会社ケアギバー・ジャパン,営利法人,1361290917,東京都世田谷区成城９－１０－８,03-6277-9107,2019-07-01,訪問看護ステーション,平日・土曜日・日曜日・祝日,58,,35.651140500000000,139.598878700000000
訪問看護,世田谷区,13112,ルミナス訪問看護ステーション,ジャンティー株式会社,営利法人,1361290941,東京都世田谷区砧６－２９－４　３Ｆ,03-5727-8582,2020-03-01,訪問看護ステーション,平日・土曜日・日曜日,,https://www.luminous-kango.jp/,35.640858000000000,139.608327100000030
訪問看護,世田谷区,13112,訪問看護ステーション　いぶき三軒茶屋,医療法人社団柏水会,医療法人,1361290982,東京都世田谷区三軒茶屋２－１９－１６メゾンレスポアール３０５号,03-6413-8715,2020-04-01,訪問看護ステーション,,,,,
訪問看護,世田谷区,13112,訪問看護ステーション　デライト烏山,株式会社Ｈ＆Ｈホールディングス,営利法人,1361291014,東京都世田谷区南烏山６－２８－５ミルフィーユⅠ　２Ｆ,03-6279-6813,2020-04-01,訪問看護ステーション,平日・土曜日・祝日,150,http://hokan-delight.jp/,35.669498999999995,139.598699499999980
訪問看護,世田谷区,13112,カンデラ・メディカルケア世田谷本店,カンデラ・メディカルケア株式会社,営利法人,1361291030,東京都世田谷区奥沢６－２５－１,03-3703-0810,2020-10-01,訪問看護ステーション,平日・土曜日・祝日,,http://candela-medical.co.jp,35.604718700000000,139.662328400000000
訪問看護,世田谷区,13112,つぐみナースケアステーション,株式会社鳥人会,営利法人,1361291055,東京都世田谷区中町１－１７－１４メゾンブランシュ１０４,03-6759-1516,2020-11-01,訪問看護ステーション,平日,30,https://www.tsugumi-ncs.com/,35.608494100000020,139.643356100000000
訪問看護,世田谷区,13112,ネットワーク訪問ナースステーション,有限会社オフィスネットワーク,営利法人,1361291097,東京都世田谷区松原２－４１－１５エテルノ明大前２０３,03-6762-2272,2021-03-01,訪問看護ステーション,平日,30,http://www.office-network.biz,35.668237309543000,139.649509039935650
訪問看護,世田谷区,13112,ｅ笑顔,ｅ笑顔合同会社,営利法人,1361291147,東京都世田谷区経堂４－４－５－１０３号室,03-5799-4744,2021-10-01,訪問看護ステーション,平日・土曜日・日曜日・祝日,,,35.646276900000010,139.627238700000020
訪問看護,世田谷区,13112,ソフィアメディ訪問看護ステーション代田,ソフィアメディ株式会社,営利法人,1361291170,東京都世田谷区羽根木１－１９－６シャトルＨＩＥＩ羽根木　３－Ａ,03-6379-3982,2022-05-01,訪問看護ステーション,平日・土曜日・日曜日・祝日,,https://www.sophiamedi.co.jp/,35.663120607689620,139.658930994542320
訪問看護,世田谷区,13112,訪問看護　カラフルステーション,株式会社ラ・ファミーユ,営利法人,1361291196,東京都世田谷区砧３－２８－１８清水ハイツ２０２,03-6805-8582,2022-06-01,訪問看護ステーション,平日,,https://www.lafamille.co.jp,35.638280699999996,139.614097300000000
訪問看護,世田谷区,13112,訪問看護リハビリステーション　あくあ,株式会社ＹＯＲＩＩ,営利法人,1361291220,東京都世田谷区代沢２－４７－９Ｇｒａｃｅ　Ｆｉｅｌｄ池ノ上３０４号室,03-6453-4490,2022-09-01,訪問看護ステーション,平日,,http://yorii-crea.com/,35.661089323794160,139.673407707046800
訪問看護,世田谷区,13112,スーパーキッズ訪問看護ステーション,ファイブスター株式会社,営利法人,1361291246,東京都世田谷区梅丘１－２２－４－３０７,07031913231,2022-11-01,訪問看護ステーション,,,,,
訪問看護,世田谷区,13112,ブルーベリー訪問看護リハビリステーション,ＳＧサービス株式会社,営利法人,1361291261,東京都世田谷区代田２－２１－１８ガーデン代田２０２号室,03-6450-7941,2023-04-01,訪問看護ステーション,平日,,https://blueberry-houmonkango.com/,35.657164800000000,139.661052800000000
訪問看護,世田谷区,13112,訪問看護ステーションみかん,株式会社みかん,営利法人,1361291295,東京都世田谷区太子堂２－１４－２０ステップス三軒茶屋205号室,03-6450-8825,2023-05-01,訪問看護ステーション,平日・土曜日・日曜日・祝日,,https://sancha-mikan-kango.tokyo/,35.645011200000000,139.672016300000000
訪問看護,世田谷区,13112,ハイメディック訪問看護ステーション,株式会社ハイメディック,営利法人,1361291311,東京都世田谷区玉川台２－２１－１４ＫＹ用賀ビル１Ｆ,08041678056,2023-05-01,訪問看護ステーション,平日,,,35.624185200000000,139.632127500000000
訪問看護,世田谷区,13112,訪問看護ステーション　デライト下高井戸,株式会社Ｈ＆Ｈホールディングス,営利法人,1361291337,東京都世田谷区赤堤５－３２－２アーバン赤堤ビル２階２０３号室,03-6379-1277,2023-06-01,訪問看護ステーション,平日・土曜日・祝日,,https://hokan-delight.jp/,35.665169400000000,139.637438400000000
訪問看護,世田谷区,13112,ほっとナビ訪問看護ステーション　世田谷,株式会社ほっとナビ,営利法人,1361291352,東京都世田谷区松原１－４６－９ＯＨＲＥＭ明大前　８０１号室,03-6304-7298,2023-06-01,訪問看護ステーション,平日,,https://www.hotnavi.co.jp/access_setagaya.html,35.670298500000000,139.652941100000000
訪問看護,世田谷区,13112,ホームケア世田谷　訪問看護ステーション,株式会社東急イーライフデザイン,営利法人,1361291378,東京都世田谷区上用賀１－２２－２３,03-4212-3386,2023-08-01,訪問看護ステーション,平日・祝日,30,https://homecare.grancreer.com,35.634519599999970,139.634928100000000
訪問看護,世田谷区,13112,訪問看護ステーション和来　せたがや,株式会社康臨丸,営利法人,1361291394,東京都世田谷区粕谷４－２０－１８幸栄マンション３１１,03-5314-9168,2023-10-01,訪問看護ステーション,平日・土曜日・日曜日・祝日,,https://warai.life,35.665244700000000,139.602940600000000
訪問看護,世田谷区,13112,あいず訪問看護ステーション三軒茶屋,株式会社あいず,営利法人,1361291428,東京都世田谷区太子堂２－１－１ヴァンヴェール世田谷１０５号室,03-6805-2702,2023-12-01,訪問看護ステーション,平日,50,https://www.aizu-company.co.jp,35.646507799999990,139.674847200000000
訪問看護,世田谷区,13112,訪問看護ステーション　紅白せたがや,株式会社ＡＧＲＩＣＡＲＥ,営利法人,1361291444,東京都世田谷区瀬田５－３－７第４盟友フラッツ２階,03-5797-9535,2024-02-01,訪問看護ステーション,平日,,,35.623277200000004,139.627258300000000
訪問看護,世田谷区,13112,ｅｉｓｅｉ　ｈｏｍｅ　ｋａｎｇｏ,株式会社ＥＩＳＥＩ,営利法人,1361291485,東京都世田谷区大蔵２－４－１４－１０３,03-6411-1425,2024-05-01,訪問看護ステーション,平日,50,https://eisei.company/kango.html,35.634916600000000,139.615727300000000
訪問看護,世田谷区,13112,まなか訪問看護ステーション,株式会社まなか,営利法人,1361291501,東京都世田谷区桜１－５０－１７,03-5936-1286,2024-07-01,訪問看護ステーション,平日,,,35.645807900000000,139.639909000000000
訪問看護,世田谷区,13112,訪問看護ステーション陽だまり,ＰｅａｋＣａｒｅ株式会社,営利法人,1361291527,東京都世田谷区祖師谷４－２６－３アトリエンテ祖師谷Ｂ１階,03-5349-1836,2024-08-01,訪問看護ステーション,平日,200,https://houmonkangohidamari.com,35.649574100000000,139.607328300000000
訪問看護,世田谷区,13112,医心館　訪問看護ステーション　祖師谷,株式会社アンビス,営利法人,1361291543,東京都世田谷区祖師谷１－２２－２６,03-5787-7825,2024-12-01,訪問看護ステーション,平日・土曜日・日曜日・祝日,,,35.644698700000000,139.613326400000000
訪問看護,世田谷区,13112,トータルライフケア梅丘訪問看護ステーション,株式会社トータルライフケア,営利法人,1361291568,東京都世田谷区梅丘１－２３－５ファインビル２Ｆ,03-6413-7457,2025-06-01,訪問看護ステーション,平日・土曜日・祝日,,https://www.ikiikitlc.co.jp/,35.655439400000000,139.652731900000000
訪問看護,世田谷区,13112,いろどり訪問看護ＲＣＵ世田谷,株式会社いろどり,営利法人,1361291584,東京都世田谷区北烏山３－１３－２３烏山北住宅　３０４号室,03-6279-5700,2025-12-01,訪問看護ステーション,平日,,https://www.irodorikango.com/,35.674489999999990,139.603438400000000
訪問看護,世田谷区,13112,ふくまる訪問看護ステーション,株式会社Ｒｅｙｂｓ,営利法人,1361291600,東京都世田谷区喜多見９－４－７みのわグレースマンション４０３,03-5761-5905,2026-04-01,訪問看護ステーション,,,,,
訪問看護,世田谷区,13112,青藍会在宅医療支援センターハートハウス成城　訪問看護ステーション,社会福祉法人青藍会,社会福祉法人（社協以外）,1361291626,東京都世田谷区成城２－３４－１成城小泉ビルⅠ　２０１号室,03-3416-4160,2026-05-01,訪問看護ステーション,,,,,
訪問看護,世田谷区,13112,くすの木ステーション,株式会社ＡＤＶＡＬＥＳ,営利法人,1361291642,東京都世田谷区奥沢３－１８－１０自由ケ丘ファースト　１０３号室,03-6715-0397,2026-08-01,訪問看護ステーション,,,,,
訪問看護,世田谷区,13112,成城訪問看護ステーション,社会福祉法人古木会,社会福祉法人（社協以外）,1367191430,東京都世田谷区成城６－１３－１７,03-3482-0088,2000-04-01,訪問看護ステーション,平日,150,http://www.h2dion.ne.jp/^furuiki/,35.641859828781990,139.600045522090080
訪問看護,世田谷区,13112,訪問看護ステーション芦花,社会福祉法人世田谷区社会福祉事業団,社会福祉法人（社協以外）,1367191547,東京都世田谷区粕谷２－２３－１,03-5317-1096,2000-04-01,訪問看護ステーション,平日・土曜日,15,http://www.setagayaj.or.jp,35.665833754168170,139.609797437622180
訪問看護,世田谷区,13112,訪問看護ステーション北沢,社会福祉法人世田谷区社会福祉事業団,社会福祉法人（社協以外）,1367192610,東京都世田谷区羽根木１－３１－２１　ドクターズプラザ羽根木２階,03-5355-6200,2000-04-01,訪問看護ステーション,平日・土曜日,,http://www.setagayaj.or.jp/,35.665442100000000,139.657299100000040
訪問看護,世田谷区,13112,医療法人財団　青葉会　太子堂訪問看護ステーション,医療法人財団青葉会,医療法人,1367193766,東京都世田谷区太子堂２－１３－１７,03-5481-8111,2000-04-01,訪問看護ステーション,平日,,,35.644836800000014,139.673037199999950
訪問看護,世田谷区,13112,メディカル・ハンプ　訪問看護ステーション,株式会社メディカル・ハンプ,営利法人,1367195027,東京都世田谷区南烏山５－２３－１１エビスビル１Ｆ,03-3326-5409,2003-04-01,訪問看護ステーション,平日,,http://www.m-hamp.co.jp,35.666853669335715,139.603151706637620
訪問看護,世田谷区,13112,訪問看護ステーションきたざわ苑,社会福祉法人正吉福祉会,社会福祉法人（社協以外）,1367196041,東京都世田谷区北沢５－２４－１８,03-5453-5620,2001-06-01,訪問看護ステーション,平日・土曜日,,http://www.shoukichi.org/kitazawa/,35.670028100000000,139.671339399999960
訪問看護,世田谷区,13112,ソフィアメディ訪問看護ステーション自由が丘,ソフィアメディ株式会社,営利法人,1367197585,東京都世田谷区奥沢７－３３－２アーバンコート自由が丘２０１,03-5758-7263,2004-12-01,訪問看護ステーション,平日・土曜日・日曜日・祝日,,http://www.sophiamedi.co.jp/,35.605943900000000,139.661267200000000
訪問看護,世田谷区,13112,下馬訪問看護ステーション,有限会社ハート・２１,営利法人,1367198070,東京都世田谷区下馬６－２３－１３アーバンテラス下馬１０７,03-5433-0206,2005-09-01,訪問看護ステーション,平日,60,https://shimouma-houmon.jp/,35.630555300000000,139.678498300000000
訪問看護,世田谷区,13112,ソフィアメディ訪問看護ステーション三宿・三茶,ソフィアメディ株式会社,営利法人,1367198153,東京都世田谷区太子堂４－３０－２２Ｋ’ｓアパートメント２０２,03-5431-5204,2005-10-01,訪問看護ステーション,平日・土曜日・日曜日・祝日,,http://www.sophiamedi.co.jp/,35.646186504392695,139.668746388407950
訪問看護,渋谷区,13113,ひかり訪問看護ステーション東京,メディカルホットライン株式会社,営利法人,1360290330,東京都渋谷区代々木２－１６－１宮坂甲斐路ビル１Ｆ,03-3527-9207,2022-11-01,訪問看護ステーション,平日,,https://hikari-lifes.net/home-nursing,35.686239200000000,139.695744200000000
訪問看護,渋谷区,13113,アルシオン訪問看護ステーション,株式会社常翔,営利法人,1360590341,東京都渋谷区代々木１－８－２ライズⅢ４階,08079651203,2023-10-01,訪問看護ステーション,平日,,,35.710746300000010,139.751911600000000
訪問看護,渋谷区,13113,ＬＥ在宅・施設訪問看護リハビリステーション　渋谷新本店,ＬＥ．Ｏ．ＶＥ株式会社,営利法人,1361290024,東京都渋谷区神南１－１７－１１キューブ渋谷神南５Ｆ,03-6427-8411,2007-10-01,訪問看護ステーション,平日・土曜日・日曜日・祝日,14000,https://www.lovei.co.jp/,35.663346400000016,139.699920500000000
訪問看護,渋谷区,13113,ナースステーション東京　渋谷　支店,株式会社日本在宅ケア教育研究所,営利法人,1361390014,東京都渋谷区神南１－４－２　神南ハイム２０２,03-6913-9331,2008-07-01,訪問看護ステーション,平日,,http://zaitakucare.co.jp/,35.665147441741226,139.700753837434400
訪問看護,渋谷区,13113,ＮＰＯいのち訪問看護ステーション,特定非営利活動法人いのち,非営利法人（NPO）,1361390022,東京都渋谷区西原１－４３－２,03-3466-3690,2009-10-01,訪問看護ステーション,平日・土曜日,43,http://www.npoinochi.org/kango/index.html,35.676064300000000,139.682996200000000
訪問看護,渋谷区,13113,訪問看護ステーション　スマイライフ　代々木上原,株式会社スマイライフ,営利法人,1361390121,東京都渋谷区西原２－４－５,03-5738-7827,2014-03-01,訪問看護ステーション,平日,70,http://smi-life.com,35.675059642025545,139.681006116384880
訪問看護,渋谷区,13113,訪問看護ステーション　ライム,株式会社来夢,営利法人,1361390154,東京都渋谷区恵比寿２－２２－１１,03-6447-7733,2015-03-01,訪問看護ステーション,平日,,http://nursecare-lime.com/,35.647804842915140,139.720251266253060
訪問看護,渋谷区,13113,さくらナースケアステーション,株式会社ケアポーター,営利法人,1361390162,東京都渋谷区広尾５－１９－７協和ビル４階,03-6433-5093,2015-05-01,訪問看護ステーション,平日,,http://www.sncare.jp/,35.649071896251800,139.720234032863740
訪問看護,渋谷区,13113,金内メディカル訪問看護・リハビリステーション笹塚,医療法人社団菱秀会,医療法人,1361390196,東京都渋谷区笹塚１－５６－１０総栄ビル８１０,03-6304-2440,2015-10-01,訪問看護ステーション,平日,80,,35.674310799999990,139.668022800000020
訪問看護,渋谷区,13113,スマイリーステーション,株式会社シニアアテンダント,営利法人,1361390212,東京都渋谷区円山町６－８松木家ビル７Ｆ,03-6416-5735,2016-10-01,訪問看護ステーション,,,,,
訪問看護,渋谷区,13113,コパン訪問看護ステーション,株式会社ギブン,営利法人,1361390220,東京都渋谷区東２－９－６エスコートノヴェル広尾２１０,03-5766-3557,2017-04-01,訪問看護ステーション,平日・土曜日・日曜日・祝日,,http://www.copan.given.co.jp,35.653747418783990,139.711558298811380
訪問看護,渋谷区,13113,メディキッズ訪問看護ステーション,株式会社メディキッズ,営利法人,1361390238,東京都渋谷区神宮前４－２３－１０ラルコバレーノ神宮前２０１,03-4405-2078,2019-04-01,訪問看護ステーション,,,,,
訪問看護,渋谷区,13113,ソフィアメディ訪問看護ステーション代官山,ソフィアメディ株式会社,営利法人,1361390246,東京都渋谷区鉢山町１４－３,03-5458-7223,2019-07-01,訪問看護ステーション,平日・土曜日・日曜日・祝日,,http://www.sophiamedi.co.jp/,35.650916609374610,139.697265889904770
訪問看護,渋谷区,13113,訪問看護ステーション　デューン渋谷,株式会社Ｎ・フィールド,営利法人,1361390279,東京都渋谷区幡ヶ谷１－７－４深津ビル２階２０１号室,03-6450-6316,2019-09-01,訪問看護ステーション,,,,,
訪問看護,渋谷区,13113,メディリス訪問看護ステーション,株式会社メディリス,営利法人,1361390287,東京都渋谷区道玄坂１－１７－５オリンピック渋谷ビル４階,03-6434-1433,2020-05-01,訪問看護ステーション,平日,80,https://mediliss.com,35.656936812574870,139.697386550293170
訪問看護,渋谷区,13113,初台リハケア訪問看護ステーション,リハケアマインド株式会社,営利法人,1361390295,東京都渋谷区本町２－２－１３Ｔハイム西新宿１０１,03-6300-0917,2021-03-01,訪問看護ステーション,平日,,http://reha-care.co.jp,35.684110400000000,139.685031300000000
訪問看護,渋谷区,13113,インホーム訪問看護ステーション,株式会社インホーム,営利法人,1361390303,東京都渋谷区千駄ヶ谷５－３０－１５,03-4400-1245,2021-07-01,訪問看護ステーション,平日・土曜日・祝日,,https://inhome.co.jp/,35.685861959354156,139.704170566988440
訪問看護,渋谷区,13113,ハートリード訪問看護ステーション,株式会社ハートリード,営利法人,1361390329,東京都渋谷区東２－５－３３エストヴィル丁子１０２,03-6277-1913,2022-02-01,訪問看護ステーション,平日・土曜日・日曜日・祝日,20,https://heart-read.com,35.653585900000000,139.709646400000000
訪問看護,渋谷区,13113,ウィル訪問看護ステーション渋谷,ｃａｎａｕ株式会社,営利法人,1361390337,東京都渋谷区初台１－３１－９初台三十一番館１０２,03-6383-4122,2022-03-01,訪問看護ステーション,平日・土曜日・日曜日・祝日,,https://wyl.co.jp/,35.678693800000000,139.683157100000000
訪問看護,渋谷区,13113,訪問看護ステーションささえ　初台事業所,株式会社ささえる,営利法人,1361390345,東京都渋谷区初台１－３１－９初台三十一番館２０３号室,05055268494,2023-01-01,訪問看護ステーション,,,,,
訪問看護,渋谷区,13113,ぜろひゃく東京訪問看護リハビリテーション,ＤａｖＲｕ株式会社,営利法人,1361390352,東京都渋谷区本町１－２０－２パルムハウス初台１３０９,03-6276-7977,2023-05-01,訪問看護ステーション,平日・土曜日・日曜日・祝日,,http://www.zero-hyaku.com,35.678531100000000,139.680090700000000
訪問看護,渋谷区,13113,かなりや訪問看護ステーション,株式会社セレッソ,営利法人,1361390360,東京都渋谷区神泉町９－１２カサ・デ・チェーロ５０１,03-6824-8463,2023-11-01,訪問看護ステーション,,,,,
訪問看護,渋谷区,13113,指定訪問看護ステーション　おうちケア,プライベート看護ラポールケア合同会社,営利法人,1361390378,東京都渋谷区上原３－３７－２サンホームズ代々木上原２０１号室,03-6407-8873,2024-01-01,訪問看護ステーション,平日,,,35.666385300000000,139.676761100000000
訪問看護,渋谷区,13113,Ｂｕｉｌｄ訪問看護ステーション,株式会社Ｂｕｉｌｄ,営利法人,1361390386,東京都渋谷区初台１－１２－７レスポワール初台１０１号室,03-6258-2690,2024-04-01,訪問看護ステーション,平日・土曜日・祝日,,https://www.build-houkan-st.com/,35.678282600000000,139.686580600000000
訪問看護,渋谷区,13113,ひまわり訪問看護ステーション,ラヴィベル合同会社,営利法人,1361390394,東京都渋谷区広尾５－２４－３　２Ｆ,03-6456-4473,2024-10-01,訪問看護ステーション,平日・土曜日・日曜日・祝日,,,35.648356100000000,139.719654500000000
訪問看護,渋谷区,13113,ハイメディック訪問看護ステーションすばる,株式会社ハイメディック,営利法人,1361390410,東京都渋谷区上原１－１７－１６カスタリア代々木上原Ｂ１０２号室,03-5738-3521,2024-11-01,訪問看護ステーション,平日・土曜日,,https://www.trustgarden.jp/nurse/,35.669231800000000,139.682933000000000
訪問看護,渋谷区,13113,訪問看護ステーション　プロテア,株式会社プロテア,営利法人,1361390428,東京都渋谷区恵比寿４－５－２３ルイシャトレ恵比寿６１０号,03-6721-9377,2025-05-01,訪問看護ステーション,平日,,http://protea.support,35.644857400000000,139.711980400000000
訪問看護,渋谷区,13113,訪問看護ステーションセラフィム,株式会社ＳＥＲＡＰＨＩＭ,営利法人,1361390436,東京都渋谷区本町１－７－１６初台ハイツ８０９号,03-6276-7758,2025-06-01,訪問看護ステーション,平日・土曜日・日曜日・祝日,,https://seraphim.tokyo/,35.680497399999990,139.684273200000000
訪問看護,渋谷区,13113,シロップ訪問看護ステーション,Ｃｏｇｎｉｆｏｒｔ株式会社,営利法人,1361390444,東京都渋谷区鉢山町５－１２－Ａ棟,03-6712-7987,2026-02-01,訪問看護ステーション,平日・土曜日・祝日,,,35.651847000000000,139.699684300000030
訪問看護,渋谷区,13113,おもて参道訪問看護ステーション,公益財団法人日本訪問看護財団,社団・財団,1367191976,東京都渋谷区神宮前５－８－２日本看護協会ビル５階,03-3486-4161,2000-04-01,訪問看護ステーション,平日,5,http://www.jvnf.or.jp,35.666921300000000,139.707925100000000
訪問看護,渋谷区,13113,パール訪問看護ステーション,社会福祉法人パール,社会福祉法人（社協以外）,1367196036,東京都渋谷区鉢山町３－２７,03-5458-4812,2001-06-01,訪問看護ステーション,平日・土曜日,,http://www.shibuya-pearl.or.jp/,35.652764387462560,139.698686926983700
訪問看護,中野区,13114,ケアプロ訪問看護ステーション東京,ケアプロ在宅医療株式会社,営利法人,1361390048,東京都中野区中央４－２５－１４中央ハウスＡ２,03-6696-9789,2012-03-01,訪問看護ステーション,平日・土曜日・日曜日・祝日,250,https://carepro-hmc.co.jp/,35.700768799999985,139.667954900000040
訪問看護,中野区,13114,訪問看護ステーション　ホームケア中野,株式会社ミレニア,営利法人,1361490012,東京都中野区東中野１－５９－６信菱ビル５階,03-5337-7012,2009-07-01,訪問看護ステーション,平日・土曜日・日曜日・祝日,,https://www.millennia-corporation.jp/houmon/index.html,35.704652100000040,139.682834400000020
訪問看護,中野区,13114,つくし訪問看護ステーション,株式会社ハートフルナーシング,営利法人,1361490020,東京都中野区白鷺２－１－２３ＺＯＵマンション２０２,03-3330-0425,2010-04-01,訪問看護ステーション,平日,,http://hn-tukushi.com,35.716776543517675,139.635902576582340
訪問看護,中野区,13114,なごみ訪問看護ステーション,株式会社なごみ訪問看護ステーション,営利法人,1361490053,東京都中野区中野３－４７－１４シグマイーストビル,03-6383-3189,2012-08-01,訪問看護ステーション,平日・土曜日,35,https://nagomizaitaku.jp,35.709935444187630,139.658086609787000
訪問看護,中野区,13114,訪問看護ステーション　江古田の森,社会福祉法人南東北福祉事業団,社会福祉法人（社協以外）,1361490079,東京都中野区江古田３－１４－１９,03-5318-3701,2014-02-01,訪問看護ステーション,平日・土曜日,,http://www.kaigo-egota.com/,35.729731706237430,139.665617127647500
訪問看護,中野区,13114,あけぼの訪問看護ステーション,ケアゲート株式会社,営利法人,1361490095,東京都中野区新井２－６－５ＤＳＫ情報センタービル１階,03-5942-8990,2014-09-01,訪問看護ステーション,平日・土曜日・日曜日・祝日,70,http://www.caregate.co.jp/,35.711457332812860,139.664786071025080
訪問看護,中野区,13114,ユースタイルケア　中野　訪問看護,ユースタイルラボラトリー株式会社,営利法人,1361490137,東京都中野区東中野３－１４－１グリーンビル８Ｆ,07065287652,2015-07-01,訪問看護ステーション,平日・土曜日・日曜日・祝日,20,http://eustylelab.co.jp/,35.696843899999980,139.684820000000000
訪問看護,中野区,13114,訪問看護ステーション　リライブ,株式会社ＲｅＬｉｖｅ,営利法人,1361490152,東京都中野区東中野４－２３－３サングロウ１００号,03-6279-3696,2016-06-01,訪問看護ステーション,平日,100,http://relive-st.com/,35.709363723618780,139.687200903041100
訪問看護,中野区,13114,訪問看護ステーション　ホームケア都立家政,株式会社ミレニア,営利法人,1361490178,東京都中野区若宮３－４０－１４,03-5356-6755,2016-07-01,訪問看護ステーション,平日・土曜日・日曜日・祝日,,https://www.millennia-corporation.jp/houmon/index.html,35.719766500000000,139.645583699999970
訪問看護,中野区,13114,ひよこ訪問看護ステーション,特定非営利活動法人なかの里を紡ぐ会,非営利法人（NPO）,1361490210,東京都中野区松が丘２－３－５－２０１,03-5913-3890,2017-12-01,訪問看護ステーション,平日・土曜日,,http://www.nakano-sato.org,35.718745062357870,139.669274078302300
訪問看護,中野区,13114,リニエ訪問看護ステーション中野,株式会社リニエＲ,営利法人,1361490228,東京都中野区東中野３－１６－１４小谷ビル３０１,03-6908-9567,2018-01-01,訪問看護ステーション,平日,,https://linie-group.jp/,35.709312242195395,139.681341292625000
訪問看護,中野区,13114,ケアサポート　ＭＡＮＡ,株式会社コンディショニングサポートＭＡＮＡ,営利法人,1361490244,東京都中野区本町６－３５－１５－１０１,03-6382-8142,2018-08-01,訪問看護ステーション,平日・土曜日・日曜日・祝日,8,https://mana-support.com,35.697295667160640,139.662670406045550
訪問看護,中野区,13114,ほっとナビ訪問看護ステーション　中野事業所,株式会社ほっとナビ,営利法人,1361490251,東京都中野区鷺宮３－１５－１９ラタン・サギノミヤⅡ　１階,03-5327-8785,2019-03-01,訪問看護ステーション,,,,,
訪問看護,中野区,13114,医療法人社団泉樹会　訪問看護・リハビリステーションだるま,医療法人社団泉樹会,医療法人,1361490269,東京都中野区鷺宮３－３－６シュプール１階１Ａ,03-5942-5615,2019-08-01,訪問看護ステーション,平日・祝日,,http://www.hc-nakano.com/,35.723067300000000,139.642618799999980
訪問看護,中野区,13114,ソフィアメディ訪問看護ステーション中野新橋,ソフィアメディ株式会社,営利法人,1361490277,東京都中野区本町４－８－１,03-6382-4300,2019-12-01,訪問看護ステーション,平日・土曜日・日曜日・祝日,220,,35.695027700000000,139.673406800000070
訪問看護,中野区,13114,ソフィアメディ訪問看護ステーション野方,ソフィアメディ株式会社,営利法人,1361490285,東京都中野区野方５－３０－２０三宅ビル２階,03-6383-0215,2020-02-01,訪問看護ステーション,平日・土曜日・日曜日・祝日,,https://www.sophiamedi.co.jp/,35.719163199999990,139.652333300000000
訪問看護,中野区,13114,ソレイユ訪問看護ステーション中野,株式会社ナースサポート．アリス,営利法人,1361490301,東京都中野区丸山２－５－１６内山ビル1階,03-5942-5675,2021-02-01,訪問看護ステーション,,,,,
訪問看護,中野区,13114,まるこ訪問看護ステーション,有限会社エポックケアソリューション,営利法人,1361490319,東京都中野区若宮２－３４－１９テラスハウスＢ,03-6383-0823,2021-08-01,訪問看護ステーション,平日・土曜日・祝日,,https://maruco-hvst.jp,35.718388200000000,139.643316200000000
訪問看護,中野区,13114,ひなた訪問看護ステーション中野,株式会社ナースホーム,営利法人,1361490343,東京都中野区南台５－２３－１３アイル方南町５０２,03-6382-6979,2022-07-01,訪問看護ステーション,平日・土曜日・日曜日・祝日,100,,35.683153700000000,139.662562200000000
訪問看護,中野区,13114,さくら訪問看護ステーション,株式会社さくらメディカルサポート,営利法人,1361490350,東京都中野区沼袋２－２０－１２ファーストメゾン沼袋２０２号室,03-5942-8981,2022-08-01,訪問看護ステーション,平日,,https://sakura-nurse.net,35.723801185389150,139.665982666270450
訪問看護,中野区,13114,訪問看護ステーション　はな　中野,株式会社はな,営利法人,1361490384,東京都中野区東中野３－６－１４鈴木ビル２階,03-6820-2378,2022-10-01,訪問看護ステーション,平日・土曜日・日曜日・祝日,,https://hana-gr.com/index.html,35.708328700000010,139.681715600000000
訪問看護,中野区,13114,サルスケア訪問看護リハビリステーション,株式会社むさしメディカルケア,営利法人,1361490392,東京都中野区中野５－３－３３ＫＩマンション２０１号室,03-5942-6328,2023-04-01,訪問看護ステーション,平日・土曜日・日曜日・祝日,140,http://salus-care-houmon.com,35.707944700000000,139.672454800000000
訪問看護,中野区,13114,カリス訪問看護ステーション,株式会社フィトン,営利法人,1361490418,東京都中野区中野２－２９－１５サンハイツ中野８０８,03-5340-7188,2023-10-01,訪問看護ステーション,平日・土曜日・日曜日・祝日,20,https://charis-houkan.co.jp/,35.703679500000000,139.665816700000000
訪問看護,中野区,13114,Ｌｅａケア訪問看護ステーション,株式会社Ｌｅａケア,営利法人,1361490434,東京都中野区南台１－３－８第８新栄ビル１０１,03-5309-2991,2024-06-01,訪問看護ステーション,平日,,http://hp.kaipoke.biz/98g/,35.686884600000000,139.676236800000030
訪問看護,中野区,13114,ＣＲＡＹＯＮＺ　プライベート看護,株式会社ＣＲＡＹＯＮＺ,営利法人,1361490442,東京都中野区上鷺宮４－１７－６ハイツ小河３０１,08008081083,2024-06-01,訪問看護ステーション,平日・土曜日・日曜日・祝日,,https://homelux.crayonz.jp/,35.734959400000010,139.629416200000000
訪問看護,中野区,13114,ワンストップ訪問看護ステーション中野南台,株式会社ワンストップ,営利法人,1361490459,東京都中野区南台２－１７－１０－１階,03-6382-5336,2025-04-01,訪問看護ステーション,平日・祝日,,,35.682941200000000,139.671197500000000
訪問看護,中野区,13114,ルピナス訪問看護ステーション中野,株式会社オーシャン,営利法人,1361490467,東京都中野区本町５－１０－１丸共第三ハイツ　１Ｆ,03-6454-1425,2025-09-01,訪問看護ステーション,平日・土曜日・日曜日・祝日,,https://lupinus-nursing.com/company/nakano/,35.702643300000005,139.989656800000000
訪問看護,中野区,13114,サンウェルズ中野白鷺訪問看護ステーション,株式会社サンウェルズ,営利法人,1361490475,東京都中野区白鷺２－１４－１２,03-3310-1253,2026-02-01,訪問看護ステーション,平日・土曜日・日曜日・祝日,,https://sunwels.jp/pdh/facility/pdhouse-nakanoshirasagi/,35.718136000000000,139.631691100000000
訪問看護,中野区,13114,医心館　訪問看護ステーション　鷺ノ宮,株式会社アンビス,営利法人,1361490483,東京都中野区鷺宮３－１４－９,03-6383-0352,2026-05-01,訪問看護ステーション,,,,,
訪問看護,中野区,13114,中野区医師会訪問看護ステーション,一般社団法人中野区医師会,社団・財団,1367191299,東京都中野区中野２－２７－１７,03-3384-1480,2000-04-01,訪問看護ステーション,平日,5,http://www.nakano-med.or.jp/,35.703837800000000,139.666193700000000
訪問看護,中野区,13114,社会医療法人社団　健友会　上高田訪問看護ステーション,社会医療法人社団健友会,医療法人,1367191349,東京都中野区上高田１－５０－７大川ビル１Ｆ,03-5380-4165,2000-04-01,訪問看護ステーション,平日・土曜日,,http://www.kenyu-kai.or.jp,35.712306600000000,139.674020599999950
訪問看護,中野区,13114,中野北ベタニア訪問看護ステーション,社会福祉法人慈生会,社会福祉法人（社協以外）,1367191992,東京都中野区江古田３－１５－２,03-3387-0221,2000-04-01,訪問看護ステーション,平日・土曜日,,https://jiseikai.jp/nakano/visit-nursing-st,35.728705262666324,139.663751861936560
訪問看護,中野区,13114,新渡戸記念訪問看護ステーション,東京医療生活協同組合,生協,1367192149,東京都中野区中野２－２１－１７東京医療別館３階,03-3382-8611,2000-04-01,訪問看護ステーション,平日・土曜日,,http://www.nakanosogo.or.jp/outline/facilities/visitnursing.html,35.703446200000000,139.667440899999970
訪問看護,中野区,13114,あすなろ訪問看護ステーション鷺宮,株式会社エムイーネット,営利法人,1367197064,東京都中野区鷺宮３－１８－５ＩＮビル２階,03-3223-1900,2003-10-01,訪問看護ステーション,平日,55,https://asunaro-st.com,35.723084255092544,139.638760920237700
訪問看護,中野区,13114,さわやかケア中野・訪問看護,ウエルシアパートナーズ株式会社,営利法人,1367198393,東京都中野区中央１－１－３　新都心中央ビル１階,03-5348-6216,2006-04-01,訪問看護ステーション,平日,,,35.696814300000000,139.686676100000000
訪問看護,杉並区,13115,訪問看護ステーション　ｃｏ－ｃｏ－ｒｏ,一般社団法人産前産後ケア推進協会,社団・財団,1361390261,東京都杉並区上荻３－２６－１４ドミトリー上荻Ⅱ２０２,03-6913-6778,2019-08-01,訪問看護ステーション,,,,,
訪問看護,杉並区,13115,ローズ訪問看護ステーション,株式会社ライフサイクロペディア,営利法人,1361590027,東京都杉並区高円寺南２－４６－１６第８シュヴェルニー１０１号室,03-3313-2014,2007-08-01,訪問看護ステーション,平日・祝日,380,http://rose.lifecyclopedia.jp,35.701198623234774,139.649374624586840
訪問看護,杉並区,13115,訪問看護ステーション　ＨＵＧ　はぐ,ケアプロ在宅医療株式会社,営利法人,1361590043,東京都杉並区高円寺南４－４５－４高円寺南サマリアマンション７０４,03-5307-8989,2007-10-01,訪問看護ステーション,,,,,
訪問看護,杉並区,13115,あおい訪問看護ステーション,合同会社Ｙ＆Ｕケア芙蓉会,営利法人,1361590100,東京都杉並区高井戸東３－１７－１８,03-6795-8144,2010-04-01,訪問看護ステーション,平日・土曜日,,http://aoi-yandu.co.jp,35.684626967246390,139.621360139033600
訪問看護,杉並区,13115,笑生訪問看護ステーション,株式会社テラ,営利法人,1361590118,東京都杉並区西荻南３－７－２,03-5344-9838,2010-06-01,訪問看護ステーション,平日,,https://shosei-tera.co.jp/,35.702108168896110,139.601133376721240
訪問看護,杉並区,13115,セコム訪問看護ステーションくがやま,セコム医療システム株式会社,営利法人,1361590159,東京都杉並区久我山３－１－３０,03-5336-7722,2011-06-01,訪問看護ステーション,平日,,,35.684277400000000,139.598216800000040
訪問看護,杉並区,13115,りんご訪問看護ステーション,株式会社シナプス,営利法人,1361590167,東京都杉並区今川２－２４－１カリフール今川１号棟１０４,03-6454-7990,2011-10-01,訪問看護ステーション,平日,,https://www.ringo-synapse.com,35.718667706031760,139.610384980426030
訪問看護,杉並区,13115,ケィズリハビリ訪問看護ステーション,株式会社ケィズコネクションズ,営利法人,1361590217,東京都杉並区上荻１－１８－１６亀屋酒販第１ビル５０１号,03-5335-9702,2013-05-01,訪問看護ステーション,平日・土曜日・日曜日・祝日,200,https://www.ks-reha.com,35.705979799556330,139.618294936245770
訪問看護,杉並区,13115,ガイア訪問看護ステーション　荻窪,株式会社ガイアメディケア,営利法人,1361590258,東京都杉並区荻窪４－３１－１１アクアレール２０１,03-6276-9171,2015-01-01,訪問看護ステーション,平日,,http://www.gaia-medicare.jp/,35.704285073604970,139.622961981974300
訪問看護,杉並区,13115,メディケアーズ訪問看護リハビリステーション高井戸,株式会社ＨＰＭ,営利法人,1361590266,東京都杉並区高井戸西２－１０－７新川ビル２Ｆ－２,03-5344-9700,2015-02-01,訪問看護ステーション,平日,,http://www.hpm86.com/,35.685136121733590,139.608225536719830
訪問看護,杉並区,13115,訪問看護ステーションみのり,トキノ株式会社,営利法人,1361590282,東京都杉並区上荻１－２４－１２第１浅賀ビル　２階Ｃ号室,03-6915-1524,2015-04-01,訪問看護ステーション,,,,,
訪問看護,杉並区,13115,プライム訪問看護リハビリステーション,日本総合福祉会株式会社,営利法人,1361590290,東京都杉並区荻窪５－１１－２２榎本ビル４Ｆ,03-5335-9873,2015-05-01,訪問看護ステーション,平日,,http://nsf.co.jp/,35.702215300000000,139.617470100000000
訪問看護,杉並区,13115,エフリオ訪問看護ステーション,エフリオ株式会社,営利法人,1361590316,東京都杉並区阿佐谷北２－１４－５大阪やビル１階,03-5356-1266,2015-08-01,訪問看護ステーション,平日・土曜日,,http://f-reo.jp,35.706098694885410,139.636277593477530
訪問看護,杉並区,13115,リハラボ訪問看護リハビリステーション,株式会社ＲｅｈａＬａｂｏＪａｐａｎ,営利法人,1361590357,東京都杉並区和田３－３１－１５パイロットハウス１０１,03-5913-7286,2016-01-01,訪問看護ステーション,平日・土曜日・祝日,350,https://www.rehalabo.co.jp,35.695087200000000,139.655132900000000
訪問看護,杉並区,13115,スギコー訪問看護ステーション,スギコー株式会社,営利法人,1361590407,東京都杉並区高井戸東３－１８－７杉交第２ビル２０１・２０２,03-3247-7500,2016-10-01,訪問看護ステーション,平日・祝日,,https://sugiko-welfare.com/,35.685597500000000,139.621595200000000
訪問看護,杉並区,13115,ののはな訪問看護ステーション,株式会社ＪＯＹ,営利法人,1361590415,東京都杉並区上井草４－２４－３,03-6913-8743,2016-10-01,訪問看護ステーション,平日,,https://www.nonohanahoukan.com,35.721278096194050,139.597854228836040
訪問看護,杉並区,13115,ナーシングケア　いおり,株式会社Ｓｋｙｈｏｏｋ,営利法人,1361590423,東京都杉並区堀ノ内２－３９－１８,03-6383-2901,2017-04-01,訪問看護ステーション,平日,,http://nc-iori.com,35.690075200000000,139.649348400000000
訪問看護,杉並区,13115,トータルライフケア新中野訪問看護ステーション,株式会社トータルライフケア,営利法人,1361590456,東京都杉並区和田１－２９－１１,03-6382-4951,2017-10-01,訪問看護ステーション,平日・土曜日・祝日,355,https://www.ikiikitlc.co.jp/,35.692173355655510,139.665532946627080
訪問看護,杉並区,13115,訪問看護ステーション　ユアネーム,社会福祉法人呉ハレルヤ会,社会福祉法人（社協以外）,1361590464,東京都杉並区荻窪３－４１－１９,03-6915-1347,2017-10-01,訪問看護ステーション,平日,,https://yournameog.web.fc2.com/,35.701097656295690,139.626983706745900
訪問看護,杉並区,13115,オラロア訪問看護リハビリステーション新高円寺,やすらぎ株式会社,営利法人,1361590498,東京都杉並区梅里１－７－１７Ｋ＆Ⅱビル４０１,03-5913-9554,2018-04-01,訪問看護ステーション,平日,95,http://yasuragi-0703.co.jp/,35.697671353564170,139.649277501656370
訪問看護,杉並区,13115,フローラル訪問看護ステーション,一般社団法人Ｇｅｎｙ,社団・財団,1361590514,東京都杉並区上高井戸１－１－１０カメリアガーデン３０３,03-5316-1505,2018-08-01,訪問看護ステーション,平日・祝日,,https://www.is-geny.com/,35.669529300000000,139.615790699999930
訪問看護,杉並区,13115,訪問看護ステーション　デューン高円寺,株式会社Ｎ・フィールド,営利法人,1361590522,東京都杉並区高円寺南４－４０－１７モンコトー２階,03-5929-7601,2018-10-01,訪問看護ステーション,平日・土曜日・祝日,130,,35.705226200000000,139.652441800000020
訪問看護,杉並区,13115,ソフィアメディ訪問看護ステーション阿佐ヶ谷,ソフィアメディ株式会社,営利法人,1361590530,東京都杉並区成田東５－４０－１０ソレイユビル３Ｆ,03-6276-9324,2019-02-01,訪問看護ステーション,平日・土曜日・日曜日・祝日,,https://www.sophiamedi.co.jp/,35.699533000000000,139.634861699999960
訪問看護,杉並区,13115,いたる訪問看護ステーション,社会福祉法人いたるセンター,社会福祉法人（社協以外）,1361590548,東京都杉並区上荻１－１２－１荻窪ビル３階Ｃ号室,03-6279-9350,2019-07-01,訪問看護ステーション,平日・土曜日・祝日,100,http://www.itarucenter.com,35.704776263996926,139.617291980308440
訪問看護,杉並区,13115,ソフィアメディ訪問看護ステーション永福,ソフィアメディ株式会社,営利法人,1361590563,東京都杉並区永福４－６－１３アメニティコート４７０　２階,03-6265-8604,2019-09-01,訪問看護ステーション,平日・土曜日・日曜日・祝日,,https://www.sophiamedi.co.jp/,35.677750900000010,139.642521300000000
訪問看護,杉並区,13115,ソフィアメディ訪問看護ステーション西荻窪,ソフィアメディ株式会社,営利法人,1361590571,東京都杉並区松庵２－１３－３３ＶＩＬＬＡ ＭＡＲＲＯＮＮＩＥＲＥ １Ｆ,03-5941-7512,2019-10-01,訪問看護ステーション,平日・土曜日・日曜日・祝日,,http://www.sophiamedi.co.jp/,35.697758573124410,139.595453408598400
訪問看護,杉並区,13115,ぱんだ訪問看護リハビリステーション,株式会社ＰＡＮＤＡ,営利法人,1361590589,東京都杉並区西荻北２－１－３シャトルマンション１０２,03-6913-6124,2019-11-01,訪問看護ステーション,平日・土曜日・祝日,,https://nr.panda-gr.com/,35.704080600000000,139.603488800000040
訪問看護,杉並区,13115,ソフィアメディ訪問看護ステーション下井草,ソフィアメディ株式会社,営利法人,1361590605,東京都杉並区下井草２－１９－１９,03-6913-8790,2020-02-01,訪問看護ステーション,平日・土曜日・日曜日・祝日,,http://www.sophiamedi.co.jp/,35.720442400000000,139.630614900000000
訪問看護,杉並区,13115,ウォームハート訪問看護ステーション,株式会社クールヘッド,営利法人,1361590647,東京都杉並区上井草３－１７－２４,03-6913-5161,2020-05-01,訪問看護ステーション,平日・祝日,,http://www.coolhead.co.jp,35.720834899999986,139.605300200000020
訪問看護,杉並区,13115,ホウカンＴＯＫＹＯ,ハノン・ケアシステム株式会社,営利法人,1361590654,東京都杉並区和田３－３２－９,03-5913-7299,2020-08-01,訪問看護ステーション,平日,150,https://hokantokyo.jp/station/,35.695950300000000,139.655774900000000
訪問看護,杉並区,13115,野いちご訪問看護ステーション,株式会社喜咲,営利法人,1361590662,東京都杉並区下井草３－８－５,03-6913-8590,2020-09-01,訪問看護ステーション,平日・祝日,,https://www.kisaku2020.co.jp,35.717967710747760,139.622811626983630
訪問看護,杉並区,13115,訪問看護ステーション　デライト杉並,株式会社Ｈ＆Ｈホールディングス,営利法人,1361590688,東京都杉並区西荻北２－３－９トラストビル２階,03-6454-7528,2020-11-01,訪問看護ステーション,,,,,
訪問看護,杉並区,13115,ＣＢ訪問看護リハビリステーション井荻,株式会社Ｍｏｎｓｏｏｋ,営利法人,1361590696,東京都杉並区井草４－８－１４,03-6822-7257,2021-01-01,訪問看護ステーション,平日,,https://cb-houmonkango.com/,35.726381800000020,139.611290300000040
訪問看護,杉並区,13115,アート訪問看護センター,一般社団法人カインドネス,社団・財団,1361590720,東京都杉並区梅里１－２１－８,03-5929-9497,2021-05-01,訪問看護ステーション,平日・土曜日・日曜日・祝日,,https://kindness-art.jp,35.697571625267720,139.652794317791000
訪問看護,杉並区,13115,ＰＩＥＣＥ訪問看護ステーション,株式会社ＰＩＥＣＥ,営利法人,1361590761,東京都杉並区方南１－１３－８,03-6304-3398,2022-04-01,訪問看護ステーション,平日・土曜日・日曜日・祝日,,https://piece-houkan.jp/,35.676223215467644,139.662028704938540
訪問看護,杉並区,13115,訪問看護ステーション　はな　荻窪,株式会社はな,営利法人,1361590787,東京都杉並区荻窪４－１１－１６ドミシール荻窪１０１,03-6823-4666,2022-08-01,訪問看護ステーション,平日・土曜日,,https://hana-gr.com,35.701393399999990,139.619913099999960
訪問看護,杉並区,13115,セントケアＤＸ訪問看護ステーション高円寺,セントケアＤＸ株式会社,営利法人,1361590803,東京都杉並区高円寺北４－３２－４カーサベルテ３０１号,03-4431-3214,2022-11-01,訪問看護ステーション,平日・土曜日・日曜日・祝日,,https://www.saint-care.com/dx/,35.708975076046610,139.645437288486160
訪問看護,杉並区,13115,Ｎａｎａ訪問看護ステーション下井草,日本訪問看護株式会社,営利法人,1361590829,東京都杉並区下井草１－２７－３トリコロール３号室,03-6826-9460,2023-03-01,訪問看護ステーション,平日・土曜日・日曜日,100,https://nana-station.com/,35.717286899999976,139.631959699999980
訪問看護,杉並区,13115,ツクイ杉並訪問看護ステーション,株式会社ツクイ,営利法人,1361590837,東京都杉並区阿佐谷北１－４３－１３ＡＩビル３階,03-5373-7330,2023-03-01,訪問看護ステーション,平日・土曜日・日曜日・祝日,,,35.709473500000000,139.635366400000000
訪問看護,杉並区,13115,グラン訪問看護ＴＯＫＹＯ,株式会社グラン訪問看護ＴＯＫＹＯ,営利法人,1361590845,東京都杉並区上井草１－２２－１７浅賀マンション２１０号室,03-6915-0330,2023-04-01,訪問看護ステーション,平日・土曜日・日曜日・祝日,60,https://grandtokyo.wixsite.com/houmonnstation,35.723251100000000,139.613355500000000
訪問看護,杉並区,13115,セントケアＤＸ訪問看護ステーション堀ノ内,セントケアＤＸ株式会社,営利法人,1361590852,東京都杉並区堀ノ内１－１０－２堀ノ内ＧＡＬＡＸＹ　4Ａ,03-4431-3211,2023-04-01,訪問看護ステーション,平日・土曜日・日曜日・祝日,,https://www.saint-care.com/dx/,35.682727173950250,139.651092473541270
訪問看護,杉並区,13115,トータルライフケア杉並訪問看護ステーション,株式会社トータルライフケア,営利法人,1361590860,東京都杉並区清水３－３１－１０ｙａｓｈｉｍａビル２Ｆ,03-6454-7280,2023-07-01,訪問看護ステーション,平日・土曜日・祝日,159,https://www.ikiikitlc.co.jp/,35.718821468042500,139.614339038623060
訪問看護,杉並区,13115,医心館　訪問看護ステーション　西荻窪,株式会社アンビス,営利法人,1361590894,東京都杉並区松庵３－２４－１８,03-5941-6136,2024-03-01,訪問看護ステーション,平日・土曜日・日曜日・祝日,,,35.702997500000000,139.596360000000000
訪問看護,杉並区,13115,医心館　訪問看護ステーション　西永福,株式会社アンビス,営利法人,1361590902,東京都杉並区永福３－２１－１３,03-6265-7805,2024-03-01,訪問看護ステーション,平日・土曜日・日曜日・祝日,,,35.675973000000000,139.634948000000000
訪問看護,杉並区,13115,ぴゅあ訪問看護リハビリステーション高円寺,株式会社ｈａｌｋａ,営利法人,1361590928,東京都杉並区高円寺南４－２７－７ラインビルド高円寺・林４０３号室,03-5913-8435,2024-05-01,訪問看護ステーション,平日・土曜日・日曜日・祝日,,https://halka-pure.com/,35.704426700000000,139.649872199999980
訪問看護,杉並区,13115,訪問看護ファミリー・ホスピス００２,ファミリー・ホスピス株式会社,営利法人,1361590936,東京都杉並区松庵２－１５－１２,03-3334-0550,2024-06-01,訪問看護ステーション,平日・土曜日・日曜日・祝日,,,35.697898100000000,139.594701100000000
訪問看護,杉並区,13115,杉並ふくろう訪問看護リハビリステーション,株式会社Ｋ＆Ｎ－ＮＥＸＴ,営利法人,1361590951,東京都杉並区和泉３－４１－６,03-6379-3691,2024-09-01,訪問看護ステーション,平日・土曜日・日曜日・祝日,,http://fukurou-houmon.net,35.681265300000000,139.643664900000000
訪問看護,杉並区,13115,ソラーナ訪問看護ステーション,株式会社ＳｏｌａｎａＭｅｄｉｃｓ,営利法人,1361590985,東京都杉並区下井草４－３２－１７第二陵雲閣３０４号室,08065795645,2025-02-01,訪問看護ステーション,平日・土曜日・祝日,,https://www.solanamedics.com/,35.723753099999996,139.621083299999980
訪問看護,杉並区,13115,訪問看護ステーション　コルディアーレ杉並,株式会社ＪＳＨ,営利法人,1361590993,東京都杉並区方南１－５３－９髙見澤貸事務所１階,03-5929-8960,2025-04-01,訪問看護ステーション,平日・土曜日・祝日,,,35.682292800000006,139.658013300000000
訪問看護,杉並区,13115,ハートリハ訪問看護ステーション久我山,株式会社ハートリハ,営利法人,1361591009,東京都杉並区久我山２－１６－１９メゾンドフローラ１０３,03-5941-6550,2025-04-01,訪問看護ステーション,平日,,https://heart-reha.co.jp/,35.686644200000000,139.599986800000000
訪問看護,杉並区,13115,ゆり訪問看護ステーション,株式会社ジョイ,営利法人,1361591017,東京都杉並区上井草３－１９－１８フォルム上井草２０７,03-5303-9290,2025-08-01,訪問看護ステーション,平日,,,35.722210800000010,139.603896400000000
訪問看護,杉並区,13115,訪問看護ステーション　ドルチェ,医療法人社団ラルゴ,医療法人,1361591041,東京都杉並区和泉１－３－１ＢＳビル２階,03-5726-9517,2026-03-01,訪問看護ステーション,平日,,https://houkan-dolce.com/,35.672293599999990,139.658571600000000
訪問看護,杉並区,13115,訪問看護ステーション悠楽々東京,株式会社ワイグッドナーシング,営利法人,1361591058,東京都杉並区久我山４－２－２５ミモザビル２Ｆ,03-5941-6315,2026-05-01,訪問看護ステーション,,,,,
訪問看護,杉並区,13115,河北訪問看護・リハビリステーション阿佐谷,社会医療法人河北医療財団,医療法人,1367191232,東京都杉並区阿佐谷南１－１６－８ＩＳＭ　ＡＳＡＧＡＹＡ６階,03-5913-7977,2000-04-01,訪問看護ステーション,平日・土曜日,,https://kawakita.or.jp/suginami-area/station/,35.700597630755176,139.635918381725730
訪問看護,杉並区,13115,医療法人社団　野﨑クリニック　野﨑クリニック訪問看護ステーション,医療法人社団野﨑クリニック,医療法人,1367191794,東京都杉並区阿佐谷南３－３７－１３大同ビル２階,03-3398-3330,2000-04-01,訪問看護ステーション,平日・土曜日,10,http://www.nozaki-clinic.or.jp,35.704565200000000,139.635671099999970
訪問看護,杉並区,13115,社会医療法人社団　健友会　西荻南訪問看護ステーション,社会医療法人社団健友会,医療法人,1367192693,東京都杉並区西荻南４－２－７西荻窪診療所２階,03-3333-6584,2000-04-01,訪問看護ステーション,平日・土曜日,,http://www.kenyu-kai.or.jp/,35.699544318767224,139.604748603759960
訪問看護,杉並区,13115,荻窪病院訪問看護ステーション,医療法人財団荻窪病院,医療法人,1367193337,東京都杉並区今川２－５－７サニーヒルズ荻窪３０１号,03-5310-3162,2000-04-01,訪問看護ステーション,平日,110,https://houkan.ogikubo-hospital.or.jp/,35.715107900000040,139.608039999999960
訪問看護,杉並区,13115,杉並区医師会訪問看護ステーション,一般社団法人杉並区医師会,社団・財団,1367193600,東京都杉並区天沼３－１９－１４フェニックス杉並１Ｆ,03-3391-0009,2000-04-01,訪問看護ステーション,平日,,http://www.sgn.tokyo.med.or.jp,35.710183985880560,139.620512907409680
訪問看護,杉並区,13115,訪問看護ステーション　ほたるすぎなみ,株式会社ジェネラス,営利法人,1367197403,東京都杉並区上井草１－２２－１７－１０７,03-5311-6577,2004-08-01,訪問看護ステーション,平日,,http://www.generous.co.jp,35.723243892568570,139.613387652320970
訪問看護,杉並区,13115,越川病院訪問看護ステーション,医療法人社団杏順会,医療法人,1367197916,東京都杉並区上井草４－５－２７　２階,03-3301-7700,2005-07-01,訪問看護ステーション,平日,,http://www.koshikawa-hosp.or.jp,35.717501955067450,139.595820880117800
訪問看護,豊島区,13116,訪問看護ステーション　ホームケア池袋,株式会社ミレニア,営利法人,1361690033,東京都豊島区東池袋２－７－４Ｋ・Ｂ東池袋４階,03-5928-0244,2012-12-01,訪問看護ステーション,平日・土曜日・日曜日・祝日,,http://www.millennia-corporation.jp,35.730878700000000,139.722379199999980
訪問看護,豊島区,13116,ナースステーション東京　池袋支店,株式会社日本在宅ケア教育研究所,営利法人,1361690041,東京都豊島区千早１－２２－２ラヴィータ要町１０１,03-5926-9415,2013-03-01,訪問看護ステーション,平日,,http://www.zaitakucare.co.jp,35.732358913682220,139.697554065606700
訪問看護,豊島区,13116,メディカルライナーズ訪問看護ステーション,メディカルライナーズ有限会社,営利法人,1361690074,東京都豊島区東池袋５－４１－１８パーシモン１Ｆ,03-6912-6752,2013-07-01,訪問看護ステーション,平日・土曜日・日曜日・祝日,20,http://www.m-houkan.com/,35.727426299999980,139.725806899999950
訪問看護,豊島区,13116,訪問看護ステーション　こころ千川,アイリスフレール株式会社,営利法人,1361690108,東京都豊島区千早１－２８－１３,03-6909-5062,2014-03-01,訪問看護ステーション,平日・土曜日・日曜日・祝日,10,https://irisfrere.co.jp/,35.732949300000016,139.695545499999980
訪問看護,豊島区,13116,葵の空在宅看護センター,一般社団法人葵の空,社団・財団,1361690132,東京都豊島区要町２－１２－９ツカサビル１階,03-6905-9582,2015-08-01,訪問看護ステーション,平日・土曜日・日曜日・祝日,,https://www.aoinosora.jp/,35.736002550390750,139.691616285596980
訪問看護,豊島区,13116,健遊館　訪問看護ステーション,株式会社健遊館,営利法人,1361690140,東京都豊島区池袋本町３－１７－２,03-5962-0877,2015-09-01,訪問看護ステーション,,,,,
訪問看護,豊島区,13116,東池袋訪問看護リハビリステーション,霜鳥恒産株式会社,営利法人,1361690165,東京都豊島区東池袋１－４４－８パークサイドビル５Ｅ,03-5904-8099,2016-04-01,訪問看護ステーション,平日・土曜日・日曜日・祝日,60,http://www.houmon-kango.tokyo,35.733408600000000,139.713946599999980
訪問看護,豊島区,13116,訪問看護リハビリステーションＳＯＲＡ,おおぞらの株式会社,営利法人,1361690173,東京都豊島区千早３－２４－３,03-6905-8960,2016-12-01,訪問看護ステーション,平日,,https://sora-ozn.co.jp,35.733722406956170,139.685981102563460
訪問看護,豊島区,13116,訪問看護ステーション　ウィリング,株式会社Ｗｉｌｌｉｎｇ,営利法人,1361690181,東京都豊島区巣鴨１－２９－１１図南社ビル２階,03-6902-9565,2018-05-01,訪問看護ステーション,平日,,https://gnilliw.co.jp,35.732137000000000,139.737753300000000
訪問看護,豊島区,13116,セントケア訪問看護ステーション池袋,セントケア東京株式会社,営利法人,1361690207,東京都豊島区池袋２－３５－１２井戸ビル１階,03-5911-5520,2018-10-01,訪問看護ステーション,平日・祝日,10,http://saintcare-tokyo.com,35.733491599999990,139.707274999999980
訪問看護,豊島区,13116,訪問看護ステーション　はな　池袋,株式会社はな,営利法人,1361690215,東京都豊島区東池袋２－２１－６朝日プラザ東池袋１０１,03-6822-6708,2019-03-01,訪問看護ステーション,平日・土曜日,,http://www.hana-kango.com/about_us/index.html,35.730576235344340,139.722671903041120
訪問看護,豊島区,13116,アットイーズ訪問看護リハビリステーション上池袋,イーズメディカル株式会社,営利法人,1361690223,東京都豊島区上池袋４－２７－２０パーサヴィアランス上池１０１,03-6824-5551,2019-04-01,訪問看護ステーション,平日・土曜日・祝日,,https://www.ease-medical.com,35.741402399999980,139.719862299999930
訪問看護,豊島区,13116,訪問看護ステーション　デューン池袋,株式会社Ｎ・フィールド,営利法人,1361690231,東京都豊島区池袋２－６６－２小林ビル１階,03-5926-9630,2019-04-01,訪問看護ステーション,,,,,
訪問看護,豊島区,13116,コモド訪問看護ステーション,一般社団法人コモド,社団・財団,1361690249,東京都豊島区西巣鴨３－４－１０山下ビル１階,03-5972-1110,2019-05-01,訪問看護ステーション,平日・祝日,,https://gocomodo.jp,35.740964137414735,139.730585078038530
訪問看護,豊島区,13116,訪問看護ステーションすずめが丘,株式会社ＫｓＨｏｌｄｉｎｇ,営利法人,1361690264,東京都豊島区要町１－２５－１５,03-6909-5337,2020-02-01,訪問看護ステーション,平日・祝日,,https://suzume-kango.com/,35.735087050522300,139.695582009227340
訪問看護,豊島区,13116,かのん訪問看護ステーションとも,株式会社双泉メディカルサポート,営利法人,1361690272,東京都豊島区目白３－１７－１,03-6908-2290,2020-04-01,訪問看護ステーション,平日,15,https://sosen-medical.co.jp/kanon-tomo,35.723376499999990,139.707270499999960
訪問看護,豊島区,13116,訪問看護ステーション　はなえみ　池袋,株式会社ＬｉＤ,営利法人,1361690280,東京都豊島区南池袋２－６－１２宮城ビル２Ｆ　２０３,03-5985-4331,2020-07-01,訪問看護ステーション,平日・土曜日・日曜日・祝日,10,https://home-health-care-service-1190.business.site/,35.725160300000006,139.715714700000000
訪問看護,豊島区,13116,アワー訪問看護ステーション,ＯＵＲ株式会社,営利法人,1361690298,東京都豊島区西池袋４－３６－１９エステートピアＮＡＱ１０１号,03-6909-5894,2020-08-01,訪問看護ステーション,平日・土曜日・日曜日・祝日,,http://hp.kaipoke.biz/7eb/144599/index_0007.html,35.730646900000000,139.721327199999960
訪問看護,豊島区,13116,ビコー訪問看護リハビリステーション豊島,株式会社ビコー,営利法人,1361690306,東京都豊島区北大塚１－２－６ＭＡＮ巣鴨１０３,03-5972-1414,2021-01-01,訪問看護ステーション,平日・土曜日・日曜日・祝日,260,https://bikou-group.com/,35.732091500000000,139.735198700000000
訪問看護,豊島区,13116,訪問看護ステーション　デライト池袋,株式会社Ｈ＆Ｈホールディングス,営利法人,1361690314,東京都豊島区池袋２－５５－１２セピア池袋Ⅱ　２０６,03-6914-3257,2021-03-01,訪問看護ステーション,,,,,
訪問看護,豊島区,13116,池袋本町訪問看護ステーション,一般社団法人池袋本町訪問看護ステーション,社団・財団,1361690322,東京都豊島区池袋本町２－３８－５,03-3985-7882,2021-06-01,訪問看護ステーション,,,,,
訪問看護,豊島区,13116,サステナース訪問看護リハビリステーション,サステナース株式会社,営利法人,1361690330,東京都豊島区要町１－２－３金子マンション２０２,03-5926-8080,2021-07-01,訪問看護ステーション,平日・土曜日・日曜日・祝日,150,https://houkan.sustainurse.com/,35.733019243188664,139.697835734358600
訪問看護,豊島区,13116,訪問看護ステーション　ともる,一般社団法人コミュニティ・ミッドワイフ,社団・財団,1361690355,東京都豊島区南池袋２－８－５ライオンズマンション９０７号,03-5928-5286,2021-09-01,訪問看護ステーション,,,,,
訪問看護,豊島区,13116,エール訪問看護リハビリステーション,株式会社ダイシン,営利法人,1361690363,東京都豊島区南大塚２－２９－９サンレックス２０３号室,03-6902-2683,2021-11-01,訪問看護ステーション,平日・土曜日・日曜日・祝日,,https://eru-dysin.hp.peraichi.com/,35.728288800000000,139.731169600000000
訪問看護,豊島区,13116,訪問看護ステーション郷,社会福祉法人櫻灯会,社会福祉法人（社協以外）,1361690371,東京都豊島区南池袋４－５－１,03-5927-8234,2021-12-01,訪問看護ステーション,平日・祝日,,http://www.outoukai.com,35.721463200000000,139.716685700000000
訪問看護,豊島区,13116,いちご訪問看護ステーション,株式会社ＥＭＫ,営利法人,1361690389,東京都豊島区池袋２－３３－１７－２０２,03-6907-1836,2022-02-01,訪問看護ステーション,平日・土曜日・祝日,,http://hp.kaipoke.biz/xbt,35.734359900000010,139.707181499999960
訪問看護,豊島区,13116,えん訪問看護ステーション東京　池袋,株式会社Ｂｒｉｄｇｅ,営利法人,1361690405,東京都豊島区池袋３－９－６新光池袋第３コーポ１０１,03-6903-1625,2023-04-01,訪問看護ステーション,平日・土曜日・日曜日・祝日,,https://en-houkan.com/recruit/tokyo-ikebukuro,35.734352100000024,139.701155900000000
訪問看護,豊島区,13116,訪問看護ステーション　ナーレ池袋,株式会社ナーレ,営利法人,1361690413,東京都豊島区上池袋４－９－８グランドメゾン上池袋１０４,03-6903-5106,2023-07-01,訪問看護ステーション,平日・土曜日・日曜日・祝日,,http://www.nurre.jp/,35.739826900000000,139.721277300000000
訪問看護,豊島区,13116,訪問看護ステーション　うぃんくる,株式会社ＧＭＳ,営利法人,1361690421,東京都豊島区北大塚１－２－１２大塚第２ロイコーポ２０１号,03-6555-2563,2023-10-01,訪問看護ステーション,,,,35.732393655517676,139.735570793254100
訪問看護,豊島区,13116,ひまわり訪問看護ステーション,有限会社ケアフレンド,営利法人,1361690439,東京都豊島区長崎２－５－５第２椎名町ハイム１階,03-5964-5006,2023-10-01,訪問看護ステーション,平日,,https://care-net.biz/13/c-friend/,35.727640672242010,139.689720276582300
訪問看護,豊島区,13116,訪問看護ステーションまんぞく,株式会社まんぞく介護,営利法人,1361690447,東京都豊島区池袋本町１－２８－１サンスプレンダー北池　１０１,03-6912-5426,2023-10-01,訪問看護ステーション,平日,,http://manzokukango.com,35.739335367995370,139.714846661376950
訪問看護,豊島区,13116,３Ｈメディソリューション株式会社　訪問看護ステーションＵｃｈｉｋｅｎ,３Ｈメディソリューション株式会社,営利法人,1361690454,東京都豊島区南池袋１－１３－２３ＪＲＥ南池袋ビル　２Ｆ,03-5953-2108,2023-11-01,訪問看護ステーション,平日,,https://3h-ms.co.jp/,35.725719500000000,139.711304800000000
訪問看護,豊島区,13116,優っくり訪問看護豊島南長崎,社会福祉法人奉優会,社会福祉法人（社協以外）,1361690470,東京都豊島区南長崎５－２０－１６,03-3565-6841,2024-02-01,訪問看護ステーション,,,,,
訪問看護,豊島区,13116,たいよう訪問看護ステーション,株式会社晴れの日,営利法人,1361690488,東京都豊島区西池袋３－２４－３藤井ビル７階,05018077343,2024-05-01,訪問看護ステーション,平日・土曜日・祝日,,https://momoirofangwenkanhusuteshon.webnode.jp/,35.730290600000000,139.707242700000000
訪問看護,豊島区,13116,きらめき訪問看護リハビリステーション池袋事業所,株式会社メディウェルズ,営利法人,1361690504,東京都豊島区東池袋３－２０－９宏和ビル１階,03-5928-5335,2025-04-01,訪問看護ステーション,平日,,https://kiramekihoukan.com/,35.730771099999984,139.719995300000000
訪問看護,豊島区,13116,なないろ訪問看護,株式会社ファンプレイス,営利法人,1361690512,東京都豊島区駒込１－４－５東俳シャトル館３０１号,03-5810-1705,2025-06-01,訪問看護ステーション,平日,,https://www.funplace-nanairo.co.jp/,35.734480600000000,139.748376900000000
訪問看護,豊島区,13116,ショートケーキ訪問看護ステーション,ケアプロ株式会社,営利法人,1361690520,東京都豊島区池袋本町１－８－１７,08071952430,2026-02-01,訪問看護ステーション,平日・土曜日・日曜日・祝日,,https://shortcake.carepro.co.jp/,35.738114100000010,139.714103799999980
訪問看護,豊島区,13116,カンガルー訪問看護ステーション,一般社団法人日本こども福祉の会,社団・財団,1361690546,東京都豊島区南長崎５－３３－１６－１０３,05017853571,2026-09-01,訪問看護ステーション,,,,,
訪問看護,豊島区,13116,アミティ訪問看護ステーション,株式会社Ａｍｉｔｙ,営利法人,1361690553,東京都豊島区池袋２－５９－２クレール池袋２０６号室,03-6915-2152,2026-09-01,訪問看護ステーション,,,,,
訪問看護,豊島区,13116,たばこま訪問看護ステーション,株式会社地域医療ラボ,営利法人,1361790270,東京都豊島区駒込３－５－５エフティビル３階,03-6822-0144,2020-01-01,訪問看護ステーション,平日・土曜日・日曜日・祝日,100,https://tabakoma.com/,35.736513900000000,139.744705600000000
訪問看護,豊島区,13116,医療法人社団  日心会  おおつか訪問看護ステーション,医療法人社団日心会,医療法人,1367192982,東京都豊島区北大塚１－１８－８田村ビル２階,03-3916-7185,2000-04-01,訪問看護ステーション,平日,,http://www.isshin.net,35.734478400000000,139.725570599999970
訪問看護,豊島区,13116,セコムとしま訪問看護ステーション,セコム医療システム株式会社,営利法人,1367195944,東京都豊島区南大塚２－３５－７平文社ビル３階,03-3947-5750,2001-04-01,訪問看護ステーション,平日,120,http://www.nurse-secom.com/,35.728604996317120,139.729447405604560
訪問看護,豊島区,13116,さわやかケアポートとしま・訪問看護,ウエルシアパートナーズ株式会社,営利法人,1367198401,東京都豊島区北大塚１－１２－１５協同興業北大塚ビル,03-5907-4292,2006-04-01,訪問看護ステーション,平日,,http://www.welcia-partners.co.jp/,35.732248100000000,139.732631399999940
訪問看護,豊島区,13116,訪問看護ステーション　ホームケア練馬,株式会社ミレニア,営利法人,1367198948,東京都豊島区南長崎６－３４－３ツム・アウフタクト２階,03-5988-7657,2007-03-01,訪問看護ステーション,平日・土曜日・日曜日・祝日,,https://www.millennia-corporation.jp/houmon/index.html,35.731604650621160,139.679058046310400
訪問看護,豊島区,13116,セントケア訪問看護ステーション豊島,セントケア東京株式会社,営利法人,1367199011,東京都豊島区東池袋３－２０－２１広宣ビル２階,03-5953-5034,2007-04-01,訪問看護ステーション,平日・土曜日・祝日,,http://www.saint-care.com,35.729876500000000,139.724070600000000
訪問看護,北区,13117,訪問看護リハビリステーション　はなえみ駒込,株式会社ｆｉｆｔｙｎｕｒｓｅ,営利法人,1360990533,東京都北区西ケ原１－１１－４駒込Ｋ＆Ｍビル　Ｂ１０１,03-5972-1195,2023-05-01,訪問看護ステーション,,,,,
訪問看護,北区,13117,訪問看護ステーション　飛鳥晴山苑,社会福祉法人晴山会,社会福祉法人（社協以外）,1361790015,東京都北区西ケ原４－５１－１,03-5980-0102,2010-12-01,訪問看護ステーション,平日,,https://seizan-kai.or.jp/,35.741436000000000,139.735894700000020
訪問看護,北区,13117,うらら訪問看護ステーション,社会福祉法人うらら,社会福祉法人（社協以外）,1361790031,東京都北区志茂３－１３－５信濃ビル３階,03-5939-6731,2012-04-01,訪問看護ステーション,平日・土曜日,,http://www.urara.or.jp,35.777451200000000,139.733143499999980
訪問看護,北区,13117,はくちょう訪問看護リハビリステーション,医療法人社団福寿会,医療法人,1361790056,東京都北区田端３－１８－２４,03-3822-6082,2013-04-01,訪問看護ステーション,平日,,http://www.fukujukaigr.or.jp/,35.735947510493700,139.757178489024340
訪問看護,北区,13117,大橋病院　訪問看護ステーション,医療法人財団逸生会,医療法人,1361790072,東京都北区赤羽西６－１７－８　１階,03-5963-6301,2014-02-01,訪問看護ステーション,平日,150,https://www.o-hp.or.jp/zaitaku/houmonkango/,35.774930990507750,139.705083098147600
訪問看護,北区,13117,訪問看護ステーションそれいゆ,一般社団法人ナースプラネット,社団・財団,1361790114,東京都北区田端新町１－２２－５,03-5855-3744,2014-10-01,訪問看護ステーション,平日,,https://nurseplanet.jp/service/nursing_station.html,35.738401334323420,139.768779545860330
訪問看護,北区,13117,花と森の訪問看護ステーションペンギン,社会医療法人社団正志会,医療法人,1361790148,東京都北区西ケ原２－３－２,03-5980-7121,2015-07-01,訪問看護ステーション,平日,,http://www.hanamorithp.jp/,35.747979800000000,139.741563499999980
訪問看護,北区,13117,王子神谷訪問看護リハビリステーション,合同会社ＩＭＧ,営利法人,1361790163,東京都北区王子５－２－２第２号棟第１１７号室,03-5902-3881,2015-12-01,訪問看護ステーション,平日・土曜日・日曜日・祝日,200,https://ojikamiya-hc.com/,35.765137151051280,139.734969933428320
訪問看護,北区,13117,訪問看護ステーション凛,医療法人社団神幸会,医療法人,1361790189,東京都北区赤羽２－４８－３末広ビル３階,03-5939-4026,2016-04-01,訪問看護ステーション,平日・土曜日・祝日,120,https://www.houkan-rin.com,35.780647100892025,139.722718022803180
訪問看護,北区,13117,タツミ訪問看護ステーション滝野川,株式会社メディプラス,営利法人,1361790247,東京都北区滝野川１－６８－７早稲田ビル４階,03-6903-7574,2019-01-01,訪問看護ステーション,平日,,https://www.medi-p.jp/cat-station/visit-nursing/112/,35.748121400000000,139.733808500000000
訪問看護,北区,13117,訪問看護ステーション　はな　赤羽,株式会社はな,営利法人,1361790288,東京都北区赤羽南２－１１－１４ルイケ第二マンション１階,03-6822-6565,2020-04-01,訪問看護ステーション,平日・土曜日,,https://www.hana-kango.com,35.774855600000000,139.723162100000000
訪問看護,北区,13117,スマイル優　訪問看護ステーション,合同会社Ｓａｌｉｘ,営利法人,1361790312,東京都北区豊島３－２０－１２アップステアーズａｎｎｅｘ２０１,03-6770-6522,2021-10-01,訪問看護ステーション,平日,,https://smileyou.me/,35.759795500000000,139.745707300000000
訪問看護,北区,13117,訪問看護ステーション　ぱんだ,株式会社ＰＮＤ,営利法人,1361790353,東京都北区赤羽１－６６－５グリーンコーポⅡ３０１,03-6903-9822,2022-07-01,訪問看護ステーション,平日,,https://pnd.themedia.jp,35.780780300000000,139.719529900000000
訪問看護,北区,13117,訪問看護ステーション　ＡＬＷＡＹＳ赤羽,株式会社ハートカンパニー,営利法人,1361790361,東京都北区赤羽２－１９－１０伊東ビル２０１号室,03-5939-9151,2022-10-01,訪問看護ステーション,平日・土曜日,,https://always-ns.jp/,35.779997700000020,139.723522199999960
訪問看護,北区,13117,訪問看護ステーション　はな　王子,株式会社ＯＺビルメンテナンス,営利法人,1361790379,東京都北区上中里３－６－１７,03-6823-7686,2022-10-01,訪問看護ステーション,平日・土曜日・日曜日・祝日,,,35.750019400000006,139.748977200000000
訪問看護,北区,13117,みつば訪問看護ステーション赤羽,株式会社ベストケア・パートナーズ,営利法人,1361790395,東京都北区東十条６－７－１２サンチェリーハイツ１０１,03-6903-9029,2023-02-01,訪問看護ステーション,平日・土曜日・日曜日・祝日,,https://bestcare-partners.co.jp/,35.771651800000000,139.725975400000000
訪問看護,北区,13117,訪問看護ステーション　ホームケア赤羽,株式会社ミレニア,営利法人,1361790403,東京都北区志茂２－２１－１ｍａｉｓｏｎ　ｄｅ　ｕｒｂａｎ　２０１,03-5249-3313,2023-04-01,訪問看護ステーション,平日・土曜日・日曜日・祝日,,,35.777537800000005,139.726864099999970
訪問看護,北区,13117,Ｃｈｅｅｒ　Ｕｐ　ａｔ　Ｎｕｒｓｉｎｇ,株式会社ＣｈｅｅｒＨａｎｄ,営利法人,1361790411,東京都北区王子本町１－２４－６ハイムロワール１０１,03-6313-1225,2023-06-01,訪問看護ステーション,平日・土曜日・日曜日・祝日,,https://www.cheerhand.com/,35.754017700000000,139.734995900000000
訪問看護,北区,13117,訪問看護ステーション　デューン王子,株式会社Ｎ・フィールド,営利法人,1361790429,東京都北区岸町１－６－１９青葉ビル２階,03-6903-2678,2023-07-01,訪問看護ステーション,平日・土曜日・祝日,,http://www.nfield.co.jp/,35.754817000000000,139.735045800000000
訪問看護,北区,13117,東京療育・家族支援訪問看護ステーション,家族支援株式会社,営利法人,1361790437,東京都北区赤羽２－４７－２貴正ハイツ１０１,03-6824-6360,2023-07-01,訪問看護ステーション,平日・土曜日,,,35.758737899999990,139.724583299999980
訪問看護,北区,13117,アワー訪問看護ステーション赤羽,ＯＵＲ株式会社,営利法人,1361790445,東京都北区浮間１－１４－３ユーコート赤羽１０４,03-6824-5872,2023-08-01,訪問看護ステーション,平日・土曜日・日曜日・祝日,,https://awahoukan.wixsite.com/toppage,35.790970700000000,139.701847200000000
訪問看護,北区,13117,しりうす訪問看護ステーション,株式会社青星,営利法人,1361790452,東京都北区神谷２－４８－１９－３０１駒崎ビル,03-5948-6805,2023-09-01,訪問看護ステーション,平日,150,https://aoboshi.net/,35.785971000000010,139.711403100000000
訪問看護,北区,13117,ｓｔｅｌｌａ訪問看護北ステーション,ｓｔｅｌｌａ８３株式会社,営利法人,1361790460,東京都北区昭和町１－２－２４アルテール尾久　１階,03-5944-2699,2023-09-01,訪問看護ステーション,平日,,https://stella83.jp/,35.746262000000000,139.755890100000000
訪問看護,北区,13117,訪問看護ステーション　ｈａｒｕ　ｓｔｙｌｅ　北区王子,株式会社エイル,営利法人,1361790478,東京都北区王子１－１９－１１第一サカモトビル５階,03-5933-6961,2023-10-01,訪問看護ステーション,平日・土曜日・日曜日,2,https://ouji.haru-style.jp,35.755706700000000,139.738352200000000
訪問看護,北区,13117,訪問看護ステーション　エルライト,合同会社医食同源,営利法人,1361790486,東京都北区赤羽北２－２８－１コーポ原島１０３,03-6385-1353,2023-10-01,訪問看護ステーション,平日・土曜日・祝日,,,35.787039500000000,139.707436100000000
訪問看護,北区,13117,めいと訪問看護ステーション第２,株式会社めいとケア,営利法人,1361790494,東京都北区岩淵町５－１３アルス赤羽３０１,03-5939-7231,2023-12-01,訪問看護ステーション,平日・土曜日・日曜日・祝日,,,35.783673500000000,139.726624700000000
訪問看護,北区,13117,訪問看護ステーションアドニス・ケア赤羽,株式会社アドニス・ケア,営利法人,1361790502,東京都北区赤羽１－６２－１２サンライズ赤羽６０１,03-5939-6115,2024-04-01,訪問看護ステーション,,,,,
訪問看護,北区,13117,西が丘訪問看護ステーション,医療法人社団岩江クリニック,医療法人,1361790510,東京都北区西が丘１－５－９,03-3905-3160,2024-08-01,訪問看護ステーション,平日・土曜日・日曜日・祝日,,https://www.iwae.net,35.771530600000000,139.714648800000000
訪問看護,北区,13117,訪問看護ステーション　トータルケア王子,株式会社トータルケア王子,営利法人,1361790528,東京都北区十条仲原２－４－３コーポエム２０３,03-5948-9267,2024-09-01,訪問看護ステーション,平日・土曜日・日曜日・祝日,,https://lecaldo.co.jp/total-care-oji/,35.748102400000000,139.745474100000000
訪問看護,北区,13117,にこっと訪問看護ステーション,株式会社Ｙｕｗｃｏｎｎｅｃｔ,営利法人,1361790536,東京都北区志茂１－１８－１,03-5948-6575,2024-10-01,訪問看護ステーション,平日・土曜日,,https://www.nicotnurse-akabane.com/,35.776630800000010,139.718099300000030
訪問看護,北区,13117,訪問看護ステーション　ことぶき,株式会社ことぶき,営利法人,1361790544,東京都北区神谷１－７－１２フローラ神谷橋１０２,03-6903-2954,2024-11-01,訪問看護ステーション,平日・土曜日・日曜日・祝日,,,35.769863400000000,139.735274400000000
訪問看護,北区,13117,訪問看護ステーションゆうわ,株式会社優和,営利法人,1361790585,東京都北区東十条２－４－３,03-6826-2103,2025-11-01,訪問看護ステーション,平日,,,35.762641799999980,139.729320999999970
訪問看護,北区,13117,にじ訪問看護ステーション,株式会社Ｔ＆Ｘコーポレーション,営利法人,1361790593,東京都北区赤羽北１－２５－３８,08020248603,2026-08-01,訪問看護ステーション,,,,,
訪問看護,北区,13117,医療法人社団  博栄会  訪問看護ステーション,医療法人社団博栄会,医療法人,1367192669,東京都北区赤羽南２－１２－５五十子ビル１階,03-3903-0711,2000-04-01,訪問看護ステーション,平日・土曜日,,http://www.hakueikai.or.jp,35.775104000000000,139.723694400000000
訪問看護,北区,13117,東京ふれあい医療生活協同組合ふれあい訪問看護ステーション,東京ふれあい医療生活協同組合,生協,1367192990,東京都北区堀船３－３１－１５ふれあいセンタービル２Ｆ,03-3911-3000,2000-04-01,訪問看護ステーション,平日,,https://www.fureaico-op.info,35.751327644053820,139.748118737434450
訪問看護,北区,13117,神谷病院訪問看護ステーション,医療法人社団田島厚生会,医療法人,1367193121,東京都北区神谷１－２７－１４,03-6903-3126,2000-04-01,訪問看護ステーション,平日・土曜日,45,,35.768284739186300,139.731511256581480
訪問看護,北区,13117,あすか山訪問看護ステーション,公益財団法人日本訪問看護財団,社団・財団,1367193725,東京都北区神谷１－１３－１０Ｋｏｕｒｔ　Ｋ３　１階,03-5959-3121,2000-04-01,訪問看護ステーション,平日,,http://www.jvnf.or.jp/asukayama/,35.768115199999960,139.734537700000030
訪問看護,北区,13117,訪問看護ステーションほくと,東京ほくと医療生活協同組合,生協,1367195894,東京都北区豊島３－１９－３東京ほくと医療生協豊島ビル１階,03-5902-7156,2001-04-01,訪問看護ステーション,平日・土曜日,3,http://www.t-hokuto.coop,35.760781400000010,139.745970800000000
訪問看護,北区,13117,さわやか訪問看護ステーション,株式会社メディカルオフィスベラ,営利法人,1367196793,東京都北区昭和町２－７－１３ＳＫビル２０１,03-3810-7127,2003-01-01,訪問看護ステーション,平日,20,http://sawayaka-nurse.com/,35.747327200000000,139.754873699999960
訪問看護,荒川区,13118,カガクル訪問看護ステーション荒川,株式会社科学的看護・介護研究機構,営利法人,1361590944,東京都荒川区西日暮里６－４０－５松本ビル１０１号,03-6807-8536,2024-08-01,訪問看護ステーション,平日,,https://kagakul-arakawa.jp/,35.734573410294890,139.768894402872060
訪問看護,荒川区,13118,めでたい訪問看護ステーション尾久,株式会社Ｂｌｕｅｓｈａｃｋ,営利法人,1361790551,東京都荒川区東尾久２－４９－１３Ａｍｂｉｔｉｏｎ東尾久１０１号室,03-5838-9960,2025-06-01,訪問看護ステーション,平日,,,35.738405800000024,139.769601300000000
訪問看護,荒川区,13118,訪問看護ステーションつばさ,合同会社ウイングケア,営利法人,1361890021,東京都荒川区西尾久７－７－４－３階,03-5692-5217,2008-08-01,訪問看護ステーション,平日,60,https://www.tsubasa-kango.com/,35.750044643370700,139.756923796650680
訪問看護,荒川区,13118,磯医院訪問看護ステーション,医療法人財団源会,医療法人,1361890047,東京都荒川区南千住５－９－１,03-5615-2760,2009-06-01,訪問看護ステーション,平日・土曜日,,http://iso-hp.or.jp,35.733427900000000,139.794118400000000
訪問看護,荒川区,13118,訪問看護ステーション　てんとうむし,株式会社レディバグ,営利法人,1361890062,東京都荒川区東尾久２－３０－７　１階,03-6240-8199,2015-09-01,訪問看護ステーション,平日・土曜日,,http://www.houkan-tentoumushi.com/,35.742291799999975,139.770539400000020
訪問看護,荒川区,13118,東京リバーサイド訪問看護ステーションペンギン,社会医療法人社団正志会,医療法人,1361890070,東京都荒川区南千住８－４－５けやき通り北参番館２階２０５号,03-5604-5432,2015-10-01,訪問看護ステーション,平日,120,http://www.penguin-nurse.jp,35.737481282291180,139.807608436384600
訪問看護,荒川区,13118,アーム看護ステーション,株式会社じーぷろーど,営利法人,1361890138,東京都荒川区荒川３－６８－６菅又ビル１階,03-6806-7495,2018-06-01,訪問看護ステーション,平日・土曜日,,,35.735535200000000,139.777741800000060
訪問看護,荒川区,13118,天使の翼訪問看護,アンジュエール株式会社,営利法人,1361890146,東京都荒川区東尾久１－１５－８－１０５,03-5901-1021,2018-08-01,訪問看護ステーション,平日・土曜日・日曜日・祝日,,,35.740852341623686,139.771479056834750
訪問看護,荒川区,13118,訪問看護ステーション　デューン荒川,株式会社Ｎ・フィールド,営利法人,1361890187,東京都荒川区荒川７－２２－６フロンティアワン３階,03-5604-9640,2018-10-01,訪問看護ステーション,,,,,
訪問看護,荒川区,13118,あしすと訪問看護ステーション,株式会社あしすと,営利法人,1361890229,東京都荒川区東日暮里１－６－９東出ビル１階,03-6806-8283,2020-05-01,訪問看護ステーション,平日,,,35.730644812518560,139.789680978048700
訪問看護,荒川区,13118,ハレノヒ訪問看護リハビリステーション,株式会社Ｆｕｋｕｉｋｕ,営利法人,1361890252,東京都荒川区東日暮里１－１７－４,03-5604-5940,2023-04-01,訪問看護ステーション,平日・土曜日・日曜日・祝日,,https://www.harenohihoukan.com,35.730333599999994,139.789799800000030
訪問看護,荒川区,13118,アンドライフ訪問看護ステーション日暮里,株式会社Ｅ＆ＬＩＦＥ,営利法人,1361890260,東京都荒川区東日暮里６－４３－８竹山ビル七番館１０３号室,03-5838-6941,2023-04-01,訪問看護ステーション,平日・土曜日・日曜日・祝日,300,https://e-and-life.com/,35.729128457179320,139.775838771163900
訪問看護,荒川区,13118,訪問看護ステーションナイチンゲール,株式会社ＮｓＬｉｆｅ,営利法人,1361890278,東京都荒川区東日暮里２－４９－２大和コーポ２０４,03-6806-8507,2023-06-01,訪問看護ステーション,平日・土曜日・日曜日・祝日,20,,35.728312200000005,139.783600300000000
訪問看護,荒川区,13118,ＮＳ－ＭＥＮ　ＦＡＳＴ,株式会社ナスメン,営利法人,1361890286,東京都荒川区西日暮里２－４９－５－４０１号室,03-5604-5971,2023-06-01,訪問看護ステーション,平日,,https://www.nsmen-inc.com/,35.730946100000000,139.769780600000000
訪問看護,荒川区,13118,訪問看護ファミリー・ホスピス荒川,ファミリー・ホスピス株式会社,営利法人,1361890294,東京都荒川区荒川７－２－３,03-6809-5643,2023-07-01,訪問看護ステーション,平日・土曜日・日曜日・祝日,,,35.741825100000000,139.784618900000000
訪問看護,荒川区,13118,リナース訪問看護リハビリステーション町屋,株式会社リナース,営利法人,1361890310,東京都荒川区町屋３－１２－１２マロニエハイツ３０１,03-6807-8704,2024-01-01,訪問看護ステーション,平日,100,,35.747143300000000,139.781922600000000
訪問看護,荒川区,13118,ファミーユ訪問看護ステーション,メヴィ株式会社,営利法人,1361890328,東京都荒川区東尾久８－４２－１２,03-6807-9531,2024-04-01,訪問看護ステーション,平日・土曜日・日曜日・祝日,50,,35.749685700000000,139.767532200000000
訪問看護,荒川区,13118,訪問看護ステーション　ホームケア荒川,株式会社ミレニア,営利法人,1361890336,東京都荒川区東日暮里５－４５－１２いかるがビル５０３号室,03-5615-1212,2024-06-01,訪問看護ステーション,平日・土曜日・日曜日・祝日,,http://www.millennia-corporation.jp,35.728402400000000,139.774613100000000
訪問看護,荒川区,13118,訪問看護ステーション　デライト荒川,株式会社Ｈ＆Ｈホールディングス,営利法人,1361890344,東京都荒川区東日暮里３－４３－９ビジュアルシティ４０１号室,03-6806-5347,2024-06-01,訪問看護ステーション,平日・土曜日・祝日,150,https://hokan-delight.jp/,35.731003700000000,139.778935200000000
訪問看護,荒川区,13118,きらめき訪問看護リハビリステーション日暮里事業所,株式会社メディウェルズ,営利法人,1361890351,東京都荒川区西日暮里２－１８－４小川ビル２階,03-5615-5414,2024-08-01,訪問看護ステーション,平日,,https://kiramekihoukan.com/,35.728722203497110,139.771865886892070
訪問看護,荒川区,13118,あいず訪問看護ステーション日暮里,株式会社あいず,営利法人,1361890369,東京都荒川区東日暮里５－４３－３プリメーラ１Ｆ,03-5604-9197,2024-09-01,訪問看護ステーション,平日,50,https://www.aizu-company.co.jp,35.727612100000016,139.774530600000000
訪問看護,荒川区,13118,訪問看護ステーションスマイルリンク,合同会社かぶき屋,営利法人,1361890377,東京都荒川区西日暮里６－４５－８永田ビル１０２号室,03-5901-9250,2025-04-01,訪問看護ステーション,平日,,https://houmonkaigo-smilelink.com/,35.735679200000000,139.769246100000000
訪問看護,荒川区,13118,ベストリハ訪問看護ステーション南千住,ベストリハ株式会社,営利法人,1361890385,東京都荒川区南千住６－６５－４,03-6806-6296,2026-06-01,訪問看護ステーション,,,,,
訪問看護,荒川区,13118,訪問看護ステーションオリーブ,医療法人社団杏精会,医療法人,1361890393,東京都荒川区荒川５－６－７宮地マンション１階,03-5615-2144,2026-08-01,訪問看護ステーション,,,,,
訪問看護,荒川区,13118,荒川区医師会訪問看護ステーション,一般社団法人荒川区医師会,社団・財団,1367191224,東京都荒川区西日暮里６－５－３,03-3893-2321,2000-04-01,訪問看護ステーション,平日,,http://arakawa-med.or.jp/,35.737423600000000,139.772808800000000
訪問看護,荒川区,13118,社会医療法人社団一成会　訪問看護ステーションみどり,社会医療法人社団一成会,医療法人,1367192313,東京都荒川区町屋４－１－１６,03-3892-0106,2000-04-01,訪問看護ステーション,平日・土曜日,,http://www.kimura-hp.or.jp/,35.746192500000000,139.779438199999960
訪問看護,荒川区,13118,訪問看護ステーションＳＵＮ,ケア・プランニング株式会社,営利法人,1367197775,東京都荒川区西日暮里６－８－８モミービル２階,03-6458-2166,2005-05-01,訪問看護ステーション,平日,,http://www.best-kaigo.com,35.736554200399150,139.772657564843060
訪問看護,荒川区,13118,スイート・ハート訪問看護ステーション,有限会社　てぃーら,営利法人,1367197791,東京都荒川区東日暮里５－５０－１７アネックスＭ301,03-5604-1554,2005-05-01,訪問看護ステーション,平日・土曜日・日曜日・祝日,,http://www.sweet-hearts.jp/,35.728296800000000,139.772973099999940
訪問看護,板橋区,13119,トラスト訪問看護ステーション,セレニティトラスト株式会社,営利法人,1361490376,東京都板橋区大山東町２７－１２メゾンフォンテーヌ２０４号,03-6454-0715,2022-09-01,訪問看護ステーション,平日・土曜日・日曜日・祝日,5,https://www.seretrust.com/,35.749071500000000,139.707551900000000
訪問看護,板橋区,13119,訪問看護ステーション　あおば,合同会社青葉,営利法人,1361790122,東京都板橋区成増１－２８－９成増第五シャトレ２０２,03-6750-9891,2015-02-01,訪問看護ステーション,平日,,,35.775730799999984,139.724150399999980
訪問看護,板橋区,13119,医療法人社団　健育会　ケアセンターけやき,医療法人社団健育会,医療法人,1361990029,東京都板橋区桜川２－１０－７,03-5922-6322,2011-05-01,訪問看護ステーション,平日,,http://www.takekawa.gr.jp/keyaki/,35.758349100000000,139.679443399999970
訪問看護,板橋区,13119,イムス訪問看護ステーション東京,医療法人社団明芳会,医療法人,1361990086,東京都板橋区仲町１－４,03-3955-9681,2014-10-01,訪問看護ステーション,平日・土曜日,220,http://www.ims.gr.jp/clover/,35.751372600000000,139.699830600000040
訪問看護,板橋区,13119,訪問看護ステーション　ゴルディロックス,株式会社ゴルディロックス,営利法人,1361990094,東京都板橋区仲町３８－３コープエンリッチ１階,03-5926-8400,2015-02-01,訪問看護ステーション,平日・土曜日・祝日,,http://goldirocks.co.jp/,35.754423612771646,139.695998769755960
訪問看護,板橋区,13119,こころ訪問看護リハビリステーション板橋,株式会社フィリア,営利法人,1361990128,東京都板橋区氷川町３－９桜井ビル２階,03-6905-7277,2015-05-01,訪問看護ステーション,平日,150,http://cocoro.care/,35.751906300000000,139.707407699999980
訪問看護,板橋区,13119,訪問看護ステーション共茂,株式会社共茂,営利法人,1361990144,東京都板橋区坂下２－６－１ロワイヤルシャバール４０３,03-6337-0430,2016-04-01,訪問看護ステーション,平日・土曜日,100,http://www.kyomo.co.jp,35.782193400000000,139.683503400000060
訪問看護,板橋区,13119,訪問看護ステーション　デューン板橋,株式会社Ｎ・フィールド,営利法人,1361990185,東京都板橋区大和町３２－１６ナリタビル１階,03-6909-6745,2017-03-01,訪問看護ステーション,,,,,
訪問看護,板橋区,13119,アウル訪問看護ステーション,株式会社ケアラボ,営利法人,1361990219,東京都板橋区板橋１－４７－１３アメニティー新板橋１００１号,03-5944-2516,2017-08-01,訪問看護ステーション,,,,,
訪問看護,板橋区,13119,訪問看護ステーションｎｉｃｏ,ｎｉｃｏ株式会社,営利法人,1361990250,東京都板橋区徳丸３－１７－１サークルポーチビル３０１号室,03-6906-8941,2018-02-01,訪問看護ステーション,平日・土曜日・日曜日・祝日,150,https://www.niconurse.com,35.769597475993700,139.660331495123240
訪問看護,板橋区,13119,訪問看護ステーション　はな　板橋,株式会社はな,営利法人,1361990268,東京都板橋区板橋１－４３－５武井ビル１Ｆ,03-6822-6566,2018-02-01,訪問看護ステーション,平日・土曜日,50,http://www.hana-kango.com,35.748793200000000,139.717095800000040
訪問看護,板橋区,13119,ＳＯＭＰＯケア　徳丸　訪問看護,ＳＯＭＰＯケア株式会社,営利法人,1361990300,東京都板橋区徳丸２－１７－９,03-5922-6249,2018-07-01,訪問看護ステーション,平日,,https://www.sompocare.com,35.773858000000000,139.662725000000020
訪問看護,板橋区,13119,訪問看護ステーション　ホームケア板橋,株式会社ミレニア,営利法人,1361990326,東京都板橋区南常盤台１－２３－１４石田ビル２Ｆ,03-5986-8200,2018-09-01,訪問看護ステーション,平日・土曜日・日曜日・祝日,,https://www.millennia-corporation.jp/houmon/index.html,35.757963200000000,139.689786899999940
訪問看護,板橋区,13119,訪問看護リハステーションＲｅ：ＡＣＴＩＶＥ,株式会社ＭＥＤＩＣＡＬ　ＣＯＬＯＲ,営利法人,1361990342,東京都板橋区大山町５３－３内田ＣＰＡビル２階,03-5948-3721,2018-11-01,訪問看護ステーション,平日・祝日,,https://www.medical-color.com/,35.750366197833210,139.697129670060100
訪問看護,板橋区,13119,医心館　訪問看護ステーション　成増,株式会社アンビス,営利法人,1361990359,東京都板橋区成増３－１９－１９,03-6904-0205,2018-11-01,訪問看護ステーション,平日・土曜日・日曜日・祝日,,,35.779684659639600,139.632676139881170
訪問看護,板橋区,13119,みちおい訪問看護ステーション,合同会社道生舎,営利法人,1361990391,東京都板橋区徳丸３－３８－３４ヒルサイドハイツＢ１Ｆ,03-6909-7071,2019-09-01,訪問看護ステーション,平日・土曜日・日曜日・祝日,5,https://www.mitioisya.tokyo/,35.774176203973540,139.658809889138500
訪問看護,板橋区,13119,ガイア訪問看護ステーション　板橋,株式会社ガイアメディケア,営利法人,1361990409,東京都板橋区板橋２－４０－３,03-5944-2570,2019-10-01,訪問看護ステーション,平日,,https://www.gaia-medicare.jp/,35.748512000000010,139.714145800000000
訪問看護,板橋区,13119,あまね看護ステーション,合同会社あまね,営利法人,1361990425,東京都板橋区蓮根２－２０－９スピードビル２階,03-5918-7553,2020-06-01,訪問看護ステーション,平日・土曜日・日曜日・祝日,,https://www.amane-ns.net/,35.783226086528740,139.676558711569190
訪問看護,板橋区,13119,訪問看護ステーション　はな　中台,株式会社はな,営利法人,1361990433,東京都板橋区中台１－３６－２上板橋カーネル１０１,03-6822-5965,2020-09-01,訪問看護ステーション,平日・土曜日・日曜日・祝日,150,https://www.hana-kango.com/index.html,35.765889700000000,139.677055800000000
訪問看護,板橋区,13119,ｓｔｅｌｌａ訪問看護ステーション,ｓｔｅｌｌａ８３株式会社,営利法人,1361990458,東京都板橋区常盤台１－５２－３ＳＴＥＬＬＡＳときわ台３階,03-5944-2698,2020-09-01,訪問看護ステーション,平日,,http://stella83.jp/,35.758556487158820,139.694053700773600
訪問看護,板橋区,13119,訪問看護ステーションぽると,合同会社ｆａｒｏ,営利法人,1361990466,東京都板橋区仲町３６－６パサニアハイツ小宮１０５号,03-5926-9370,2020-11-01,訪問看護ステーション,平日,50,,35.754953633247450,139.696445423348220
訪問看護,板橋区,13119,アイル訪問看護ステーション,株式会社小川会,営利法人,1361990482,東京都板橋区桜川３－２２－１３ハイツ木乃実３０２号,03-6281-0838,2021-01-01,訪問看護ステーション,,,,,
訪問看護,板橋区,13119,リニエ訪問看護ステーション板橋,株式会社リニエＲ,営利法人,1361990508,東京都板橋区板橋１－３４－７平嶋ビル２０１,03-5943-8166,2021-02-01,訪問看護ステーション,平日,,https://linie-group.jp/office/houmonkango-itabashi/,35.748654277668570,139.715932874205040
訪問看護,板橋区,13119,訪問看護かえりえ西台,株式会社やさしい手,営利法人,1361990524,東京都板橋区西台２－２４－１５,05017486334,2021-06-01,訪問看護ステーション,平日・土曜日・日曜日・祝日,25,,35.780157699999980,139.668667200000020
訪問看護,板橋区,13119,訪問看護ステーション　カラフル,株式会社ＣＡＮＯＷＬＩＦＥ,営利法人,1361990540,東京都板橋区板橋４－３８－５パインコート１階,03-4500-6951,2021-08-01,訪問看護ステーション,平日・土曜日,,https://colorful-kango.com/,35.751311517942170,139.719693886737930
訪問看護,板橋区,13119,サンウェルズ板橋訪問看護ステーション,株式会社サンウェルズ,営利法人,1361990565,東京都板橋区三園１－２１－２,03-5967-1317,2021-12-01,訪問看護ステーション,,,,,
訪問看護,板橋区,13119,まごころ訪問看護リハビリステーション,株式会社ＭＴＳ,営利法人,1361990581,東京都板橋区成増２－１０－２２,03-6904-2037,2022-01-01,訪問看護ステーション,平日・土曜日・日曜日・祝日,,https://ma-gokoro.jp,35.776419000000000,139.633562100000000
訪問看護,板橋区,13119,マイナビ訪問看護ステーション常盤台,株式会社マイナビナースケア,営利法人,1361990615,東京都板橋区常盤台４－２５－１４ＹＭビル２階,03-6906-9351,2022-05-01,訪問看護ステーション,平日・土曜日・祝日,,https://houmon-kango.mynavi.jp/,35.763412765122960,139.678086601223380
訪問看護,板橋区,13119,訪問看護ステーションはっちぽっち,医療法人社団ゆうりん,医療法人,1361990623,東京都板橋区向原１－２２－２コームハイツ１Ｆ,03-5926-3520,2022-08-01,訪問看護ステーション,,,,,
訪問看護,板橋区,13119,Ｇ．グレイス訪問看護ステーション,Ｇ．Ｈｏｐｅ株式会社,営利法人,1361990656,東京都板橋区上板橋２－５５－４　２階,03-6281-0833,2023-04-01,訪問看護ステーション,,33,https://www.g-hope.org,35.765869400000000,139.669434700000000
訪問看護,板橋区,13119,ビコー訪問看護リハビリステーション成増,株式会社ビコー,営利法人,1361990664,東京都板橋区成増１－２０－１２,03-6904-1728,2023-04-01,訪問看護ステーション,平日・土曜日・日曜日・祝日,300,https://bikou-group.com/,35.772244000000000,139.629599000000000
訪問看護,板橋区,13119,グロープ訪問看護リハビリステーション,株式会社サン・スーシ,営利法人,1361990698,東京都板橋区栄町３２－５－４１４,03-5944-1725,2023-08-01,訪問看護ステーション,平日・土曜日・日曜日・祝日,,,35.753895900000030,139.699233500000000
訪問看護,板橋区,13119,アワー訪問看護ステーション板橋,ＯＵＲ株式会社,営利法人,1361990714,東京都板橋区徳丸２－１９－１４ＦＵＵＷＡ徳丸１００,03-6906-4661,2023-10-01,訪問看護ステーション,平日・祝日,,,35.773913700000000,139.663673900000000
訪問看護,板橋区,13119,浮間舟渡病院訪問看護ステーション,医療法人社団慈誠会,医療法人,1361990722,東京都板橋区舟渡１－１７－１,03-5994-5170,2023-11-01,訪問看護ステーション,平日・土曜日,,,35.792763000000000,139.687085700000000
訪問看護,板橋区,13119,訪問看護ステーション　こんぱす,合同会社らふてる,営利法人,1361990748,東京都板橋区赤塚１－５－１１－３３号,03-6904-0343,2024-01-01,訪問看護ステーション,平日・土曜日・日曜日・祝日,50,https://www.laughtale24.com/,35.769754200000000,139.648616700000000
訪問看護,板橋区,13119,訪問看護ステーション　すきっぷ,株式会社ＳＫＩＰ,営利法人,1361990755,東京都板橋区成増１－２８－１５林屋ビル９０７号室,03-6904-1626,2024-03-01,訪問看護ステーション,平日・土曜日,,http://www.skip-hns.info,35.776009700000000,139.631860000000000
訪問看護,板橋区,13119,訪問看護ステーションプラスワン,一般社団法人プリントリード,社団・財団,1361990789,東京都板橋区舟渡３－２８－１４,03-5918-9466,2024-06-01,訪問看護ステーション,平日,,,35.795680600000000,139.682992600000000
訪問看護,板橋区,13119,ジェイサポート訪問看護ステーション,ジェイサポート株式会社,営利法人,1361990797,東京都板橋区徳丸４－８－１１,03-6909-7244,2024-08-01,訪問看護ステーション,平日・土曜日・日曜日・祝日,,,35.769829000000000,139.653060100000000
訪問看護,板橋区,13119,ＣＬＡＳＷＥＬＬ　小竹向原　訪問看護ステーション,ＫＣ－Ｗｅｌｆａｒｅ株式会社,営利法人,1361990813,東京都板橋区向原２－１１－１１,03-5926-7082,2024-11-01,訪問看護ステーション,平日・土曜日・日曜日・祝日,,https://kc-welfare.co.jp/,35.740225100000000,139.682168200000000
訪問看護,板橋区,13119,訪問看護いたばし感動ステーション,株式会社フォース,営利法人,1361990821,東京都板橋区仲町２８－７ー３Ｆ,03-5926-8013,2024-11-01,訪問看護ステーション,平日,,https://force.jp.net,35.752983100000000,139.696701500000000
訪問看護,板橋区,13119,ファミリーナース板橋,株式会社エイト,営利法人,1361990847,東京都板橋区双葉町７－１４なかねビル１０３,05036454417,2025-01-01,訪問看護ステーション,平日,,http://familynurse.eight1188.co.jp,35.756829534892810,139.701737761712900
訪問看護,板橋区,13119,訪問看護ステーション　ニト板橋,株式会社ニト,営利法人,1361990854,東京都板橋区大山金井町４０－６ハーモニー大山２０１号室,03-5945-1550,2025-02-01,訪問看護ステーション,平日・土曜日,,,35.747001300000000,139.703394600000000
訪問看護,板橋区,13119,訪問看護リハビリステーションさんぽ,株式会社サンショー,営利法人,1361990870,東京都板橋区赤塚１－５－１１第６藤ハイランド３５号室,03-6809-2705,2025-04-01,訪問看護ステーション,平日,,https://www.sunshow-wellbeing.com/,35.769754200000000,139.648616700000000
訪問看護,板橋区,13119,訪問看護ステーション　コルディアーレ板橋,株式会社ＪＳＨ,営利法人,1361990888,東京都板橋区板橋１－４９－３ライオンズマンション板橋２０７号室,03-6909-6107,2025-04-01,訪問看護ステーション,平日・土曜日・祝日,,http://www.jsh-japan.jp/,35.747658100000000,139.718774500000000
訪問看護,板橋区,13119,リクラス東京　訪問看護よつば,株式会社ＭＥＤＩ－ＦＵＬＬ,営利法人,1361990904,東京都板橋区中板橋２２－９堀越ビル１０２,03-5944-1764,2025-07-01,訪問看護ステーション,平日,,http://yotuba-kaigo.wixsite.com/my-site,35.755366866645540,139.697108766270450
訪問看護,板橋区,13119,サンベストビレッジ舟渡訪問看護ステーション,株式会社サンベスト東信,営利法人,1361990912,東京都板橋区舟渡３－１２－１３　２階,03-5918-7706,2025-07-01,訪問看護ステーション,平日,,,35.793290000000000,139.685171700000000
訪問看護,板橋区,13119,訪問看護リベル　板橋西台,株式会社リベルケア,営利法人,1361990938,東京都板橋区西台３－１－１４,03-6906-8448,2025-09-01,訪問看護ステーション,平日・土曜日・日曜日・祝日,,,35.772312200000000,139.670286900000000
訪問看護,板橋区,13119,やすら樹訪問看護,有限会社人智開発研究所,営利法人,1361990946,東京都板橋区桜川３－５－１５,03-6281-0106,2025-11-01,訪問看護ステーション,平日・土曜日・日曜日・祝日,,,35.759471900000000,139.673862800000000
訪問看護,板橋区,13119,訪問看護ステーションＨＹ板橋徳丸,ＨＹ合同会社,営利法人,1361990979,東京都板橋区徳丸１－３３－８不動ビル１０１,03-6281-0684,2026-04-01,訪問看護ステーション,,,,,
訪問看護,板橋区,13119,メディホス訪問看護板橋,株式会社メディホス,営利法人,1361990987,東京都板橋区前野町１－２９－１０,03-6454-5381,2026-05-01,訪問看護ステーション,,,,,
訪問看護,板橋区,13119,東京武蔵野病院訪問看護ステーション,一般財団法人精神医学研究所,社団・財団,1361991001,東京都板橋区小茂根４－１１－１１,03-5986-3122,2026-08-01,訪問看護ステーション,,,,,
訪問看護,板橋区,13119,愛の家みらい訪問看護ステーション　板橋西台,メディカル・ケア・サービス株式会社,営利法人,1361991019,東京都板橋区西台３－１－１４,03-6906-4280,2026-09-01,訪問看護ステーション,,,,,
訪問看護,板橋区,13119,グッドライフ訪問看護ステーション,株式会社グッドライフ,営利法人,1362091074,東京都板橋区成増１－３５－２５志幸７６ＭＡＮＤＡＲＩＮ成増２０５,03-5905-3077,2022-09-01,訪問看護ステーション,,,,,
訪問看護,板橋区,13119,訪問看護ステーション　ルピナス板橋,株式会社メディシステムソリューション,営利法人,1362190207,東京都板橋区赤塚２－４－１３,03-3935-5050,2013-05-01,訪問看護ステーション,平日・土曜日・日曜日・祝日,280,http://vns-lupinus.jp/,35.772282058339240,139.645771136657830
訪問看護,板橋区,13119,上板橋訪問看護リハビリステーション,医療法人社団慈誠会,医療法人,1367192156,東京都板橋区常盤台４－３６－６,03-5398-0557,2000-04-01,訪問看護ステーション,平日・土曜日,,http://www.jiseikai.or.jp,35.765270500000000,139.676151800000070
訪問看護,板橋区,13119,成増訪問看護ステーション,医療法人社団翠会,医療法人,1367192321,東京都板橋区三園１－２９－２２,03-3939-0880,2000-04-01,訪問看護ステーション,平日,,https://www.mhcg.or.jp,35.789753800000014,139.639618400000020
訪問看護,板橋区,13119,訪問看護ステーションつくしんぼ,医療法人社団つくしんぼ会,医療法人,1367192727,東京都板橋区大山西町７０－１０－２階,03-3955-1165,2000-04-01,訪問看護ステーション,平日,,http://www.tsukushinbokai.com/,35.747042200000020,139.693320200000020
訪問看護,板橋区,13119,板橋区医師会訪問看護ステーション,公益社団法人板橋区医師会,社団・財団,1367193311,東京都板橋区高島平２－３２－２－１０７,03-3931-4774,2000-04-01,訪問看護ステーション,平日・土曜日,160,https://www.itb.tokyo.med.or.jp/itb-zaitaku/station/,35.787280045314250,139.663715168200750
訪問看護,板橋区,13119,板橋リハビリ訪問看護ステーション,リハビリ推進センター株式会社,営利法人,1367196835,東京都板橋区氷川町２－１１,03-5943-3151,2003-05-01,訪問看護ステーション,平日・土曜日,,http://reha-progress.co.jp/,35.751350800000000,139.707682699999960
訪問看護,板橋区,13119,青出木訪問看護ステーション,有限会社三東工芸社,営利法人,1367197452,東京都板橋区小茂根１－２７－１６江古田第４ロイヤルコーポ１０３号室,03-6782-6942,2004-09-01,訪問看護ステーション,平日,50,https://aodeki-st.com/,35.746139100000000,139.677893899999960
訪問看護,練馬区,13120,訪問看護ステーション春,株式会社ＨＡＬ,営利法人,1361490293,東京都練馬区貫井３－１７－６,03-5848-2196,2020-05-01,訪問看護ステーション,平日・土曜日・日曜日・祝日,,https://haru-fujimidai.com,35.736930182235900,139.630279559690220
訪問看護,練馬区,13120,セントケアＤＸ訪問看護ステーション富士見台,セントケアＤＸ株式会社,営利法人,1361490426,東京都練馬区中村北４－１４－２,03-3577-8515,2024-03-01,訪問看護ステーション,平日・土曜日・日曜日・祝日,,https://www.saint-care.com/dx/,35.734670694300210,139.636710175563050
訪問看護,練馬区,13120,訪問看護ステーションすこやか工房,株式会社健康増進工房,営利法人,1362090035,東京都練馬区関町北１－２０－１６第２泉ビルＢ１Ｆ,03-6904-9077,2009-10-01,訪問看護ステーション,平日,120,http://k-z-k.co.jp/,35.726397400000000,139.579766999999950
訪問看護,練馬区,13120,訪問看護ステーション　ホームケア石神井公園,株式会社ミレニア,営利法人,1362090050,東京都練馬区石神井町７－１－１４石神井スカイビル　１１１号,03-5910-7160,2011-03-01,訪問看護ステーション,平日・土曜日・日曜日・祝日,,https://www.millennia-corporation.jp/houmon/index.html,35.743859900000010,139.603047800000000
訪問看護,練馬区,13120,石神井訪問看護ステーション,医療法人社団カタクリ会,医療法人,1362090100,東京都練馬区石神井町２－３２－８,03-3995-8752,2012-08-01,訪問看護ステーション,平日・祝日,120,http://www.katakurikai.jp,35.749239900000000,139.607833199999960
訪問看護,練馬区,13120,訪問看護ステーション星の砂,医療法人社団星の砂,医療法人,1362090191,東京都練馬区大泉町３－２－１７エステート大泉町１階,03-5947-4601,2013-10-01,訪問看護ステーション,平日,10,https://www.nerimanishi-clinic.com/home-nursing-care/,35.763454700000000,139.599964000000000
訪問看護,練馬区,13120,ひかり訪問看護リハビリステーション,株式会社ひかりケア,営利法人,1362090217,東京都練馬区東大泉２－７－２６葵コーポ１０１,03-5947-5244,2014-01-01,訪問看護ステーション,平日,,http://hikaricare.com/top.html,35.752178100000000,139.593915100000000
訪問看護,練馬区,13120,株式会社　さかえケアサービス　訪問看護ステーション,株式会社さかえケアサービス,営利法人,1362090290,東京都練馬区豊玉北５－１１－４さかえビル２０１,05055270848,2014-05-01,訪問看護ステーション,平日・土曜日・日曜日・祝日,,https://sakae5555.co.jp/,35.733984800000000,139.655549000000060
訪問看護,練馬区,13120,医療法人社団翠会　こころサポート石神井,医療法人社団翠会,医療法人,1362090373,東京都練馬区石神井町４－３－１６,03-5923-7531,2015-01-01,訪問看護ステーション,,,,,
訪問看護,練馬区,13120,ガイア訪問看護ステーション　練馬,株式会社ガイアメディケア,営利法人,1362090449,東京都練馬区豊玉上２－２５－９但馬ビル６Ｆ,03-5946-9666,2015-10-01,訪問看護ステーション,平日,,https://www.gaia-medicare.jp/,35.738012245785900,139.658351479237130
訪問看護,練馬区,13120,ひまわり訪問看護リハビリステーション,株式会社メディカルシステムネットワーク,営利法人,1362090480,東京都練馬区大泉学園町４－２２－４,03-6904-5146,2016-05-01,訪問看護ステーション,平日,150,https://nanohana-kango.jp/himawari/outline.html,35.766067900000020,139.587798600000040
訪問看護,練馬区,13120,訪問看護ステーション　わかば,株式会社フォーリーフクローバー,営利法人,1362090522,東京都練馬区富士見台３－１２－２１,03-6913-4619,2017-07-01,訪問看護ステーション,平日・土曜日・日曜日・祝日,150,https://wakaba-fourleafclover.com/,35.740026111897755,139.625622892138670
訪問看護,練馬区,13120,ＳＯＭＰＯケア　練馬　訪問看護,ＳＯＭＰＯケア株式会社,営利法人,1362090563,東京都練馬区豊玉北４－１１－１０東洋ライス東日本支店ビル１階,03-6915-8791,2017-12-01,訪問看護ステーション,平日,,https://www.sompocare.com/service/zaitaku/kango/Z000700,35.735372950971640,139.658899996038500
訪問看護,練馬区,13120,ハミングバード訪問看護ステーション,株式会社小手毬,営利法人,1362090589,東京都練馬区豊玉北４－２６－６ＤＳＴクリーンカーム４０３,03-6914-8658,2018-04-01,訪問看護ステーション,平日,100,https://kodemari.co.jp/,35.736884500000000,139.657520999999970
訪問看護,練馬区,13120,あかり訪問看護ステーション,一般社団法人あかり訪問看護ステーション,社団・財団,1362090621,東京都練馬区石神井町７－１－２本橋ビル２０１、３０１,03-5910-8580,2019-03-01,訪問看護ステーション,平日,,https://akari-homecare.org,35.744228274902305,139.603850083980860
訪問看護,練馬区,13120,つむぐ訪問看護ステーション,株式会社つむぐ風,営利法人,1362090654,東京都練馬区石神井町６－２６－２１－１０２号,03-6913-2695,2019-06-01,訪問看護ステーション,,,,,
訪問看護,練馬区,13120,なないろ訪問看護ステーション,ＮＳＨ合同会社,営利法人,1362090688,東京都練馬区三原台１－２９－８ライフステージ１０４号室,03-6904-5046,2019-09-01,訪問看護ステーション,平日・土曜日・日曜日・祝日,60,https://4rainbow.localinfo.jp/,35.750808335636660,139.603100728836130
訪問看護,練馬区,13120,訪問看護ステーション　はな　練馬,株式会社はな,営利法人,1362090704,東京都練馬区中村北１－３－８ＹＳビル１Ｆ・２Ｆ,03-6822-6562,2019-10-01,訪問看護ステーション,平日・土曜日・日曜日・祝日,100,https://hana-gr.com/company.html,35.736038000000000,139.649104900000000
訪問看護,練馬区,13120,訪問看護ステーション　コルディアーレ練馬,株式会社ＪＳＨ,営利法人,1362090738,東京都練馬区豊玉上２－２－５桜台ツーウッズビル３階,03-5946-9502,2019-11-01,訪問看護ステーション,,,,,
訪問看護,練馬区,13120,ヒロ訪問看護ステーション,合同会社ＨＩＬＯ,営利法人,1362090753,東京都練馬区早宮１－４４－３５,03-5946-6958,2020-04-01,訪問看護ステーション,平日・土曜日・日曜日・祝日,,https://www.hilo-houmon.tokyo/,35.752947100000010,139.658950000000000
訪問看護,練馬区,13120,訪問看護ステーション　えがお,株式会社ユニフォロー,営利法人,1362090779,東京都練馬区大泉学園町６－２－３ラフィーネ大泉学園Ｂ棟１０３,03-5935-7586,2020-07-01,訪問看護ステーション,平日・土曜日・日曜日・祝日,5,https://www.unifollow.co.jp/,35.768213499999990,139.583768400000000
訪問看護,練馬区,13120,ソフィアメディ訪問看護ステーション大泉学園,ソフィアメディ株式会社,営利法人,1362090795,東京都練馬区東大泉１－１９－３５三慶ビル３Ｆ,03-5935-8571,2020-08-01,訪問看護ステーション,平日・土曜日・日曜日・祝日,,https://www.sophiamedi.co.jp/,35.750539000000000,139.591911700000000
訪問看護,練馬区,13120,医療法人財団厚生協会　大泉学園訪問看護ステーション,医療法人財団厚生協会,医療法人,1362090811,東京都練馬区大泉学園町６－１４－３,03-5933-2800,2020-11-01,訪問看護ステーション,,,,,
訪問看護,練馬区,13120,楓ナーシング,合同会社Ｋａｅｄｅ,営利法人,1362090837,東京都練馬区練馬１－１－１２下島ビル３Ｆ,03-3992-5130,2020-12-01,訪問看護ステーション,平日,,https://www.kaede-llc.com,35.737829155927490,139.655851475196390
訪問看護,練馬区,13120,訪問看護ステーション　リハビタブル,株式会社リハビタブル,営利法人,1362090860,東京都練馬区田柄４－２８－１４,03-6904-2721,2021-02-01,訪問看護ステーション,平日・土曜日・祝日,,https://rehabitable.co.jp/,35.765302600000000,139.641234000000000
訪問看護,練馬区,13120,訪問看護ステーション　こころサポート光が丘,医療法人社団翠会,医療法人,1362090878,東京都練馬区土支田１－３４－２２加藤ビル２０１,03-3921-5061,2021-03-01,訪問看護ステーション,平日・土曜日,,https://www.mhcg.or.jp/search/f-943/,35.765724634617860,139.615508858091890
訪問看護,練馬区,13120,訪問看護ステーションいずみケア東京,株式会社ｉｎｎｏｃｅｎｔ　ｅａｒｔｈ,営利法人,1362090902,東京都練馬区関町東２－１５－７根岸コーポ１０１,03-6904-7015,2021-08-01,訪問看護ステーション,,,,,
訪問看護,練馬区,13120,りんく訪問看護ステーション,合同会社マミーズ,営利法人,1362090951,東京都練馬区練馬１－６－６カーサ・ポルタ　７０６,03-6914-7477,2021-10-01,訪問看護ステーション,平日,,https://link-houkan.com,35.737298200000000,139.651669500000000
訪問看護,練馬区,13120,訪問看護ステーション　くらしさ練馬,株式会社元気な介護,営利法人,1362090977,東京都練馬区土支田４－２３－２１,03-3925-6880,2022-02-01,訪問看護ステーション,,,,,
訪問看護,練馬区,13120,訪問看護ステーション・シナモンロール,一般社団法人つづく,社団・財団,1362090993,東京都練馬区東大泉１－２０－３８三宝ビル２０２,03-4400-8082,2022-02-01,訪問看護ステーション,,,,,
訪問看護,練馬区,13120,医心館　訪問看護ステーション　平和台,株式会社アンビス,営利法人,1362091033,東京都練馬区早宮２－１０－２６,03-6913-0622,2022-03-01,訪問看護ステーション,平日・土曜日・日曜日・祝日,,,35.754634900000000,139.653339700000000
訪問看護,練馬区,13120,ＴＯＥＩ訪問看護ステーション,ＴＯＥＩ株式会社,営利法人,1362091058,東京都練馬区練馬１－９－５セントラル練馬Ⅱ　１階,03-6914-5330,2022-04-01,訪問看護ステーション,平日・土曜日・祝日,100,https://www.toei-inc.jp,35.738292372463825,139.650853514908620
訪問看護,練馬区,13120,訪問看護　縁,株式会社メディホム,営利法人,1362091082,東京都練馬区桜台５－１４－５,03-6768-2837,2022-09-01,訪問看護ステーション,,,,,
訪問看護,練馬区,13120,レインボー訪問看護リハビリステーション,株式会社ワンダフルブリッジ,営利法人,1362091108,東京都練馬区桜台１－２９－２２メゾンマロニエ１０２,03-6914-7242,2022-09-01,訪問看護ステーション,平日・土曜日・日曜日,,https://rainbow-houkan.com/,35.741173300000014,139.667919800000000
訪問看護,練馬区,13120,にじのわ訪問看護ステーション,株式会社レインボーリンク,営利法人,1362091124,東京都練馬区大泉学園町７－１９－１７ＳＴプラザ大泉学園２０２号室,08070187007,2023-02-01,訪問看護ステーション,,,,,
訪問看護,練馬区,13120,ケア２１メディカル訪問看護ステーションぴ～す練馬,株式会社ケア２１メディカル,営利法人,1362091140,東京都練馬区桜台４－５－８ファミール桜台　１階　１０２号室,03-5912-1721,2023-04-01,訪問看護ステーション,平日,,,35.738776600000000,139.657883700000000
訪問看護,練馬区,13120,イーズ訪問看護ステーション,株式会社イーズ,営利法人,1362091173,東京都練馬区東大泉３－４－３大新ビル３０３号室,03-5935-9221,2023-08-01,訪問看護ステーション,平日,,,35.751000000000000,139.589561200000000
訪問看護,練馬区,13120,こころわ訪問看護ステーション練馬,株式会社ＣＯＣＯＲＯＷＡ．,営利法人,1362091181,東京都練馬区北町６－２０－３平和台不二ハイツ１０１,03-6909-7741,2023-09-01,訪問看護ステーション,平日,,https://houkan.cocorowa.biz/,35.760332500000000,139.655352600000000
訪問看護,練馬区,13120,陽だまり　訪問看護ステーション　大泉,株式会社Ｆｉｖｅ　Ｔｒｅｅｓ,営利法人,1362091207,東京都練馬区南大泉１－２６－１０,03-5947-3940,2023-10-01,訪問看護ステーション,平日・祝日,,https://tanashi-hidamari.com,35.741288500000000,139.574422900000000
訪問看護,練馬区,13120,ルネサンス　リハビリステーション富士見台,株式会社ルネサンス,営利法人,1362091223,東京都練馬区貫井３－１２－３３スポーツクラブルネサンス富士見台２４　内,03-5987-0200,2023-11-01,訪問看護ステーション,平日・祝日,30,https://www.s-re.jp/,35.736111500000000,139.627716400000000
訪問看護,練馬区,13120,訪問看護ステーションＨＡＹＡＢＵＳＡ,株式会社ＨＡＹＡＢＵＳＡ,営利法人,1362091249,東京都練馬区富士見台１－２６－２８サニーコーポ２０１号,03-5848-6290,2024-02-01,訪問看護ステーション,平日,,https://hayabusa-st.com/,35.734595600000000,139.619649200000000
訪問看護,練馬区,13120,あさひ訪問看護ステーション,株式会社リブイン,営利法人,1362091272,東京都練馬区田柄２－２７－２９フレンドマンション田柄１０６号室,03-5968-6211,2024-04-01,訪問看護ステーション,平日,80,https://lihd.co.jp/asahi-houmonkango/,35.765221599999990,139.648228099999980
訪問看護,練馬区,13120,ザオーケア訪問看護ステーション上石神井,アリア株式会社,営利法人,1362091298,東京都練馬区関町東１－１１－１８ホワイトヴィラＣ棟１０１,03-6904-9466,2024-07-01,訪問看護ステーション,平日・土曜日・日曜日・祝日,,,35.726124699999990,139.583666599999960
訪問看護,練馬区,13120,訪問看護ステーションひなげし,株式会社ミコム,営利法人,1362091330,東京都練馬区練馬１－５－４ＭＩビル８０１,03-6914-8291,2024-11-01,訪問看護ステーション,平日,,,35.737344100000020,139.653382199999980
訪問看護,練馬区,13120,みんなのケアステーション練馬,みんなのための株式会社,営利法人,1362091355,東京都練馬区豊玉上２－２５－７ゴールドパレス豊玉３０２,03-5838-5703,2025-02-01,訪問看護ステーション,平日,,https://www.minna-no.org/,35.737874900000000,139.658137200000000
訪問看護,練馬区,13120,ＣＬＡＳＷＥＬＬ　下石神井訪問看護ステーション,ＫＣ－Ｗｅｌｆａｒｅ株式会社,営利法人,1362091371,東京都練馬区下石神井２－３３－３,03-5393-8131,2025-03-01,訪問看護ステーション,平日・土曜日・日曜日・祝日,50,https://kc-welfare.co.jp/service/shimoshakujii/,35.728846800000000,139.606332000000000
訪問看護,練馬区,13120,医心館　訪問看護ステーション　中村橋,株式会社アンビス,営利法人,1362091397,東京都練馬区貫井１－３５－２,03-5848-5882,2025-04-01,訪問看護ステーション,平日・土曜日・日曜日・祝日,,,35.736678400000000,139.634230800000000
訪問看護,練馬区,13120,サンウェルズ石神井公園訪問看護ステーション,株式会社サンウェルズ,営利法人,1362091421,東京都練馬区石神井台４－１２－１６,03-5903-8089,2025-08-01,訪問看護ステーション,平日・土曜日・日曜日・祝日,,http://sunwels.jp,35.735301600000000,139.586575200000000
訪問看護,練馬区,13120,訪問看護ステーションはな　大泉学園,株式会社はな,営利法人,1362091454,東京都練馬区東大泉２－８－７パレスフォンテーンⅢ　１０１,03-6820-8542,2025-09-01,訪問看護ステーション,平日・土曜日,,https://www.hana-kango.com,35.751155000000004,139.593419100000000
訪問看護,練馬区,13120,ナラティブ訪問看護ステーション,ナラティブ株式会社,営利法人,1362091470,東京都練馬区高野台３－８－１０コーポ豊島２０５,03-6913-1032,2025-12-01,訪問看護ステーション,平日・土曜日,,https://www.20narrative25.com/,35.743510700000010,139.611694000000030
訪問看護,練馬区,13120,訪問看護ステーション　くつろぎ,株式会社ＷＥＡＶＥＣＡＲＥ,営利法人,1362091496,東京都練馬区大泉町２－２６－４６サンクレール２０１,03-6904-6233,2026-04-01,訪問看護ステーション,,,,,
訪問看護,練馬区,13120,ＳｍｉＬｏｏｐ訪問看護ステーション　練馬ステーション,株式会社ＵＮＣＯＬＯＲＥＤＪＡＰＡＮ,営利法人,1362091512,東京都練馬区北町７－９－２３ハミルトン１０５号室,09054321185,2026-04-01,訪問看護ステーション,,,,,
訪問看護,練馬区,13120,訪問看護ファミリー・ホスピス上石神井,ファミリー・ホスピス株式会社,営利法人,1362091538,東京都練馬区上石神井３－２－６,03-5903-8685,2026-06-01,訪問看護ステーション,,,,,
訪問看護,練馬区,13120,愛の家みらい訪問看護ステーション　武蔵関,メディカル・ケア・サービス株式会社,営利法人,1362091561,東京都練馬区関町東１－１７－１８第二マルトミ荘メゾネット北号室,03-5903-8963,2026-06-01,訪問看護ステーション,,,,,
訪問看護,練馬区,13120,訪問看護ステーションメドパー,株式会社ＭＥＤＰＥＲ,営利法人,1365490240,東京都練馬区西大泉５－３２－２３,042-439-8792,2023-04-01,訪問看護ステーション,平日・土曜日・日曜日・祝日,30,https://medper.jp,35.749979600000000,139.543288900000000
訪問看護,練馬区,13120,大泉訪問看護ステーション,東京保健生活協同組合,生協,1367192172,東京都練馬区石神井台６－９－１２,03-5933-0717,2000-04-01,訪問看護ステーション,平日,150,http://www.thoken.or.jp,35.740933430678370,139.584396428836040
訪問看護,練馬区,13120,医療法人社団翠会　北大泉訪問看護ステーション,医療法人社団翠会,医療法人,1367192560,東京都練馬区大泉町２－１７－１,03-3923-0223,2000-04-01,訪問看護ステーション,平日,,https://www.mhcg.or.jp/search/f-845/,35.760791200000000,139.602744300000040
訪問看護,練馬区,13120,医療法人社団翔洋会　訪問看護ステーションふきのとう,医療法人社団翔洋会,医療法人,1367193717,東京都練馬区大泉学園町８－２４－２５,03-3924-2086,2000-04-01,訪問看護ステーション,平日・土曜日,100,http://www.shoyokai.net/,35.773664400000000,139.598088900000000
訪問看護,練馬区,13120,あすなろ訪問看護ステーション,株式会社エムイーネット,営利法人,1367197007,東京都練馬区上石神井１－５－５パールビル１階,03-5991-9300,2003-06-01,訪問看護ステーション,平日,,https://asunaro-st.com,35.725409000000000,139.592082799999960
訪問看護,練馬区,13120,アール訪問看護ステーションねりま,医療法人社団黎明会,医療法人,1367198351,東京都練馬区豊玉北５－１２－９パレスシノ１階,03-5946-4321,2006-03-01,訪問看護ステーション,平日,75,http://houmonshinryou.com/network-list/reimei,35.735878157957540,139.655259143408220
訪問看護,足立区,13121,グリンケア訪問看護ステーション,株式会社リレイト,営利法人,1361890245,東京都足立区島根４－３８－５,03-5856-7542,2022-04-01,訪問看護ステーション,平日・祝日,,https://grincare-houkan.com,35.784630752293140,139.792614783081060
訪問看護,足立区,13121,株式会社絹心ひなた訪問看護ステーション,株式会社絹心,営利法人,1362190108,東京都足立区竹の塚３－５－５第５６新井ビル２０６,03-3884-6311,2011-10-01,訪問看護ステーション,平日・祝日,80,,35.789982100000000,139.798087300000020
訪問看護,足立区,13121,社会医療法人社団　昭愛会　あい訪問看護ステーション,社会医療法人社団昭愛会,医療法人,1362190140,東京都足立区西新井６－２４－１３,03-3898-1800,2012-04-01,訪問看護ステーション,平日,,http://www.mizuno.or.jp,35.781174400000000,139.775750700000000
訪問看護,足立区,13121,すみだ訪問看護ステーション,株式会社すみだ訪問看護ステーション,営利法人,1362190199,東京都足立区花畑４－３５－３,03-5831-8530,2013-05-01,訪問看護ステーション,平日・土曜日,,http://www.yuai-hospital.jp/kangost,35.805355200000000,139.805888900000000
訪問看護,足立区,13121,ベストリハ訪問看護ステーション,ベストリハ株式会社,営利法人,1362190280,東京都足立区千住２－３吾妻ビル６階,03-5813-9898,2014-08-01,訪問看護ステーション,平日・土曜日・日曜日・祝日,250,http://bestreha.com,35.749513781902856,139.799759545472370
訪問看護,足立区,13121,訪問看護ステーション　ツール,一般社団法人みち,社団・財団,1362190330,東京都足立区西新井１－２１－３アークトップ西新井３０７号室,03-6325-9153,2015-09-01,訪問看護ステーション,,,,,
訪問看護,足立区,13121,訪問看護ステーション　ウェルビー,株式会社はつ花,営利法人,1362190355,東京都足立区西新井６－４３－４じんのびビル,03-5647-6228,2015-10-01,訪問看護ステーション,平日・土曜日・日曜日・祝日,,,35.782365899999980,139.776917200000070
訪問看護,足立区,13121,訪問看護ステーション　はな,株式会社はな,営利法人,1362190413,東京都足立区日ノ出町３９－１３北千住第三ダイアモンドマンション　１０８号,03-6822-6552,2016-02-01,訪問看護ステーション,平日・土曜日,,http://www.hana-kango.com,35.752775799999990,139.807499499999950
訪問看護,足立区,13121,ＭＩＲＡＩ訪問看護ステーション東京,ＭＩＲＡＩ　ｓｔａｔｉｏｎ株式会社,営利法人,1362190496,東京都足立区千住仲町３－１サカイリグリーンパーク１０２,03-4567-6212,2016-09-01,訪問看護ステーション,,,,,
訪問看護,足立区,13121,訪問看護リハビリステーション　ハッピーヒル,株式会社ハッピーヒル,営利法人,1362190629,東京都足立区竹の塚１－２５－１７丸竹第一ビル５Ｆ,03-5851-8260,2019-02-01,訪問看護ステーション,平日・土曜日・祝日,110,http://happyhill.co.jp,35.792048800000000,139.791390200000020
訪問看護,足立区,13121,ユアーズホームナースステーション,合同会社アイベスト,営利法人,1362190645,東京都足立区栗原３－２－１－２２０３号,03-6674-3916,2019-04-01,訪問看護ステーション,平日・祝日,,,35.778507400000000,139.788414099999950
訪問看護,足立区,13121,訪問看護ステーション　コルディアーレ北千住,株式会社ＪＳＨ,営利法人,1362190686,東京都足立区千住３－６－１２ツオード千住壱番館８０３号室,03-5284-2050,2019-11-01,訪問看護ステーション,,,,,
訪問看護,足立区,13121,訪問看護ステーション　デライト足立,株式会社Ｈ＆Ｈホールディングス,営利法人,1362190702,東京都足立区西新井栄町２－２６－９牧野ビル１階,03-6807-2524,2020-02-01,訪問看護ステーション,,,,,
訪問看護,足立区,13121,訪問看護ステーション　はな　メンタルケア　竹ノ塚,株式会社はな,営利法人,1362190744,東京都足立区竹の塚４－６－３第３ヒカリマンション１Ｆ,03-6822-6555,2020-04-01,訪問看護ステーション,,,,,
訪問看護,足立区,13121,訪問看護ステーション　はな　六町,株式会社はな,営利法人,1362190769,東京都足立区六町１－１７－３３,03-6822-6557,2020-07-01,訪問看護ステーション,平日・土曜日・日曜日・祝日,,https://hana-gr.com,35.783580900000000,139.821460900000000
訪問看護,足立区,13121,訪問看護かえりえ竹ノ塚,株式会社やさしい手,営利法人,1362190793,東京都足立区東伊興３－２１－５フューチャー本社ビル４階,05017426431,2020-10-01,訪問看護ステーション,平日・土曜日・日曜日・祝日,,https://www.yasashiite.com/subdomains/section/622/,35.803400700000000,139.791661100000000
訪問看護,足立区,13121,訪問看護ステーション　リアン,株式会社リアン,営利法人,1362190835,東京都足立区千住旭町４０－２秀ビル３階,03-5284-4724,2021-01-01,訪問看護ステーション,平日・土曜日・日曜日・祝日,,https://houkan-lien.tokyo/,35.749749700000000,139.806435400000000
訪問看護,足立区,13121,訪問看護ステーション晴あか,株式会社ＲｉｎｏＡｋａ,営利法人,1362190884,東京都足立区千住３－２６,03-6555-4132,2021-08-01,訪問看護ステーション,平日・土曜日・日曜日・祝日,,https://www.hareaka.com/,35.751891943314334,139.802279508996260
訪問看護,足立区,13121,ぷえお訪問看護ステーション,株式会社Ｗｈａｔｓｈｏｕｌｄｂｅ,営利法人,1362190918,東京都足立区千住仲町１０－６パール仲町マンション１０４,03-5284-5268,2021-09-01,訪問看護ステーション,平日・土曜日・日曜日・祝日,10,https://pueo-houkanstation.com,35.745609200000004,139.798801699999980
訪問看護,足立区,13121,イーリス訪問看護ステーション,株式会社イーリス,営利法人,1362190942,東京都足立区綾瀬２－２７－７サンルートＡビル４０１号室,03-3601-5151,2021-11-01,訪問看護ステーション,平日・土曜日・日曜日・祝日,,,35.762143500000000,139.827902000000000
訪問看護,足立区,13121,はつね訪問看護ステーション,株式会社ビーハート,営利法人,1362190967,東京都足立区千住１－８－８スイシンビル４階,03-6806-1255,2022-04-01,訪問看護ステーション,平日・土曜日・日曜日・祝日,,https://hatsune.life,35.748110900000000,139.800269900000000
訪問看護,足立区,13121,ハートフルケア　クレス,株式会社ＣＳＣ,営利法人,1362190983,東京都足立区柳原２－１５－９－２０１,03-5284-9267,2022-06-01,訪問看護ステーション,平日・土曜日・日曜日・祝日,,,35.747774300000000,139.811299300000000
訪問看護,足立区,13121,訪問看護ステーション　はなえみ東京,株式会社Ｎｕｒｓｉｎｇｓｙｓｔｅｍ,営利法人,1362191007,東京都足立区保木間４－１５－４－１Ｆ,03-5284-9061,2022-11-01,訪問看護ステーション,平日・土曜日・日曜日・祝日,6,,35.746993400000000,139.803017200000000
訪問看護,足立区,13121,ミルカ訪問看護ステーション,株式会社モノリス,営利法人,1362191031,東京都足立区梅島２－３８－１１鴨下マンション２０３,03-5888-7639,2023-01-01,訪問看護ステーション,平日,,https://miruca-kango.jp/,35.778362600000000,139.798102400000000
訪問看護,足立区,13121,ハイタッチ訪問看護,株式会社結羽,営利法人,1362191056,東京都足立区舎人５－２４－１２シンスイフクダＢ－２,03-5647-6603,2023-02-01,訪問看護ステーション,平日・土曜日・祝日,,https://www.hi-houmon.com,35.813652900000000,139.766775400000000
訪問看護,足立区,13121,あやせ循環器リハビリ病院　訪問看護ステーション,医療法人社団栄悠会,医療法人,1362191072,東京都足立区谷中３－１２－１０,03-3605-2831,2023-04-01,訪問看護ステーション,平日,,,35.779508600000000,139.834653200000000
訪問看護,足立区,13121,輝　訪問看護ステーション,株式会社Ａｚ,営利法人,1362191114,東京都足立区大谷田４－７－４鈴木マンション２０３,03-6802-6356,2023-07-01,訪問看護ステーション,平日・土曜日・祝日,,https://hikarihoukan.com/,35.779554300000000,139.836872100000000
訪問看護,足立区,13121,スマイル優　訪問看護ステーション　西新井,合同会社Ｓａｌｉｘ,営利法人,1362191130,東京都足立区興野２－３－１５,03-5647-8081,2023-10-01,訪問看護ステーション,平日,,https://smileyou.me,35.766745583768845,139.779073607340280
訪問看護,足立区,13121,ｏｎｅケア　訪問看護ステーション,合同会社Ｏｎｅ,営利法人,1362191155,東京都足立区中央本町４－１１－４０カーサアライ　２０２号室,03-6807-2783,2023-11-01,訪問看護ステーション,平日・土曜日・日曜日・祝日,60,,35.773833406631660,139.806968943551250
訪問看護,足立区,13121,ハレノヒ訪問看護ステーション,株式会社Ｈａｌｅ,営利法人,1362191189,東京都足立区綾瀬３－１５－１遠藤ビルＡＮＮＥＸ３０１号室,03-5856-0835,2023-11-01,訪問看護ステーション,平日,20,https://www.harenohi-houkan.com,35.763754300000000,139.825438400000000
訪問看護,足立区,13121,訪問看護ステーション　らっこなーす,一般社団法人心泉,社団・財団,1362191205,東京都足立区梅田５－５－１６ガレージオフィス・プラムＡ,03-6807-2620,2024-03-01,訪問看護ステーション,平日・土曜日・祝日,,,35.781673500000000,139.781603000000000
訪問看護,足立区,13121,フォーリア訪問看護ステーション,株式会社ＩＨＮ,営利法人,1362191239,東京都足立区江北４－２－７アトリエ２階,03-5647-8875,2024-05-01,訪問看護ステーション,平日,20,https://foglia-ns.com/,35.772782300000020,139.769083400000000
訪問看護,足立区,13121,訪問看護ステーションかすみ草,株式会社花かつみ,営利法人,1362191262,東京都足立区本木２－２６－６,03-6807-2018,2024-09-01,訪問看護ステーション,平日・土曜日・日曜日・祝日,,https://kasumisou2024.com,35.769399475274080,139.783931673749900
訪問看護,足立区,13121,あまね訪問看護ステーション足立,医療法人涼和会,医療法人,1362191288,東京都足立区足立２－４０－１６コムロビル６Ｆ,03-5647-9887,2024-09-01,訪問看護ステーション,平日,,,35.793946800000000,139.787634900000000
訪問看護,足立区,13121,ひかり訪問看護ステーション城東,メディカルホットライン株式会社,営利法人,1362191304,東京都足立区綾瀬４－８－１７相善ビル５Ｆ,03-3527-9207,2024-10-01,訪問看護ステーション,平日・土曜日・日曜日・祝日,,,35.758564300000000,139.821672200000000
訪問看護,足立区,13121,はじめ訪問看護ステーション,合同会社蔵識,営利法人,1362191320,東京都足立区竹の塚４－１３－１０すがやビル２０１,03-5856-7951,2024-12-01,訪問看護ステーション,平日,,https://www.kurashiki-hajimehokan.com/,35.794943000000020,139.797982600000000
訪問看護,足立区,13121,訪問看護ステーションオール足立,合同会社オール,営利法人,1362191346,東京都足立区花畑１－８－１１カメリアビルＢ店舗,03-5856-4580,2025-01-01,訪問看護ステーション,平日・土曜日・日曜日・祝日,,,35.799409649082430,139.811777179762230
訪問看護,足立区,13121,ＳＡＮケアステーション六木,ＳＡＮ株式会社,営利法人,1362191361,東京都足立区六木３－２０－１６　１０２号,03-6802-6956,2025-01-01,訪問看護ステーション,平日・土曜日・日曜日・祝日,,,35.796672899999990,139.840230700000030
訪問看護,足立区,13121,訪問看護ステーション　ラ　メール足立,株式会社ＴＳＰ,営利法人,1362191387,東京都足立区竹の塚３－２０－１０國井ハイツ４０１号室,03-5856-6773,2025-02-01,訪問看護ステーション,平日,,,35.792672900000000,139.798478000000000
訪問看護,足立区,13121,ビコー訪問看護リハビリステーション足立,株式会社ビコー,営利法人,1362191403,東京都足立区栗原３－９－２オリエント第２ビル５０１,03-6806-4001,2025-04-01,訪問看護ステーション,平日・祝日,200,https://bikou-group.com/about/,35.778400900000030,139.784312599999960
訪問看護,足立区,13121,足立西すえひろ訪問看護ステーション,株式会社すえひろ,営利法人,1362191429,東京都足立区西新井２－９－１９,03-5856-9666,2025-04-01,訪問看護ステーション,平日・土曜日・日曜日・祝日,,https://suehiro-sakura.com/,35.783782200000000,139.782467800000000
訪問看護,足立区,13121,Ｋｏｃｈｉ訪問看護リハビリステーション足立店,東風株式会社,営利法人,1362191445,東京都足立区西新井本町５－６－２１メープルハイツ１０１,03-5888-5193,2025-05-01,訪問看護ステーション,平日・土曜日・日曜日・祝日,,https://kochi-station-adachi.com/,35.774344800000000,139.783501800000000
訪問看護,足立区,13121,株式会社在宅医療サポートセンターりあん訪問看護ステーション綾瀬,株式会社在宅医療サポートセンター,営利法人,1362191478,東京都足立区谷中２－７－２エクセル北綾瀬Ⅱ４階,03-5856-0159,2025-09-01,訪問看護ステーション,平日,,https://shusikai-group.jp/,35.776969100000010,139.832474300000000
訪問看護,足立区,13121,ｓｔｅｌｌａ訪問看護足立ステーション,ｓｔｅｌｌａ８３株式会社,営利法人,1362191494,東京都足立区足立３－１２－７ＳＴＥＬＬＡＳ足立２階,03-5926-7953,2025-09-01,訪問看護ステーション,平日,,https://stella83.jp/,35.763342211570496,139.811050280426030
訪問看護,足立区,13121,こころのゆうき訪問看護ステーション東京,ＮＲＴｓｔａｔｉｏｎ合同会社,営利法人,1362191528,東京都足立区千住３－３２ザ・パークハビオ北千住１００９号室,03-4500-8617,2025-10-01,訪問看護ステーション,平日・土曜日・祝日,,,35.750863900000000,139.801812200000000
訪問看護,足立区,13121,訪問看護ステーション　メディコ,株式会社苑田メディコ,営利法人,1362191544,東京都足立区保木間３－４－１０,07032823010,2026-01-01,訪問看護ステーション,平日,,,35.796482300000000,139.802910500000000
訪問看護,足立区,13121,訪問看護ステーションココエル　足立入谷,株式会社ビオネスト,営利法人,1362191569,東京都足立区入谷９－１４－１４,03-5809-5562,2026-01-01,訪問看護ステーション,平日・土曜日・日曜日・祝日,,,35.808432792415930,139.757242025131230
訪問看護,足立区,13121,なゆた訪問看護ステーション,株式会社那由多,営利法人,1362191585,東京都足立区江北４－１０－３,03-6807-1402,2026-02-01,訪問看護ステーション,平日・土曜日・日曜日・祝日,40,http://nayuta-kango.com/,35.771152600000000,139.765430100000000
訪問看護,足立区,13121,訪問看護ステーションＨＩＢＩＳＵ西新井,株式会社ＢＩＳＣＵＳＳ,営利法人,1362191601,東京都足立区西新井５－２３－１,03-5837-4068,2026-04-01,訪問看護ステーション,,,,,
訪問看護,足立区,13121,あっぷけあ訪問看護ステーション西新井,あっぷけあＭＥＤＩＣＡＬ株式会社,営利法人,1362191635,東京都足立区西新井１－７－１４春日ビル１階・３階,03-6869-9923,2026-06-01,訪問看護ステーション,,,,,
訪問看護,足立区,13121,訪問看護ファミリー・ホスピス西新井,ファミリー・ホスピス株式会社,営利法人,1362191650,東京都足立区西新井１－１－３,03-5809-5140,2026-06-01,訪問看護ステーション,,,,,
訪問看護,足立区,13121,訪問看護ステーション　ひといろ,株式会社ＳＩＮＣＥＲＥ,営利法人,1362191676,東京都足立区千住旭町３５－１７ｉｓｍ１０１０　３Ｆ,03-6806-2014,2026-08-01,訪問看護ステーション,,,,,
訪問看護,足立区,13121,ちから訪問看護ステーション,合同会社ちから,営利法人,1362191692,東京都足立区保塚町５－２７グランソフィア保塚２０１,03-5831-5713,2026-09-01,訪問看護ステーション,,,,,
訪問看護,足立区,13121,訪問看護ステーションＴＥＴＯＴＥ北千住,株式会社ＤＥＬＴＡＭＥＤＩＣＡＬ,営利法人,1362191726,東京都足立区日ノ出町２３－２リアル北千住１０１,03-5813-4802,2026-09-01,訪問看護ステーション,,,,,
訪問看護,足立区,13121,訪問看護ステーション等潤,社会医療法人社団慈生会,医療法人,1367191133,東京都足立区一ツ家４－２－１５　１階,03-3850-1800,2000-04-01,訪問看護ステーション,平日・土曜日,20,http://www.jiseikai-phcc.jp/facilities/jiseikai_homon-kango/,35.779136020199300,139.816295646557600
訪問看護,足立区,13121,医療法人財団厚生協会訪問看護ステーション保木間,医療法人財団厚生協会,医療法人,1367191943,東京都足立区保木間５－２３－２０,03-3860-3965,2000-04-01,訪問看護ステーション,平日・土曜日,,https://tokyoadachi-med.jp/group/hokima/,35.804202600000000,139.804614099999980
訪問看護,足立区,13121,亀有訪問看護ステーション,医療法人社団成仁,医療法人,1367192685,東京都足立区中川４－２－１４,050-3734-5291,2000-04-01,訪問看護ステーション,,,,,
訪問看護,足立区,13121,本木訪問看護ステーション,医療法人社団洪泳会,医療法人,1367192818,東京都足立区関原３－３１－１９ソレイユセキエイ４Ｆ,03-3880-4050,2000-04-01,訪問看護ステーション,平日,80,,35.772889999999990,139.788264600000020
訪問看護,足立区,13121,あすは東伊興訪問看護ステーション,医療法人社団あすは会,医療法人,1367194053,東京都足立区東伊興３－２０－７,03-5691-1681,2000-04-01,訪問看護ステーション,平日・土曜日,,http://www7b.biglobe.ne.jp/~asuha/,35.803230500000000,139.791756900000000
訪問看護,足立区,13121,スマイル訪問看護ステーション,有限会社オフィスエー,営利法人,1367195720,東京都足立区西新井５－１３－４,03-5838-2825,2000-12-01,訪問看護ステーション,,,,,
訪問看護,葛飾区,13122,東京華仁訪問看護ステーション,東京癒心健康研究所合同会社,営利法人,1361790387,東京都葛飾区東新小岩１－９－８太田ビル１０１号室,03-4361-3228,2022-11-01,訪問看護ステーション,平日・土曜日・日曜日・祝日,10,https://kajinkango.com/,35.719404399999995,139.860194599999970
訪問看護,葛飾区,13122,株式会社フローレンス・Ｎ訪問看護事業所フローレンス柴又,株式会社フローレンス・Ｎ,営利法人,1362090571,東京都葛飾区柴又５－８－１３コンフォートフォレスタ新柴又１階,03-5903-8256,2018-01-01,訪問看護ステーション,,,,,
訪問看護,葛飾区,13122,ベル東堀切訪問看護ステーション,有限会社ベル,営利法人,1362290015,東京都葛飾区東堀切１－１９－４,03-3602-2595,2008-04-01,訪問看護ステーション,平日,100,https://bell-care.jp/,35.750432100000000,139.836183200000050
訪問看護,葛飾区,13122,株式会社ウッディ　訪問看護ステーション　はーと,株式会社ウッディ,営利法人,1362290049,東京都葛飾区東金町１－３８－６宇羽野ビル４階,03-5876-9601,2009-05-01,訪問看護ステーション,平日,,http://houmonkanngo-heart.com/,35.770924668382530,139.871923794334400
訪問看護,葛飾区,13122,訪問看護ステーション　オアシス,株式会社Ｔ＆Ｉ,営利法人,1362290064,東京都葛飾区立石６－３３－８－１０１,03-5672-2393,2011-02-01,訪問看護ステーション,平日・土曜日,40,https://oasis-katsushika.com/,35.742999900000000,139.852354099999960
訪問看護,葛飾区,13122,立石訪問看護ステーションペンギン,社会医療法人社団正志会,医療法人,1362290080,東京都葛飾区立石５－９－２６ケアガーデンＩＳＨＩＤＡ　１階,03-6657-7891,2012-10-01,訪問看護ステーション,平日・土曜日,150,http://www.heisei-tateishi.net/visitor/community.html#penguin,35.742647241390890,139.843843701991300
訪問看護,葛飾区,13122,訪問看護ステーション　デューン葛飾,株式会社Ｎ・フィールド,営利法人,1362290098,東京都葛飾区新小岩１－５１－１３新小岩大栄ビル６階,03-5879-6029,2013-01-01,訪問看護ステーション,,,,,
訪問看護,葛飾区,13122,株式会社　メディハート　訪問看護ステーション　みどり,株式会社メディハート,営利法人,1362290106,東京都葛飾区青戸５－１４－８ファミーユ小池３０１,03-6808-3223,2013-02-01,訪問看護ステーション,平日,160,,35.741786100000000,139.848412999999940
訪問看護,葛飾区,13122,しおん訪問看護ステーション,医療法人社団埼玉双泉会,医療法人,1362290130,東京都葛飾区青戸５－３０－１５,03-5629-4550,2014-02-01,訪問看護ステーション,平日,14,https://shion-houkan.jp,35.748305934956626,139.855812850401300
訪問看護,葛飾区,13122,医療法人社団明芳会　葛飾ロイヤル訪問看護ステーション,医療法人社団明芳会,医療法人,1362290148,東京都葛飾区堀切２－６６－１７,03-5671-2363,2014-04-01,訪問看護ステーション,平日・土曜日,3,http://www.ims.gr.jp/reha-tokyo-katsushika/station/index.html,35.744498563119050,139.831305497669860
訪問看護,葛飾区,13122,医療法人社団ＭＸＰＧレッツ訪問看護ステーション,医療法人社団ＭＸＰＧ,医療法人,1362290189,東京都葛飾区細田４－１８－３エクセルハイム細田１０３,03-5622-7011,2015-03-01,訪問看護ステーション,平日,,http://www.mxpg.jp,35.743262561233394,139.871384738345340
訪問看護,葛飾区,13122,あしたも笑顔訪問看護ステーション,シンビオシス株式会社,営利法人,1362290221,東京都葛飾区新宿５－７－２０リバーサイド新宿１Ｆ,03-5876-9954,2015-10-01,訪問看護ステーション,平日,,http://asitaegaokango.com/,35.765214800000030,139.859247999999980
訪問看護,葛飾区,13122,新小岩訪問看護ステーションほほえみ,株式会社ソラスト,営利法人,1362290247,東京都葛飾区東新小岩８－８－１１,03-5670-6662,2016-02-01,訪問看護ステーション,平日,10,https://www.solasto.co.jp/,35.727184800000000,139.849416499999960
訪問看護,葛飾区,13122,むつみ訪問看護ステーション,株式会社総和,営利法人,1362290254,東京都葛飾区西新小岩３－１５－１０,03-3692-2565,2016-05-01,訪問看護ステーション,平日・土曜日・日曜日・祝日,,http://mutsumi-houkan.net,35.720224300000000,139.848916899999950
訪問看護,葛飾区,13122,セントケア訪問看護ステーション葛飾,セントケア東京株式会社,営利法人,1362290262,東京都葛飾区高砂５－１０－５シルバーハイツ高砂１Ｆ,03-3826-5058,2016-10-01,訪問看護ステーション,平日・土曜日・祝日,,https://www.saint-care.com/tokyo/about/,35.751954599999990,139.864122999999980
訪問看護,葛飾区,13122,訪問看護ステーション　デューンお花茶屋,株式会社Ｎ・フィールド,営利法人,1362290304,東京都葛飾区お花茶屋１－１５－６Ｍａｘｉｍａｓ　Ⅱ　１０１号室,03-6662-6925,2017-06-01,訪問看護ステーション,,,,,
訪問看護,葛飾区,13122,訪問看護ステーション　デライト葛飾,株式会社Ｈ＆Ｈホールディングス,営利法人,1362290312,東京都葛飾区亀有１－２２－１７,03-5629-9030,2017-08-01,訪問看護ステーション,平日・土曜日・祝日,150,https://hokan-delight.jp/,35.759151300000006,139.847268300000000
訪問看護,葛飾区,13122,ウィズ・ユー葛飾　訪問看護,株式会社春,営利法人,1362290320,東京都葛飾区お花茶屋１－２０－５,03-6662-6962,2017-09-01,訪問看護ステーション,平日・土曜日・日曜日・祝日,,http://halmed.jp/,35.748032500000000,139.840993900000060
訪問看護,葛飾区,13122,ルミナスの和訪問看護ステーション,株式会社ホリスティックメディカル,営利法人,1362290346,東京都葛飾区高砂８－１２－４マンション戸部１０２号室,03-5876-5773,2018-11-01,訪問看護ステーション,平日,5,https://luminousnowa.com/,35.753320700000000,139.868243900000040
訪問看護,葛飾区,13122,医療法人財団謙仁会　亀有病院訪問看護ステーションペンギン,医療法人財団謙仁会,医療法人,1362290353,東京都葛飾区亀有３－３６－３,03-6662-9820,2019-01-01,訪問看護ステーション,平日,65,http://www.kameari-hp.com/,35.763347300000010,139.849205900000010
訪問看護,葛飾区,13122,訪問看護ステーション　ここ未来,株式会社読売ニュースサービス,営利法人,1362290379,東京都葛飾区南水元２－２９－１１ラ・フォンテーヌ１０２,03-5876-6616,2019-02-01,訪問看護ステーション,平日・祝日,,https://cocomirai.studio.site/,35.779279165884570,139.859104078746440
訪問看護,葛飾区,13122,訪問リハ看護ステーション　立夏,合同会社立夏,営利法人,1362290403,東京都葛飾区金町５－１４－４豊栄ビル２０１,03-5648-2505,2019-06-01,訪問看護ステーション,平日・土曜日・日曜日・祝日,15,https://www.licca.support,35.768448417547650,139.866598190616660
訪問看護,葛飾区,13122,かなちゅう訪問看護ステーション,医療法人社団玲瓏会,医療法人,1362290411,東京都葛飾区金町１－９－７星野マンション４０１号室,03-5876-6278,2019-06-01,訪問看護ステーション,平日・土曜日・祝日,,http://www.reiroukai.or.jp/visiting-nursing/,35.763492800000000,139.866103800000020
訪問看護,葛飾区,13122,訪問看護ステーション　コルディアーレ新小岩,株式会社ＪＳＨ,営利法人,1362290437,東京都葛飾区西新小岩４－４２－１２イソマビル５階,03-6657-7494,2019-11-01,訪問看護ステーション,,,,,
訪問看護,葛飾区,13122,訪問看護リハビリステーションほのぼの,株式会社ほのぼの,営利法人,1362290445,東京都葛飾区柴又３－４－１４,03-5648-3077,2020-01-01,訪問看護ステーション,平日・祝日,,,35.761054599999994,139.869786200000000
訪問看護,葛飾区,13122,ＳＯＭＰＯケア　葛飾　訪問看護,ＳＯＭＰＯケア株式会社,営利法人,1362290452,東京都葛飾区青戸３－３３－１４サンプラザビル５階,03-6240-7035,2020-04-01,訪問看護ステーション,平日・祝日,,https://www.sompocare.com/service/zaitaku/kango/Z000814,35.746709509485704,139.855511770500210
訪問看護,葛飾区,13122,ニチイライフケア柴又ナースステーション,株式会社ニチイケアパレス,営利法人,1362290460,東京都葛飾区柴又７－１３－８,03-6806-9437,2020-05-01,訪問看護ステーション,平日・土曜日・日曜日・祝日,,,35.759928300000000,139.878361400000000
訪問看護,葛飾区,13122,ウェルフォース訪問看護ステーション,株式会社ウェルフォース,営利法人,1362290486,東京都葛飾区白鳥２－１０－７,03-6662-5208,2020-09-01,訪問看護ステーション,平日・土曜日・日曜日・祝日,,http://www.elsol-group.jp,35.748520200000010,139.844049300000000
訪問看護,葛飾区,13122,訪問看護ステーションかえで,株式会社サイマム,営利法人,1362290502,東京都葛飾区お花茶屋２－１７－８,03-6823-1442,2021-03-01,訪問看護ステーション,,,,,
訪問看護,葛飾区,13122,訪問看護ステーション　コルディアーレ葛飾,株式会社ＪＳＨ,営利法人,1362290528,東京都葛飾区金町１－１９－３日立金町ビル５階,03-5876-6296,2021-04-01,訪問看護ステーション,,,,,
訪問看護,葛飾区,13122,訪問看護ステーション　はな　金町,株式会社はな,営利法人,1362290544,東京都葛飾区金町５－２４－１８グランフレア金町１Ｆ,03-6822-6707,2021-08-01,訪問看護ステーション,平日・土曜日・日曜日・祝日,,https://www.hana-kango.com/,35.765927200000014,139.868745900000000
訪問看護,葛飾区,13122,訪問看護ステーション人薬,株式会社ＮＥＸＵＳ,営利法人,1362290569,東京都葛飾区白鳥４－１７－１６カーサ白鳥１０２号室,03-6240-7896,2022-02-01,訪問看護ステーション,平日・土曜日,,http://kango-hitogusuri.com,35.754724800000000,139.849390900000000
訪問看護,葛飾区,13122,さくらんぼ訪問看護ステーション,株式会社彩心,営利法人,1362290577,東京都葛飾区青戸７－５－７ハイムアルベール１０１,03-3602-3301,2022-05-01,訪問看護ステーション,平日・土曜日,,http://sakuranbo24.com,35.753985800000000,139.852467000000000
訪問看護,葛飾区,13122,訪問看護ステーション藤の花,株式会社ｓｈｉｐ,営利法人,1362290585,東京都葛飾区青戸６－１－１５万平ハイツ１０１,03-6662-4083,2022-06-01,訪問看護ステーション,平日,,https://fujihanast.wixsite.com/fujihana-site,35.747123400000000,139.856943400000030
訪問看護,葛飾区,13122,ゆい訪問看護リハビリステーション,株式会社インペックス,営利法人,1362290593,東京都葛飾区青戸２－１２－１スカイコート石川１０１号,03-6662-5137,2022-08-01,訪問看護ステーション,平日,,https://impex.tokyo/yui-horikiri/,35.747212100000006,139.858301200000000
訪問看護,葛飾区,13122,デイズ訪問看護リハビリステーション新小岩,Ｄａｙｓｒｉｇｈｔｃａｒｅ株式会社,営利法人,1362290619,東京都葛飾区西新小岩４－３９－２８,03-5875-6144,2023-02-01,訪問看護ステーション,平日,100,https://days-right-care.com/,35.719907599999990,139.855416500000000
訪問看護,葛飾区,13122,よつぎ訪問看護ステーション,界立産業株式会社,営利法人,1362290627,東京都葛飾区四つ木４－３０－３０,03-6662-8517,2023-04-01,訪問看護ステーション,平日・土曜日,20,http://hp.kaipoke.biz/vwz/,35.741365300000000,139.834773100000000
訪問看護,葛飾区,13122,ギフト訪問看護ステーション,株式会社ギフト,営利法人,1362290635,東京都葛飾区堀切４－１２－７コーポ堀切１０２,03-5670-2100,2023-04-01,訪問看護ステーション,平日・土曜日・日曜日・祝日,60,http://katsushika-gifthokan.com,35.747387900000000,139.825648300000000
訪問看護,葛飾区,13122,訪問看護ステーションおにぎり,ウコウコヤオ株式会社,営利法人,1362290643,東京都葛飾区東水元５－１１－８　２階,03-5876-3061,2023-04-01,訪問看護ステーション,平日,,,35.791140899999990,139.865245900000000
訪問看護,葛飾区,13122,訪問看護ステーション　向日葵,株式会社ＮＥＸＴＩｎｎｏｖａｔｉｏｎ,営利法人,1362290650,東京都葛飾区柴又５－３２－１３オレンジタビー３０５,03-6657-9105,2023-05-01,訪問看護ステーション,,,,,
訪問看護,葛飾区,13122,Ｆａｍｉｌｙ　Ｎｕｒｓｅ葛飾,ＳｋｙｅＮｕｒｓｉｎｇ株式会社,営利法人,1362290676,東京都葛飾区堀切２－４－５ＣＯＲＳＡ堀切３０２号,05088854615,2023-08-01,訪問看護ステーション,平日,,https://familynurse-fc.jp/katsushika/,35.742923947053840,139.825121723313540
訪問看護,葛飾区,13122,在宅療養支援ステーション　楓の友かつしか,株式会社ＩＳＩＴＥＮ,営利法人,1362290684,東京都葛飾区亀有１－１５－２３間医療モール３Ｆ,03-6821-6621,2023-09-01,訪問看護ステーション,平日・土曜日・日曜日・祝日,,https://www.kaedenotomo.com/,35.758161000000000,139.845868700000000
訪問看護,葛飾区,13122,えんじゅ訪問看護ステーション,株式会社えんじゅ,営利法人,1362290692,東京都葛飾区東金町２－２６－３エスペラントハイツⅠ　１０１号室,03-5876-9162,2024-11-01,訪問看護ステーション,平日,,https://www.halloenjyu.com/,35.774342600000000,139.870186200000000
訪問看護,葛飾区,13122,サクラボ訪問看護ステーション,Ｅ＆Ｎ株式会社,営利法人,1362290700,東京都葛飾区青戸６－３－３シャムロック２０４号室,03-6662-6025,2025-01-01,訪問看護ステーション,平日・土曜日・祝日,,https://sakulabo-houkan.com/,35.748205046357340,139.857023996924200
訪問看護,葛飾区,13122,訪問看護ステーション　トータルケア亀有,株式会社ブレイバンス,営利法人,1362290718,東京都葛飾区亀有３－３３－１５ジラソーレ雅１０３,03-6662-4794,2025-02-01,訪問看護ステーション,,,,,
訪問看護,葛飾区,13122,プレシャスケア訪問看護ステーション,株式会社プレシャス,営利法人,1362290726,東京都葛飾区青戸８－３－１３タウンハイツ亀有１　２０８,03-6662-7962,2025-07-01,訪問看護ステーション,平日,,https://www.precious-care.jp/,35.756817599515070,139.850064399722300
訪問看護,葛飾区,13122,ＡＹＡＮＡ訪問看護ステーション,ＡＹＡＮＡ合同会社,営利法人,1362290734,東京都葛飾区亀有３－１６－１５メリーマンション２０２,08070174411,2025-09-01,訪問看護ステーション,平日・土曜日・祝日,,https://ayanagroup.jp/station/,35.763550500000000,139.848546900000000
訪問看護,葛飾区,13122,いぶき訪問看護ステーション,株式会社在宅医療サポートセンター,営利法人,1362290742,東京都葛飾区細田３－１３－３９　１階,03-6806-9733,2025-09-01,訪問看護ステーション,平日,,,35.742838299999980,139.867089799999970
訪問看護,葛飾区,13122,訪問看護ステーション　コルディアーレ青戸,株式会社ＪＳＨ,営利法人,1362290767,東京都葛飾区青戸６－４－２１青戸６丁目事務所１階,03-6662-7930,2025-11-01,訪問看護ステーション,平日・土曜日・祝日,,,35.747845600000005,139.856929300000000
訪問看護,葛飾区,13122,訪問看護ステーション夏,株式会社夏,営利法人,1362290775,東京都葛飾区小菅２－２２－１０　１階,03-5654-6977,2025-12-01,訪問看護ステーション,,,,,
訪問看護,葛飾区,13122,訪問看護ステーションオアシス高砂,株式会社Ｔ＆Ｉ,営利法人,1362290791,東京都葛飾区高砂３－１６－３－１０１リナハイツ,03-5655-9028,2026-04-01,訪問看護ステーション,,,,,
訪問看護,葛飾区,13122,葛飾区医師会訪問看護ステーション,一般社団法人葛飾区医師会,社団・財団,1367191695,東京都葛飾区立石６－８－１４パークアベニュー１階,03-5670-8100,2000-04-01,訪問看護ステーション,平日,,http://katsushika-med.or.jp/kaigo/index.html,35.746219000000000,139.847308300000000
訪問看護,葛飾区,13122,コープ訪問看護ステーション,東京葛飾医療生活協同組合,生協,1367191836,東京都葛飾区白鳥２－３－６,03-3690-7112,2000-04-01,訪問看護ステーション,平日,130,http://www.katuseikyou.or.jp/,35.749821100000000,139.843093599999970
訪問看護,葛飾区,13122,訪問看護ステーションステラ,医療法人社団眞仁会,医療法人,1367192636,東京都葛飾区新宿２－１６－４,03-3826-8728,2000-04-01,訪問看護ステーション,平日,,http://www.shinjinkai.net/,35.760981554422260,139.857097201852400
訪問看護,葛飾区,13122,東京愛育苑訪問看護ステーション,社会福祉法人東京愛育苑,社会福祉法人（社協以外）,1367192925,東京都葛飾区水元３－１３－２,03-5660-1123,2000-04-01,訪問看護ステーション,平日・土曜日,85,https://www.aiikuen-gr.com,35.782297400000000,139.863482200000020
訪問看護,葛飾区,13122,社会医療法人社団光仁会ひかり訪問看護ステーション,社会医療法人社団光仁会,医療法人,1367193030,東京都葛飾区東金町４－３－７,03-5660-6061,2000-04-01,訪問看護ステーション,平日,,,35.772662300000000,139.876714699999980
訪問看護,葛飾区,13122,医療法人勝又　訪問看護ステーションすこやか,医療法人勝又,医療法人,1367193683,東京都葛飾区西新小岩４－３９－２０,03-5672-6055,2000-04-01,訪問看護ステーション,平日・土曜日,200,http://www.isuzukai.com/,35.720332700000014,139.855418999999980
訪問看護,葛飾区,13122,医療法人財団慈光会　しょうぶ訪問看護ステーション,医療法人財団慈光会,医療法人,1367193881,東京都葛飾区堀切７－４－３,03-3603-0002,2000-04-01,訪問看護ステーション,平日・土曜日,130,http://horikiri-ch.or.jp,35.754115624753400,139.827811482209000
訪問看護,葛飾区,13122,医療法人社団健寿会　阿久津訪問看護ステーション,医療法人社団健寿会,医療法人,1367194707,東京都葛飾区高砂２－３０－２１,03-3659-7030,2000-04-01,訪問看護ステーション,,,,,
訪問看護,葛飾区,13122,トーリツ　訪問看護ステーション新小岩,株式会社トーリツ,営利法人,1367197890,東京都葛飾区東新小岩７－１－３－２Ｆ,03-5671-0232,2005-06-01,訪問看護ステーション,平日・祝日,100,http://www.to-ritsu.co.jp,35.723524000000000,139.852894099999960
訪問看護,江戸川区,13123,訪問看護ステーション都葦,株式会社ケアエクスプレス都葦,営利法人,1362390013,東京都江戸川区宇喜田町１３１１－１ファミール宇喜田１０１号室,03-5679-5052,2008-04-01,訪問看護ステーション,平日,,http://ce-kuniyoshi.com,35.675529944902670,139.863919250995650
訪問看護,江戸川区,13123,訪問看護ステーション　さくら,有限会社ライフステージ,営利法人,1362390021,東京都江戸川区中葛西２－１－１８第６長庄マンション　２０３,03-5674-6065,2008-05-01,訪問看護ステーション,平日,,http://www.LS-skr.com,35.669069876598760,139.872603111578460
訪問看護,江戸川区,13123,城東訪問看護ステーション,有限会社ラビット,営利法人,1362390047,東京都江戸川区西葛西３－２２－１５,03-5676-5011,2009-09-01,訪問看護ステーション,平日,10,http://www.rabbit-jp.net/,35.666852893621510,139.859376484377200
訪問看護,江戸川区,13123,訪問看護ステーション　ナース花きりん,特定非営利活動法人コラボえどがわ,非営利法人（NPO）,1362390088,東京都江戸川区中葛西６－１０－７江戸川ビル２階,03-3869-1730,2012-08-01,訪問看護ステーション,平日,120,https://www.collaboedogawa.net/,35.659947523808700,139.873369000629030
訪問看護,江戸川区,13123,訪問看護ステーションひまわり,医療法人社団 希和会,医療法人,1362390096,東京都江戸川区東葛西８－１９－１６,03-6808-5012,2012-09-01,訪問看護ステーション,平日,100,http://www.kiwakai.info,35.656057800000000,139.880488499999960
訪問看護,江戸川区,13123,東京ケアメディカル,株式会社ウメザワ,営利法人,1362390120,東京都江戸川区西篠崎２－７－３０,03-6231-8808,2014-01-01,訪問看護ステーション,平日,,http://ume-care.com/care/index.html,35.710225657713636,139.895882100030550
訪問看護,江戸川区,13123,さかいリハ訪問看護ステーション・東京,株式会社祥ファクトリ,営利法人,1362390146,東京都江戸川区一之江８－１９－６彦新ビルⅠ　４階,03-5879-5031,2014-04-01,訪問看護ステーション,平日・土曜日・祝日,30,https://sakaireha.com/,35.685400243218570,139.884740544180320
訪問看護,江戸川区,13123,医療法人社団城東桐和会　タムス訪問看護ステーション江戸川,医療法人社団城東桐和会,医療法人,1362390187,東京都江戸川区東篠崎１－１１－１,03-6231-8471,2014-08-01,訪問看護ステーション,平日・祝日,50,http://sakurahp.jp/medicare/,35.701528900000000,139.916120099999940
訪問看護,江戸川区,13123,あさやけ訪問看護ステーション,株式会社オレオール,営利法人,1362390195,東京都江戸川区松江５－２４－６ＴＲ船堀１Ｆ,03-5878-1030,2014-11-01,訪問看護ステーション,平日,100,https://cares-funabori.tokyo/,35.686525272390000,139.868920988885550
訪問看護,江戸川区,13123,訪問看護ステーション　あおぞらの家,有限会社大千,営利法人,1362390237,東京都江戸川区船堀６－３－２０つばめガーデン船堀１Ｆ,03-6661-3332,2016-01-01,訪問看護ステーション,平日・祝日,20,http://www.daisen-aozora.com/,35.679124389500515,139.866872800371680
訪問看護,江戸川区,13123,ウィル訪問看護ステーション江戸川,ＷｙＬ株式会社,営利法人,1362390260,東京都江戸川区中央４－１１－８,03-5678-6522,2016-06-01,訪問看護ステーション,平日・土曜日・日曜日・祝日,,http://www.wyl.co.jp,35.710228600000000,139.866224000000000
訪問看護,江戸川区,13123,社会医療法人社団　森山医会　訪問看護事業所,社会医療法人社団森山医会,医療法人,1362390278,東京都江戸川区西葛西７－１２－７,03-3869-6882,2016-09-01,訪問看護ステーション,平日・土曜日,,,35.661853400000000,139.860584099999980
訪問看護,江戸川区,13123,訪問看護ステーションみなもと,株式会社源粋,営利法人,1362390302,東京都江戸川区中葛西４－１２－４－２０８,03-6677-2517,2016-12-01,訪問看護ステーション,平日・土曜日・日曜日・祝日,200,https://minamotokango.com/,35.645314725306090,139.739395922118720
訪問看護,江戸川区,13123,訪問看護リハビリステーションここゆい,株式会社ＣＯＣＯＹＵＩ,営利法人,1362390310,東京都江戸川区江戸川４－２－１,03-6231-8742,2017-01-01,訪問看護ステーション,平日・土曜日,,http://cocoyui.co.jp/,35.682530300000000,139.887311900000000
訪問看護,江戸川区,13123,ナースステーションふれにあ本舗,株式会社日本ソテリア,営利法人,1362390344,東京都江戸川区松島２－９－２　２階,03-5879-4970,2017-06-01,訪問看護ステーション,,,,,
訪問看護,江戸川区,13123,スマイリー訪問看護ステーション,Ｓｍｉｌｅｙ株式会社,営利法人,1362390377,東京都江戸川区船堀２－１５－１７ドウエル船堀２０２号,03-6822-2134,2017-10-01,訪問看護ステーション,平日,10,http://www.smiley-homecare.com/,35.683731400000006,139.861708400000000
訪問看護,江戸川区,13123,医療法人社団ゆい　訪問看護ステーションゆい,医療法人社団ゆい,医療法人,1362390393,東京都江戸川区西小岩１－２１－２３ゆいビル２階,03-3672-5188,2017-11-01,訪問看護ステーション,平日・土曜日・祝日,,https://yui-totalcare.com/homenursingyui/,35.734185155141600,139.881418596295130
訪問看護,江戸川区,13123,えそら訪問看護ステーション,株式会社ｅ－ｓｏｌａ,営利法人,1362390427,東京都江戸川区北小岩３－１３－１０アズ小岩レジデンス２Ｆ,03-5612-1252,2018-04-01,訪問看護ステーション,平日・祝日,,https://e-sola.co.jp,35.737025897246900,139.891570731997500
訪問看護,江戸川区,13123,訪問看護ステーション心音,医療法人社団圭信会,医療法人,1362390443,東京都江戸川区平井３－１０－１２平井町ビル１階,03-5875-0337,2018-04-01,訪問看護ステーション,平日・土曜日・日曜日・祝日,10,https://www.kokone-kango.jp/,35.704289300000000,139.841268500000070
訪問看護,江戸川区,13123,訪問看護ステーション　ナース花きりん船堀,特定非営利活動法人コラボえどがわ,非営利法人（NPO）,1362390468,東京都江戸川区松江１－１５－１１,03-6808-9802,2018-05-01,訪問看護ステーション,平日,,http://www.collaboedogawa.net/,35.698117845804965,139.869486804785200
訪問看護,江戸川区,13123,かのん訪問看護ステーションえどがわ,株式会社双泉メディカルサポート,営利法人,1362390492,東京都江戸川区南小岩７－２－６,03-6801-7648,2018-11-01,訪問看護ステーション,平日,10,https://sosen-medical.co.jp/kanon-edogawa,35.726107421171610,139.883258240475470
訪問看護,江戸川区,13123,訪問看護ステーションこはる,株式会社本間,営利法人,1362390500,東京都江戸川区平井１－１５－５たちばなマンション１０２,03-5858-6732,2018-12-01,訪問看護ステーション,,,,,
訪問看護,江戸川区,13123,スターク訪問看護ステーション小岩,ＳｔａｒＱケア株式会社,営利法人,1362390526,東京都江戸川区西小岩１－２２－１小岩東総ハイツ２Ｆ,03-5612-5130,2019-02-01,訪問看護ステーション,平日,,https://star-q.jp/,35.732676273560310,139.880366284332000
訪問看護,江戸川区,13123,訪問看護ステーション　はな　小岩,株式会社はな,営利法人,1362390567,東京都江戸川区西小岩１－２３－５コムーネ１０１,03-6822-6558,2019-05-01,訪問看護ステーション,平日・土曜日,,https://www.hana-kango.com/index.html,35.733438700000000,139.880588200000030
訪問看護,江戸川区,13123,訪問看護ステーション　デライト江戸川,株式会社Ｈ＆Ｈホールディングス,営利法人,1362390575,東京都江戸川区南篠崎町３－１－１１メゾン・スガⅡ１０２号,03-6231-8739,2019-06-01,訪問看護ステーション,,,,,
訪問看護,江戸川区,13123,訪問看護ステーション　スーリール,株式会社ミコム,営利法人,1362390641,東京都江戸川区船堀１－４－１０第２乙女屋マンション５０３,03-6807-0244,2020-03-01,訪問看護ステーション,,,,,
訪問看護,江戸川区,13123,ＬＩＴＡＬＩＣＯホームケア,株式会社ＬＩＴＡＬＩＣＯパートナーズ,営利法人,1362390658,東京都江戸川区船堀２－２１－８－００２Ｆ,03-5878-1943,2020-05-01,訪問看護ステーション,平日,800,https://litalico.co.jp/about/,35.681651730949640,139.861711789549250
訪問看護,江戸川区,13123,リニエ訪問看護ステーション江戸川,株式会社リニエＲ,営利法人,1362390674,東京都江戸川区西小岩３－６－１５　２Ｆ,03-5612-5225,2020-08-01,訪問看護ステーション,平日,200,https://linie-group.jp/office/houmonkango-edogawa/,35.734553000000000,139.874776900000000
訪問看護,江戸川区,13123,ひな訪問看護リハビリステーション,株式会社レガーレ,営利法人,1362390716,東京都江戸川区松江７－２８－６セシオン松江　３０２号,03-5879-9240,2021-08-01,訪問看護ステーション,平日,,http://hina-hokan.com,35.691887900000000,139.876397500000000
訪問看護,江戸川区,13123,ＦＥＲＮＡ訪問看護ステーション,ＦＥＲＮＡ合同会社,営利法人,1362390732,東京都江戸川区南篠崎町２－７－１９－１０１,03-6638-8265,2021-12-01,訪問看護ステーション,平日,,http://www.ferna.co.jp/,35.691440669916760,139.901387145159820
訪問看護,江戸川区,13123,もっち訪問看護ステーション,ＢＩＧ　ＵＰ株式会社,営利法人,1362390740,東京都江戸川区瑞江１－３６－１０セイントストークマンション２０６号室,03-6638-9430,2022-01-01,訪問看護ステーション,平日・土曜日・日曜日・祝日,,https://mocchi-houkan.com/,35.698114100000010,139.899489700000000
訪問看護,江戸川区,13123,フェアウィズ訪問看護ステーション,株式会社Ｗａｒｍ　ｒｅｌａｔｉｏｎｓｈｉｐ,営利法人,1362390757,東京都江戸川区東小岩６－２１－５,03-5876-8718,2022-01-01,訪問看護ステーション,平日・祝日,150,http://www.fair-with.com/,35.735013900000000,139.889346700000000
訪問看護,江戸川区,13123,ＫＡＺＯＫＵナースステーション,合同会社ジャパン自立支援センター,営利法人,1362390773,東京都江戸川区南小岩２－１０－１０シティ南小岩１Ｆ,03-3672-0101,2022-04-01,訪問看護ステーション,平日,80,https://www.heartpage.jp/edogawa/facility/20010438,35.724128410074215,139.887362973016370
訪問看護,江戸川区,13123,アリカ訪問看護ステーション瑞江,有限会社アオキドラッグ,営利法人,1362390781,東京都江戸川区東瑞江１－２８－８,03-6638-9207,2022-04-01,訪問看護ステーション,平日,,https://arika-houkan.com/,35.692546599999990,139.898695900000000
訪問看護,江戸川区,13123,訪問看護ステーション　デライト葛西,株式会社Ｈ＆Ｈホールディングス,営利法人,1362390807,東京都江戸川区東葛西５－１２－１頼長レジデンス２０６号室,03-6661-3606,2022-09-01,訪問看護ステーション,,,,,
訪問看護,江戸川区,13123,訪問看護リハビリステーションきなこ,合同会社きなこ,営利法人,1362390815,東京都江戸川区平井５－３８－１１,03-6322-7726,2022-09-01,訪問看護ステーション,平日・祝日,,https://wakuwaku-houkann-kinako-hirai.com/,35.709413199999986,139.843675400000000
訪問看護,江戸川区,13123,訪問看護ステーションえどがわ,株式会社ナーシングホーム,営利法人,1362390849,東京都江戸川区南篠崎町１－２３－６,03-6808-4273,2023-02-01,訪問看護ステーション,平日,,https://nursing-home.co.jp/nh/minamishinozakimachi/,35.695206366185910,139.907523971163950
訪問看護,江戸川区,13123,カーサ訪問看護リハビリステーション江戸川,株式会社ヘルスウェルコネクト,営利法人,1362390856,東京都江戸川区春江町２－３８－２,05018080570,2023-04-01,訪問看護ステーション,平日・土曜日・日曜日・祝日,250,https://hwc-casa.com/,35.698299700000000,139.892192500000000
訪問看護,江戸川区,13123,訪問看護ステーション　えにしや,合同会社醫鍼伊﨑,営利法人,1362390872,東京都江戸川区北小岩６－３２－１２森田ハウス１０１,03-5876-7407,2023-07-01,訪問看護ステーション,平日・土曜日・日曜日・祝日,,https://iza-enishiya.com/,35.743096600000010,139.885989900000000
訪問看護,江戸川区,13123,スマイルプラス訪問看護ステーション,合同会社スマイルバーグ,営利法人,1362390898,東京都江戸川区中央１－１５－２ハイムジョイフル２０６号,03-5879-2765,2023-08-01,訪問看護ステーション,平日,60,https://www.smileberg-smileplus.jp/,35.703592200000000,139.869902700000000
訪問看護,江戸川区,13123,あすてるカンゴ葛西,アステルサポート株式会社,営利法人,1362390914,東京都江戸川区東葛西８－１０－４,03-3520-8577,2024-09-01,訪問看護ステーション,平日・土曜日・日曜日・祝日,,https://astelsupport.co.jp/info/astel-kango/kasai/,35.655998999009140,139.876192784690500
訪問看護,江戸川区,13123,タイムレス訪問看護ステーション,株式会社ＴＩＭＥＬＥＳＳ,営利法人,1362390922,東京都江戸川区松江５－１０－７ケインアベニュー船堀３０６号室,03-5879-3916,2024-11-01,訪問看護ステーション,,,,,
訪問看護,江戸川区,13123,訪問看護ステーション　ヴァクト,合同会社アーチザン,営利法人,1362390930,東京都江戸川区北小岩６－４０－５エンゼルハイム２０１,03-5889-9596,2025-01-01,訪問看護ステーション,平日・土曜日,,https://vakt.hp.peraichi.com/vakt/,35.744492600000000,139.886177800000000
訪問看護,江戸川区,13123,訪問看護ステーション　コルディアーレ江戸川,株式会社ＪＳＨ,営利法人,1362390955,東京都江戸川区一之江８－１５－１エクセル一之江　２Ｆ号室,03-5879-3085,2025-04-01,訪問看護ステーション,平日・土曜日・祝日,,https://www.jsh-japan.jp/,35.686146899999976,139.882617500000000
訪問看護,江戸川区,13123,よつ葉えどがわ,株式会社日本アメニティライフ協会,営利法人,1362390963,東京都江戸川区平井６－４７－１３セルス有阪５階,03-5630-7420,2025-04-01,訪問看護ステーション,平日・土曜日・祝日,36,https://jala.co.jp,35.711139400000015,139.843248600000000
訪問看護,江戸川区,13123,２４訪問看護ステーション南篠崎,２４かんご株式会社,営利法人,1362390989,東京都江戸川区南篠崎町５－１０－４サンライズビル３階,03-5879-7460,2025-06-01,訪問看護ステーション,平日,,,35.692370100000000,139.906895700000000
訪問看護,江戸川区,13123,訪問看護のぞみ葛西臨海公園,株式会社キート,営利法人,1362390997,東京都江戸川区南葛西６－２－２７,03-5878-1719,2025-06-01,訪問看護ステーション,平日・土曜日・日曜日・祝日,,https://www.lamore.jp/company,35.644119291124056,139.876656600000020
訪問看護,江戸川区,13123,ＩＣＨＩ訪問看護ステーション,医療法人社団ＳｈｉｎｉｎｇＳｔａｒ,医療法人,1362391029,東京都江戸川区平井５－２１－３－３０３号ガーデン欣志ビル,08096462820,2025-10-01,訪問看護ステーション,平日・土曜日・日曜日・祝日,,,35.707677700000005,139.842022600000000
訪問看護,江戸川区,13123,訪問看護ステーション　コルディアーレ小岩,株式会社ＪＳＨ,営利法人,1362391037,東京都江戸川区北小岩１－２０－３サンライズ北小岩１０１号室,03-5876-8510,2025-11-01,訪問看護ステーション,,,,,
訪問看護,江戸川区,13123,訪問看護ステーション夢眠えどがわ,株式会社夢眠ホーム,営利法人,1362391052,東京都江戸川区小松川４－９４,03-5627-1635,2025-12-01,訪問看護ステーション,平日・土曜日・日曜日・祝日,,,35.700966700000000,139.850689200000000
訪問看護,江戸川区,13123,とわ訪問看護ステーション,株式会社ＮｅｗＨＯＴｒｅ．Ｖｏｎｄｓ,営利法人,1362391060,東京都江戸川区大杉２－８－８,03-5879-6842,2026-04-01,訪問看護ステーション,,,,,
訪問看護,江戸川区,13123,リリ訪問看護ステーション,株式会社Ａｐｕｄ,営利法人,1362391078,東京都江戸川区中央２－４－１０,03-5879-4159,2026-04-01,訪問看護ステーション,,,,,
訪問看護,江戸川区,13123,らいくゆうホームケア,合同会社マイラシク,営利法人,1362391094,東京都江戸川区北篠崎１－８－５,03-6638-6317,2026-07-01,訪問看護ステーション,,,,,
訪問看護,江戸川区,13123,ＹＵＩＭＡＲＵ　ＬＩＦＥ訪問看護ステーション,ＹＵＩＭＡＲＵＬＩＦＥ株式会社,営利法人,1362391102,東京都江戸川区松江３－１９－４稲岡ハイム２０２号室,09027522781,2026-08-01,訪問看護ステーション,,,,,
訪問看護,江戸川区,13123,訪問看護ステーションまごころ,医療法人社団新虎の門会,医療法人,1367193048,東京都江戸川区東葛西４－５２－５ＴＲ　ＫＡＳＡＩ　１０２,03-5676-5531,2000-04-01,訪問看護ステーション,平日・土曜日・祝日,,http://www.houkan-magokoro.jp/,35.662924000000000,139.884907399999970
訪問看護,江戸川区,13123,瑞江訪問看護ステーション,医療法人社団総風会,医療法人,1367193295,東京都江戸川区東瑞江一丁目２５番６号　スウィートヒルズ１階,03-3679-5241,2000-04-01,訪問看護ステーション,平日,10,https://www.mizue-houmonkango.com,35.691174000000000,139.898410600000030
訪問看護,江戸川区,13123,江戸川病院訪問看護ステーション・マックスライフ,社会福祉法人仁生社,社会福祉法人（社協以外）,1367194541,東京都江戸川区東松本２－１４－１２,03-3673-4174,2000-04-01,訪問看護ステーション,平日・土曜日,,https://edogawa-medicare.jp,35.720253489107120,139.881015557533260
訪問看護,江戸川区,13123,一般社団法人江戸川区医師会訪問看護ステーション,一般社団法人江戸川区医師会,社団・財団,1367194566,東京都江戸川区中央４－２４－１４,03-3653-6405,2000-04-01,訪問看護ステーション,平日,60,https://www.edogawa-med.jp,35.709939800000000,139.868523699999970
訪問看護,江戸川区,13123,あっぷる　訪問看護ステーション葛西,株式会社日本サービスセンター,営利法人,1367195746,東京都江戸川区東葛西５－１４－６－７０５,03-5676-8199,2000-12-01,訪問看護ステーション,平日・土曜日・日曜日・祝日,,http://www.well-life.co.jp,35.663995866581600,139.875300528836050
訪問看護,江戸川区,13123,なぎさ和楽苑訪問看護ステーション,社会福祉法人東京栄和会,社会福祉法人（社協以外）,1367196751,東京都江戸川区西葛西８－１－１,03-3675-2602,2002-12-01,訪問看護ステーション,平日・土曜日・祝日,,http://www.tokyoeiwakai.or.jp,35.655079100000000,139.859420700000000
通所介護,千代田区,13101,千代田区立岩本町高齢者在宅サービスセンター,社会福祉法人多摩同胞会,社会福祉法人（社協以外）,1370100560,東京都千代田区岩本町２－１５－３岩本町ほほえみプラザ２階,03-5825-3407,2003-10-01,,平日・土曜日・祝日,,http://www.tama-dhk.or.jp,35.694531200000000,139.777860299999930
通所介護,千代田区,13101,フォーユーデイサービス淡路,社会福祉法人奉優会,社会福祉法人（社協以外）,1370101261,東京都千代田区神田淡路町２－１０９,03-5298-6018,2012-04-01,,平日・土曜日,30,https://www.foryou.or.jp/corp2/awajiday/,35.696817900000000,139.767016000000000
通所介護,千代田区,13101,千代田区立一番町高齢者在宅サービスセンター,社会福祉法人カメリア会,社会福祉法人（社協以外）,1370101725,東京都千代田区一番町１２,03-3265-6131,2023-04-01,,平日・土曜日・祝日,,http://www.ichibancho-camellia-kai.com/,35.686900800000000,139.739576100000000
通所介護,中央区,13102,新とみ,社会福祉法人シルヴァーウィング,社会福祉法人（社協以外）,1370200659,東京都中央区新富１－４－６,03-3553-5228,2002-04-01,,平日・土曜日・日曜日・祝日,34,http://www.silver-w.jp/,35.672736400000000,139.772647399999980
通所介護,中央区,13102,ＳＯＭＰＯケア　あいおい　デイサービス,ＳＯＭＰＯケア株式会社,営利法人,1370201103,東京都中央区佃３－１－１５相生の里,03-5548-2495,2005-10-01,,平日・土曜日・祝日,,https://www.sompocare.com/,35.665943100000010,139.787213400000040
通所介護,中央区,13102,いきいきらいふデイサービスセンター馬喰町,株式会社ＲＡＲＥＣＲＥＷ,営利法人,1370201129,東京都中央区日本橋馬喰町２－４－５,03-5640-7733,2005-10-01,,平日・土曜日・祝日,,https://rare-c.co.jp/,35.695903300000000,139.781823900000060
通所介護,中央区,13102,高齢者在宅サービスセンター「マイホーム新川」,社会福祉法人賛育会,社会福祉法人（社協以外）,1370201202,東京都中央区新川２－２７－３,03-3552-5670,2006-04-01,,平日・土曜日・祝日,40,http://www.san-ikukai.or.jp/chuo/shinkawa/,35.673100600000000,139.783977300000060
通所介護,中央区,13102,クローバーデイサービス中央,株式会社カンケイ舎,営利法人,1370201392,東京都中央区日本橋本町２－８－１２,03-5695-7710,2007-07-01,,平日・土曜日・祝日,,http://www.clover.ac/,35.688415200000000,139.777646600000020
通所介護,中央区,13102,エンゼルハーバー,株式会社ＡＣＡ,営利法人,1370201806,東京都中央区晴海１－１－２８,03-5859-0556,2012-04-01,,平日・土曜日,25,http://www.angel-care.co.jp,35.661299100000000,139.786527500000030
通所介護,中央区,13102,中央区立高齢者在宅サービスセンター　マイホームはるみ,社会福祉法人奉優会,社会福祉法人（社協以外）,1370202192,東京都中央区晴海１－５－１,03-3531-7635,2015-07-01,,平日・土曜日・日曜日・祝日,40,https://www.foryou.or.jp/facility/harumi/w097/,35.659779700000020,139.784455400000070
通所介護,中央区,13102,デイサービスセンターなごやか築地,なごやかケアリンク株式会社,営利法人,1370202259,東京都中央区築地６－１８－４ライオンズ築地リバーノート２Ｆ,03-6226-3357,2016-06-01,,平日・土曜日・祝日,25,http://club.nagoyaka-link.co.jp/tsukiji/,35.664639379133610,139.774727332242720
通所介護,中央区,13102,ベストリハ日本橋,ベストリハ株式会社,営利法人,1370202481,東京都中央区日本橋浜町３－２０－７ローズハイツ日本橋浜町１階,03-3527-2001,2021-01-01,,平日・土曜日・祝日,,https://bestreha.com/,35.684843900000000,139.789475000000000
通所介護,中央区,13102,中央区立日本橋高齢者在宅サービスセンター,社会福祉法人長岡福祉協会,社会福祉法人（社協以外）,1370202531,東京都中央区日本橋堀留町１－１－１,03-3661-8452,2021-04-01,,平日・土曜日・祝日,,http://www.fukushiplazasakuragawa.com/nikkouzai/,35.687407600000000,139.778996100000000
通所介護,中央区,13102,デイサービス　グッドライフケア銀座,株式会社グッドライフケア,営利法人,1370202580,東京都中央区築地２－７－３ＣＡＭＥＬ築地Ⅱ,03-6260-6580,2021-10-01,,平日・土曜日・日曜日・祝日,48,https://goodlifecare.co.jp/tokyo-service/facility/day-ginza.html,35.669694000000010,139.772934500000000
通所介護,中央区,13102,ＢＥＳＴジム湊,株式会社ベスト・ケアー,営利法人,1370202697,東京都中央区湊１－７－１フドウ八丁堀ハイツ１階,03-6280-4815,2023-04-01,,平日・土曜日・祝日,,,35.673133500000006,139.779446000000000
通所介護,中央区,13102,ケアベース　グッドライフケア月島,株式会社グッドライフケア,営利法人,1370202879,東京都中央区月島３－１８－１グランドシティタワー月島１１４号,03-5534-8070,2026-07-01,,,,,,
通所介護,港区,13103,ニチイケアセンターしろかね,株式会社ニチイ学館,営利法人,1370300830,東京都港区白金３－３－１,03-5447-1572,2007-03-01,,平日・土曜日・祝日,,https://www.nichii-kaigo.jp/,35.646389200000010,139.729158900000000
通所介護,港区,13103,デイサービスセンター友の里三田,株式会社ティーシーエス,営利法人,1370302174,東京都港区三田３－７－１６御田八幡ビル１Ｆ,03-5427-5837,2005-12-01,,平日・土曜日・日曜日・祝日,,http://www.total-care-servise.co.jp,35.643169600000000,139.741656100000000
通所介護,港区,13103,デイサービスセンター　みたて,社会福祉法人すこやか福祉会,社会福祉法人（社協以外）,1370302208,東京都港区港南４－５－３　都営港南４丁目アパート３号棟,03-5463-8521,2006-01-01,,平日・土曜日・祝日,3,http://www.sukoyaka-fu.or.jp/,35.626518900000000,139.746489699999980
通所介護,港区,13103,デイサービスセンター新橋さくらの園いきいき,社会福祉法人長岡福祉協会,社会福祉法人（社協以外）,1370302356,東京都港区新橋６－１９－２,03-3433-0180,2006-05-01,,平日・土曜日・祝日,,http://www.fukushiplazasakuragawa.com/sakura_short,35.661206700000000,139.753779500000060
通所介護,港区,13103,通所生活介護事業所　洛和デイセンター南麻布,社会福祉法人洛和福祉会,社会福祉法人（社協以外）,1370303156,東京都港区南麻布４-６-１,03-6408-8677,2010-04-01,,平日・土曜日・祝日,,http://www.rakuwa.or.jp,35.650218300000000,139.726873900000000
通所介護,港区,13103,港区立高齢者在宅サービスセンター　白金の森,社会福祉法人奉優会,社会福祉法人（社協以外）,1370303487,東京都港区白金台５－２０－５,03-3449-9615,2011-04-01,,平日・土曜日・祝日,35,http://shirokane.foryou.or.jp/work.php?id=w010,35.637075300000000,139.721991399999980
通所介護,港区,13103,リハの郷　三田,ＱＬＣプロデュース株式会社,営利法人,1370303909,東京都港区芝浦４－４－２７三田ナショナルコート１階,03-5765-5465,2013-04-01,,平日・土曜日・祝日,,http://www.reha-sato.jp/mita/,35.639150700000000,139.744317100000000
通所介護,港区,13103,港区立芝高齢者在宅サービスセンター,医療法人財団湖聖会,医療法人,1370304535,東京都港区芝３－２４－５,03-5232-0848,2016-04-01,,平日・土曜日・祝日,,http://www.momohanokai.jp/shiba-ds,35.651396600000000,139.748127500000000
通所介護,港区,13103,港区立虎ノ門高齢者在宅サービスセンター,医療法人財団湖聖会,医療法人,1370304550,東京都港区虎ノ門１－２１－１０,03-3539-3710,2016-04-01,,平日・土曜日・祝日,35,http://www.momohanokai.jp,35.667905700000010,139.748713100000030
通所介護,港区,13103,港区立高齢者在宅サービスセンターサン・サン赤坂,社会福祉法人東京聖労院,社会福祉法人（社協以外）,1370304584,東京都港区赤坂６－６－１４,03-5561-7831,2016-04-01,,平日・土曜日・祝日,,http://www.seirouin.or.jp,35.669966200000000,139.737630699999950
通所介護,港区,13103,港区立高齢者在宅サービスセンター港南の郷,社会福祉法人恩賜財団済生会支部東京都済生会,社会福祉法人（社協以外）,1370304592,東京都港区港南３－３－２３,03-3450-5571,2016-04-01,,平日・土曜日・祝日,,http://www.kounannosato.hello-net.info/,35.633217299999990,139.749276600000000
通所介護,港区,13103,港区立南麻布高齢者在宅サービスセンター,社会福祉法人恩賜財団済生会支部東京都済生会,社会福祉法人（社協以外）,1370304600,東京都港区南麻布１－５－２６,03-5232-9672,2016-04-01,,平日・土曜日・祝日,,https://minamiazabuhoukatsu.com/,35.651435100000000,139.735100900000020
通所介護,港区,13103,港区立北青山高齢者在宅サービスセンター,社会福祉法人東京聖労院,社会福祉法人（社協以外）,1370305433,東京都港区北青山１－６－１,03-5410-3410,2022-04-01,,平日・土曜日・祝日,35,,35.673536800000000,139.721742700000000
通所介護,港区,13103,デイサービス　グッドライフケア汐留,株式会社グッドライフケア,営利法人,1370305508,東京都港区東新橋２－１８－３ルネパルティーレ汐留　１階,03-3434-7701,2022-11-01,,平日・土曜日・日曜日・祝日,,https://goodlifecare.co.jp/tokyo-service/facility/day-shiodome.html,35.660706400000000,139.758060300000000
通所介護,港区,13103,港区立台場高齢者在宅サービスセンター,医療法人財団湖聖会,医療法人,1370305565,東京都港区台場１－５－５,03-5531-0520,2023-10-01,,平日・土曜日・祝日,,http://www.momohanokai.jp/daiba-ds/,35.630596300000010,139.778028100000000
通所介護,港区,13103,ケアクエスト　グッドライフケア芝浦,株式会社グッドライフケア,営利法人,1370305755,東京都港区芝浦２－１５－２ラシーネ芝浦１階,03-6435-2151,2025-05-01,,平日・土曜日・日曜日・祝日,40,https://goodlifecare.co.jp/tokyo-service/facility/day-carequest-shibaura.html,35.645074100000010,139.753209100000000
通所介護,港区,13103,ケアベース　グッドライフケア渚橋,株式会社グッドライフケア,営利法人,1370305789,東京都港区芝浦４－１２－３８キャナルゲート芝浦１階,03-6435-3416,2025-09-01,,平日・土曜日・日曜日・祝日,,https://goodlifecare.co.jp/tokyo-service/facility/day-carebase-nagisabashi.html,35.640982700000020,139.748984500000000
通所介護,新宿区,13104,ツクイ新宿夏目坂,株式会社ツクイ,営利法人,1370400507,東京都新宿区喜久井町１０カスタリア新宿夏目坂1階,03-5291-7315,2003-06-01,,平日・土曜日・日曜日・祝日,60,http://www.tsukui.net,35.704886826067320,139.720871074817070
通所介護,新宿区,13104,デイサービスセンターエンゼルヘルプ西落合,株式会社大起エンゼルヘルプ,営利法人,1370401398,東京都新宿区西落合４－８－１９,03-5906-0752,2001-08-01,,平日・土曜日・祝日,33,http://www.enzeru.co.jp,35.728007700000000,139.679505599999970
通所介護,新宿区,13104,高齢者在宅サービスセンター　あかね苑,社会福祉法人アゼリヤ会,社会福祉法人（社協以外）,1370402842,東京都新宿区北山伏町２－１２,03-3266-1811,2005-04-01,,平日・土曜日・祝日,35,http://www.azeriya-akane.com/,35.700131800000010,139.729682599999930
通所介護,新宿区,13104,細工町高齢者在宅サービスセンター,社会福祉法人新宿区社会福祉事業団,社会福祉法人（社協以外）,1370402867,東京都新宿区細工町１－３,03-3269-1331,2005-04-01,,平日・土曜日・祝日,35,http://www.shinjuku-sj.jp/,35.698509900000000,139.733232400000020
通所介護,新宿区,13104,新宿区立百人町高齢者在宅サービスセンター,社会福祉法人新宿区社会福祉事業団,社会福祉法人（社協以外）,1370402875,東京都新宿区百人町３－３０－２,03-3368-3501,2005-04-01,,平日・土曜日・祝日,40,http://www.shinjuku-sj.jp/,35.706157900000000,139.694949800000020
通所介護,新宿区,13104,北新宿高齢者在宅サービスセンター,社会福祉法人新宿区社会福祉事業団,社会福祉法人（社協以外）,1370402883,東京都新宿区北新宿３－２７－６,03-3363-3292,2005-04-01,,平日・土曜日・祝日,5,http://www.shinjuku-sj.jp,35.704791200000000,139.689861599999970
通所介護,新宿区,13104,中落合高齢者在宅サービスセンター,社会福祉法人新宿区社会福祉事業団,社会福祉法人（社協以外）,1370402891,東京都新宿区中落合１－７－１,03-5982-8741,2005-04-01,,平日・土曜日・祝日,30,http://www.shinjuku-sj.jp/,35.717259200000000,139.690727400000010
通所介護,新宿区,13104,若葉高齢者在宅サービスセンター,社会福祉法人新宿区社会福祉事業団,社会福祉法人（社協以外）,1370402909,東京都新宿区若葉３－６,03-5269-0531,2005-04-01,,平日・土曜日・祝日,5,http://www.shinjuku-sj.jp/,35.682364300000000,139.723378400000000
通所介護,新宿区,13104,デイサービス　ヨウコー早稲田,株式会社揚工舎,営利法人,1370403972,東京都新宿区西早稲田２－４－２４,03-6380-2220,2009-07-01,,平日・土曜日・日曜日・祝日,,http://rehabili-youko.com/,35.708738900000000,139.716633300000000
通所介護,新宿区,13104,デイサービス神楽坂セルン,社会福祉法人三篠会,社会福祉法人（社協以外）,1370404392,東京都新宿区矢来町１０４,03-3269-7555,2011-04-01,,平日・祝日,,http://www.misasakai.or.jp/kagurazaka/,35.703367700000000,139.734040500000000
通所介護,新宿区,13104,デイサービス　ココファン四谷,株式会社学研ココファン,営利法人,1370405332,東京都新宿区愛住町３－７,03-5379-7051,2014-04-01,,平日・土曜日・祝日,,,35.688821700000000,139.718920100000000
通所介護,新宿区,13104,デイサービスゆりの木　西落合,株式会社ｒｅｌｉａｂｌｅ　ｃａｒｅ,営利法人,1370405449,東京都新宿区西落合４－３－１３キャッスル西落合１Ｆ,03-6908-3967,2014-06-01,,平日・土曜日・祝日,24,https://dayservice-yurinoki.com/,35.727306700000010,139.680975700000030
通所介護,新宿区,13104,ベストリハ高田馬場,ベストリハ株式会社,営利法人,1370405621,東京都新宿区下落合１－３－６ハイシティ高田馬場１階,03-5332-7333,2015-01-01,,平日・土曜日・祝日,,http://bestreha.com/,35.715604300000000,139.702962299999970
通所介護,新宿区,13104,ベストリハ西早稲田,ベストリハ株式会社,営利法人,1370405779,東京都新宿区西早稲田３－３１－１１ニューライフ西早稲田１階,03-5155-1946,2015-09-01,,平日・土曜日・祝日,50,http://www.bestreha.com/,35.714318700000000,139.712047500000000
通所介護,新宿区,13104,デイサービスセンターなごやか曙橋,なごやかケアリンク株式会社,営利法人,1370405910,東京都新宿区住吉町８－１５　　アウローラ１Ｆ,03-5369-8890,2016-06-01,,平日・土曜日・祝日,25,http://club.nagoyaka-link.co.jp,35.693962900000000,139.720978000000060
通所介護,新宿区,13104,デイサービスセンターなごやか新宿御苑,なごやかケアリンク株式会社,営利法人,1370405969,東京都新宿区新宿１－２９－５　グランドメゾン新宿東１階,03-5363-9825,2016-06-01,,平日・土曜日・祝日,45,http://www.nagoyaka-link.co.jp/club/shinjukugyoen/,35.690596300000000,139.712787400000020
通所介護,新宿区,13104,医療法人社団曙光会コンフォメディケアデイサービス,医療法人社団曙光会,医療法人,1370406108,東京都新宿区住吉町９－１０,03-3226-1150,2017-05-01,,平日・土曜日・祝日,,,35.694857000000010,139.720697100000000
通所介護,新宿区,13104,戸山いつきの杜,社会福祉法人シルヴァーウィング,社会福祉法人（社協以外）,1370406157,東京都新宿区戸山２－４－１０１,03-6826-5255,2017-09-01,,平日・土曜日・日曜日・祝日,25,http://www.silver-w.jp,35.704018800000014,139.714793200000030
通所介護,新宿区,13104,落合ケアーズ,株式会社ケアギバー・ジャパン,営利法人,1370406173,東京都新宿区西落合３－１５－５,03-6908-3511,2017-10-01,,平日・土曜日・日曜日・祝日,22,http://caregiver.co.jp/facility/ochiai_cares.php,35.723336000000000,139.679705799999960
通所介護,新宿区,13104,レッツ倶楽部新宿西落合,ＱＬＣプロデュース株式会社,営利法人,1370406553,東京都新宿区西落合４－４－１８ステラ西落合　１階,03-6908-3282,2019-10-01,,平日・土曜日・祝日,,https://www.lets-club.jp/shop/shinjyukunishiochiai/,35.727457100000000,139.680349900000000
通所介護,新宿区,13104,ベストリハ西落合,ベストリハ株式会社,営利法人,1370406579,東京都新宿区西落合４－２１－１１グリーンレジデンス西落合１階,03-6908-2095,2019-10-01,,平日・土曜日・祝日,,https://bestreha.com/,35.727750000000000,139.676954900000050
通所介護,新宿区,13104,めぐリハビリデイサービス新宿,めぐ株式会社,営利法人,1370406595,東京都新宿区早稲田鶴巻町557パールハウスウエムラ１Ｆ,03-6205-5895,2019-11-01,,平日・祝日,,http://megu-group.com/,35.707853900000000,139.725637900000000
通所介護,新宿区,13104,リハプライド　ルフラン,ｅＳｅｌｅｃｔ株式会社,営利法人,1370407064,東京都新宿区西落合４－２１－９　１Ｆ,03-5906-5761,2022-10-01,,平日・祝日,130,https://rehapride.co.jp/refrain/,35.727487299999990,139.676841300000000
通所介護,新宿区,13104,リタポンテ落合上高田,リタポンテ株式会社,営利法人,1370407213,東京都新宿区上落合２－９－１６インテック落合１階,03-6908-5678,2023-11-01,,平日・祝日,,http://www.ritaponte.jp/,35.713498600000000,139.689203100000000
通所介護,新宿区,13104,花実　静華庵,株式会社メディカルケア一光,営利法人,1370407296,東京都新宿区上落合２－２６－３　３階,03-6279-1103,2024-07-01,,平日・土曜日・祝日,,https://www.c-ikkou.com,35.711030900000000,139.686420300000000
通所介護,新宿区,13104,神楽坂静華庵,株式会社メディカルケア一光,営利法人,1370407304,東京都新宿区市谷山伏町２－２,03-5225-1991,2024-07-01,,平日・土曜日・祝日,,https://www.c-ikkou.com/,35.699420600000000,139.727663900000000
通所介護,新宿区,13104,わかいデイサービス,和諧株式会社,営利法人,1370407361,東京都新宿区百人町３－１－６Ｂ１－Ｂ号室,03-3369-3039,2024-12-01,,平日・祝日,,,35.706300900000000,139.700670400000000
通所介護,文京区,13105,デイサービス　ヨウコー駒込,株式会社揚工舎,営利法人,1370501742,東京都文京区本駒込５－３２－８,03-5834-1620,2006-12-01,,平日・土曜日・日曜日・祝日,20,http://rehabili-youko.com/,35.733142500000000,139.752496800000020
通所介護,文京区,13105,文京くすのき高齢者在宅サービスセンター,社会福祉法人フロンティア,社会福祉法人（社協以外）,1370501932,東京都文京区大塚４－１８－１,03-3947-2801,2007-12-01,,平日・土曜日・祝日,34,http://www.frontier-sw.or.jp,35.724135000000000,139.734698100000060
通所介護,文京区,13105,ベストリハ早稲田,ベストリハ株式会社,営利法人,1370502773,東京都文京区関口１－３５－１７山水ビル１階,03-5155-2830,2013-11-01,,平日・土曜日・祝日,25,http://www.bestreha.com/,35.711486100000000,139.724115799999940
通所介護,文京区,13105,ジムデイサービス夢楽白山,株式会社我喜大笑,営利法人,1370502799,東京都文京区白山１－３３－１８白山ＮＴビル１Ｆ,03-6240-0945,2014-01-01,,平日・土曜日・祝日,,http://www.yumeraku.net/hakusan/gaiyo.html,35.720971700000000,139.752302699999970
通所介護,文京区,13105,デイサービスセンターなごやか千石,なごやかケアリンク株式会社,営利法人,1370503078,東京都文京区千石４－１８－１千石ハイツ１階,03-5940-6816,2016-06-01,,平日・土曜日・祝日,100,http://club.nagoyaka-link.co.jp,35.730434400000000,139.737456100000030
通所介護,文京区,13105,文京大塚高齢者在宅サービスセンター,社会福祉法人洛和福祉会,社会福祉法人（社協以外）,1370503177,東京都文京区大塚４－５０－１,03-3941-6760,2017-04-01,,平日・土曜日・祝日,40,https://kaigo.rakuwa.or.jp/service/station/otsuka/,35.724654399999984,139.730809499999960
通所介護,文京区,13105,文京昭和高齢者在宅サービスセンター,社会福祉法人芙蓉会,社会福祉法人（社協以外）,1370503193,東京都文京区本駒込２－２８－３１,03-5395-2376,2017-04-01,,平日・土曜日・祝日,,https://bunkyo-showa.jp/,35.731709300000000,139.749113699999950
通所介護,文京区,13105,文京湯島高齢者在宅サービスセンター,社会福祉法人芙蓉会,社会福祉法人（社協以外）,1370503201,東京都文京区湯島２－２８－１４,03-3814-1898,2017-04-01,,平日・土曜日・祝日,,https://bunkyo-yushima.jp/,35.706587700000000,139.766646700000020
通所介護,文京区,13105,小日向ハウス,一般社団法人まつふじ,社団・財団,1370503334,東京都文京区小日向１－５－１３,03-3941-2226,2018-04-01,,平日・土曜日・祝日,,http://kohinata.moon.bindcloud.jp,35.710786200088230,139.736719889549250
通所介護,文京区,13105,ＳＯＭＰＯケア　いきいき小日向　デイサービス,ＳＯＭＰＯケア株式会社,営利法人,1370503375,東京都文京区小日向２－８－１５,03-6902-5361,2018-07-01,,平日・土曜日・祝日,15,,35.714739799999990,139.733780600000000
通所介護,文京区,13105,ゆららデイサービス江戸川橋,株式会社ゆらら,営利法人,1370503557,東京都文京区水道２－７－５－１０１,03-6902-2411,2020-06-01,,,,,,
通所介護,文京区,13105,ＭＥＤＩＣＡＬ　ＰＲＯ　ＳＰＯＲＴＳ　介護デイサービス　護国寺,株式会社メディプロ,営利法人,1370503581,東京都文京区大塚２－１７－１２美津野商事本社ビル４階,03-5810-1613,2021-04-01,,平日・土曜日,,https://medipro.site/shop_gokokugi.php,35.720312700000015,139.732651000000000
通所介護,文京区,13105,チャレンジデイサービス,ＣＨＡＬＬＥＮＧＥＣａｒｅＪａｐａｎ株式会社,営利法人,1370503847,東京都文京区本駒込２－２７－１０本駒込ＳＩビル２階,03-6902-9761,2024-10-01,,平日・土曜日,,,35.780101700000000,139.685828300000000
通所介護,文京区,13105,ワンダーウイングボクシングジムマスターズクラブ,株式会社ユニプラグド,営利法人,1370503888,東京都文京区本郷２－３９－６大同ビル８Ｆ,03-4400-4555,2025-04-01,,平日,20,https://wonder-wing.com/,35.706563267991775,139.760501039286800
通所介護,文京区,13105,文京向丘高齢者在宅サービスセンター,社会福祉法人芙蓉会,社会福祉法人（社協以外）,1370503896,東京都文京区向丘２－２２－９,03-5814-1531,2025-04-01,,平日・土曜日・祝日,,https://bunkyo-mukogaoka.jp/,35.723571486904284,139.757386846032720
通所介護,文京区,13105,文京本郷高齢者在宅サービスセンター,社会福祉法人芙蓉会,社会福祉法人（社協以外）,1370503912,東京都文京区本郷４－２１－２,03-3816-2317,2025-04-01,,平日・土曜日・祝日,,https://fuyo.or.jp/information/,35.710096100000015,139.754873400000000
通所介護,文京区,13105,ルネサンス　元氣ジム目白台,株式会社ルネサンス,営利法人,1370503938,東京都文京区目白台３－２８－１０Ｔｏｎｏｗａ　Ｇａｒｄｅｎ目白台,03-6902-1788,2025-06-01,,平日・祝日,,https://kaigo.s-re.jp/kg/genki/,35.716993400000010,139.725012400000000
通所介護,文京区,13105,文京千駄木高齢者在宅サービスセンター,社会福祉法人奉優会,社会福祉法人（社協以外）,1370504035,東京都文京区千駄木５－１９－２,03-3827-5421,2026-04-01,,,,,,
通所介護,台東区,13106,デイサービスセンター　コスモス,特定非営利活動法人訪問看護ステーションコスモス,非営利法人（NPO）,1370601435,東京都台東区日本堤１－１－７,03-3875-2280,2003-07-01,,平日・祝日,,https://www.s-cosmos.org/,35.726256542360770,139.800133218819270
通所介護,台東区,13106,デイサービスセンターエンゼルヘルプ浅草,株式会社大起エンゼルヘルプ,営利法人,1370601633,東京都台東区浅草７－５－４,03-5808-0755,2004-04-01,,平日・土曜日・祝日,,http://www.enzeru.co.jp/wps/,35.717148800000000,139.802118599999970
通所介護,台東区,13106,デイサービス　ヨウコー御徒町,株式会社揚工舎,営利法人,1370602532,東京都台東区元浅草１－１４－７,03-5830-7460,2009-12-01,,平日・土曜日・日曜日・祝日,120,http://rehabili-youko.com/,35.708863099999990,139.784570499999970
通所介護,台東区,13106,ゆめふる浅草店,株式会社やさしい手,営利法人,1370602706,東京都台東区浅草２－３４－７グレイプス浅草１階,05017534309,2010-08-01,,平日・土曜日・日曜日・祝日,28,http://www.yasashiite.com/subdomains/division/09,35.714869607937390,139.798187199882000
通所介護,台東区,13106,健遊館　銭湯　弁天湯,株式会社健遊館,営利法人,1370602896,東京都台東区浅草橋１－３３－６,03-5823-0222,2011-05-01,,平日・土曜日・祝日,25,http://bentenyu.kenyu.co.jp/,35.698525300000000,139.784956999999960
通所介護,台東区,13106,デイサービス　ソラスト台東,株式会社ソラスト,営利法人,1370603100,東京都台東区台東２－３－６ソラスト台東ビル３Ｆ,03-5807-8062,2012-02-01,,平日・土曜日・祝日,70,http://www.solasto.co.jp,35.702621181679085,139.779600991401740
通所介護,台東区,13106,健遊館　銭湯ふくのゆ,株式会社健遊館,営利法人,1370603449,東京都台東区千束２－３４－６,03-5808-0035,2014-09-01,,平日・土曜日・祝日,10,http://www.kenyu.co.jp,35.722601000000000,139.790474799999970
通所介護,台東区,13106,デイサービスセンターなごやか浅草,なごやかケアリンク株式会社,営利法人,1370603704,東京都台東区浅草２－２７－９　クレッセンコート１階,03-5827-2425,2016-06-01,,平日・土曜日・祝日,55,http://www.nagoyaka-link.co.jp,35.716387699999990,139.795024799999960
通所介護,台東区,13106,デイサービスセンターなごやか蔵前,なごやかケアリンク株式会社,営利法人,1370603720,東京都台東区蔵前４－３７－５メリータウン蔵前１Ｆ,03-5823-3133,2016-06-01,,平日・土曜日・祝日,25,http://www.nagoyaka-link.co.jp/club/kuramae/,35.705870800000010,139.788274099999970
通所介護,台東区,13106,台東区立まつがや高齢者在宅サービスセンター,社会福祉法人東京援護協会,社会福祉法人（社協以外）,1370603795,東京都台東区松が谷４－４－３,03-3845-6501,2017-04-01,,平日・土曜日・祝日,,http://www.tokyoengokyokai.or.jp/matsugayasenior01.html,35.717456899999990,139.787667000000060
通所介護,台東区,13106,東京リハビリセンター,株式会社オーテクノコーポレーション,営利法人,1370603811,東京都台東区北上野２－１１－５ＯＫＡＤＡＢＯＸ　２Ｆ,03-6860-6110,2017-04-01,,平日・土曜日・祝日,7,https://www.o-techno.co.jp/,35.716543957360100,139.784736480356630
通所介護,台東区,13106,ベストリハ台東,ベストリハ株式会社,営利法人,1370603860,東京都台東区竜泉３－４４－３竜泉グリーンハイツ１階,03-5603-0520,2017-07-01,,平日・土曜日・祝日,50,http://www.bestreha.com,35.726328400000020,139.791213400000060
通所介護,台東区,13106,東京都台東区立うえの高齢者在宅サービスセンター,社会福祉法人台東区社会福祉事業団,社会福祉法人（社協以外）,1370603936,東京都台東区東上野２－２５－１４,03-3833-6541,2017-09-01,,平日・土曜日・祝日,30,https://higasiueno-center.com/zaitaku/,35.709474100000000,139.781673400000040
通所介護,台東区,13106,東京都台東区立やなか高齢者在宅サービスセンター,社会福祉法人台東区社会福祉事業団,社会福祉法人（社協以外）,1370603977,東京都台東区谷中２－１７－２０,03-3824-1094,2017-09-01,,平日・土曜日・祝日,,http://taitoswc.org/yanaka/,35.724052400000000,139.764326699999970
通所介護,台東区,13106,特定非営利活動法人地域生活支援センターささら,特定非営利活動法人地域生活支援センターささら,非営利法人（NPO）,1370604082,東京都台東区橋場１－１６－１７,03-3875-1470,2018-07-01,,,,,,
通所介護,台東区,13106,Ｌｅｔ’ｓリハ！谷中言問,株式会社桜十字,営利法人,1370604124,東京都台東区上野桜木１－１２－１１フォレスト上野ヴィラ１Ｆ,03-5809-0903,2018-10-01,,平日・土曜日・祝日,19,http://www.sakurajyuji.jp/,35.721397500000000,139.772206800000050
通所介護,台東区,13106,ライズケア　リハプライド　上野,ライズ株式会社,営利法人,1370604413,東京都台東区東上野３－７－９中西ビル１階１０１号室,03-5826-8961,2022-03-01,,平日・祝日,,https://www.rehapride.co.jp/ueno/,35.710160900000000,139.780768900000000
通所介護,台東区,13106,アサヒトラストリハビリセンター桜橋,アサヒ産業株式会社,営利法人,1370604769,東京都台東区橋場１－３２－６橋本ビル１階,03-6802-4115,2026-02-01,,平日,,https://ds.asahitrust-x.com/,35.726019600000000,139.805534700000000
通所介護,墨田区,13107,和翔苑,社会福祉法人八広会,社会福祉法人（社協以外）,1370700286,東京都墨田区八広6-55-17,03-3617-1501,2000-02-01,,平日・土曜日・祝日,20,http://www.blog-washouen.com,35.724004300000000,139.830982599999970
通所介護,墨田区,13107,高齢者在宅サービスセンター同愛記念ホーム,社会福祉法人同愛記念病院財団,社会福祉法人（社協以外）,1370700450,東京都墨田区横網２－１－１１,03-3625-8356,2000-02-01,,平日・土曜日・祝日,,http://www.doai.or,35.699542099999990,139.794143400000020
通所介護,墨田区,13107,東京清風園高齢者在宅サービスセンター,社会福祉法人賛育会,社会福祉法人（社協以外）,1370700534,東京都墨田区立花１－２５－１２,03-6861-8771,2000-03-01,,平日・土曜日・祝日,40,http://www.san-ikukai.or.jp/sumida/seifu,35.704983400000000,139.831111100000040
通所介護,墨田区,13107,墨田区うめわか高齢者在宅サービスセンター,社会福祉法人墨田区社会福祉事業団,社会福祉法人（社協以外）,1370701904,東京都墨田区墨田１－４－４シルバープラザ梅若,03-5630-8008,2006-04-01,,平日・土曜日・祝日,29,http://sumida-jigyodan.or.j/silverplazaumewaka/dayservice/index,35.729273200000000,139.815325499999970
通所介護,墨田区,13107,すみだ福祉保健センター,社会福祉法人墨田区社会福祉事業団,社会福祉法人（社協以外）,1370701912,東京都墨田区向島３－３６－７,03-5608-3712,2006-04-01,,平日・土曜日・祝日,331,https://sumida-jigyodan.or.jp/sumidafukushihokencenter/daykinou/index,35.713296400000000,139.810790300000000
通所介護,墨田区,13107,墨田区はなみずき高齢者在宅サービスセンター,社会福祉法人賛育会,社会福祉法人（社協以外）,1370701953,東京都墨田区八広三丁目２２番１４号,03-3617-8734,2006-04-01,,平日・土曜日・祝日,,http://www.san-ikukai.or.jp,35.718454600000000,139.827966400000040
通所介護,墨田区,13107,デイサービスセンター　このまち両国,株式会社けあ３６５,営利法人,1370702092,東京都墨田区緑３－３－５,03-3632-0365,2006-09-01,,平日・土曜日・日曜日・祝日,35,http://care365.co.jp,35.693084400000000,139.804174800000050
通所介護,墨田区,13107,ニチイケアセンターおしあげ,株式会社ニチイ学館,営利法人,1370702225,東京都墨田区太平３－１９－５,03-5819-7227,2007-07-01,,平日・土曜日・祝日,40,http://www.nichiigakkan.co.jp,35.702475000000000,139.813540500000040
通所介護,墨田区,13107,健遊館　冨士乃湯,株式会社健遊館,営利法人,1370702241,東京都墨田区立花４－７－９立花冨士ハイツ１Ｆ,03-5655-2622,2007-08-01,,平日・土曜日・祝日,30,http://fujinoyu.kenyu.co.jp/,35.710849600000000,139.830266500000000
通所介護,墨田区,13107,なのはなデイサービスセンター,有限会社なのはな福祉サービス,営利法人,1370702290,東京都墨田区八広１－１－４　ビレッタ八広　１階,03-5630-6676,2007-12-01,,平日・土曜日・祝日,30,http://www.nanohana.biz/,35.720601941844755,139.821078484655830
通所介護,墨田区,13107,デイサービス　ジョイライフ,株式会社ジョイライフ,営利法人,1370702415,東京都墨田区業平２－７－７,03-5637-0502,2008-05-01,,平日・祝日,,http://www13.plala.or.jp/joylife/index.html,35.707027400000000,139.812548800000060
通所介護,墨田区,13107,ジョイリハ亀戸,株式会社ヤマウチ,営利法人,1370702704,東京都墨田区立花１－１７－１０,03-5630-2018,2009-11-01,,平日・土曜日・祝日,40,http://www.okamoto-group.co.jp/joyreha/,35.707102600000010,139.829077800000050
通所介護,墨田区,13107,デイサービスセンター　たのしいデイ　りょうごく,株式会社ケア２１,営利法人,1370702894,東京都墨田区亀沢３－１４－１３錦糸町一重ローヤルコーポ１０１,03-5819-2710,2010-12-01,,平日・土曜日・祝日,,http://care21.co.jp,35.697742200000000,139.804949699999950
通所介護,墨田区,13107,株式会社ケアサービス　デイサービスセンター墨田,株式会社ケアサービス,営利法人,1370703017,東京都墨田区墨田１－７－２,03-3618-2515,2011-06-01,,平日・土曜日・祝日,35,http://care.co.jp,35.728473300000000,139.816592099999980
通所介護,墨田区,13107,デイサービス　ヨウコー錦糸町,株式会社揚工舎,営利法人,1370703058,東京都墨田区緑４－５－４,03-6659-5320,2011-06-01,,平日・土曜日・日曜日・祝日,,http://rehabili-youko.com/,35.693092800000000,139.806052400000000
通所介護,墨田区,13107,ヒューマンライフケアしらひげ乃湯,ヒューマンライフケア株式会社,営利法人,1370703082,東京都墨田区堤通２－７－３７,03-5631-2239,2011-07-01,,平日・土曜日・祝日,25,https://kaigo.human-lifecare.jp/facilities/ds013_Shirahige/summary.html,35.734322900000000,139.816850199999980
通所介護,墨田区,13107,ゆめふる錦糸町店,株式会社やさしい手,営利法人,1370703181,東京都墨田区太平１－１２－５,05017538196,2011-10-01,,平日・土曜日・祝日,1,http://www.yasashiite.com,35.700783500000000,139.810582500000000
通所介護,墨田区,13107,らいおんハートリハビリ温泉デイサービス本所,株式会社カスケード東京,営利法人,1370703637,東京都墨田区本所１－２－１４－１０１,03-5819-3178,2013-02-01,,平日・土曜日・祝日,,http://lion-heart.co/html/honjo.html,35.702363900000000,139.795850400000060
通所介護,墨田区,13107,ルネサンス　元氣ジム両国,株式会社ルネサンス,営利法人,1370703884,東京都墨田区亀沢１－１９－１田中ビル２階,03-5819-3704,2013-09-01,,平日・祝日,25,http://www.s-re.jp,35.697850500000000,139.799339100000000
通所介護,墨田区,13107,はなまるデイサービス八広,株式会社愛誠会,営利法人,1370704197,東京都墨田区八広３－３８－２０,03-6657-0287,2014-11-01,,平日・土曜日・祝日,30,http://www.aiseifukushi.jp,35.718732400000000,139.829671800000030
通所介護,墨田区,13107,デイサービス夢楽駒形,株式会社我喜大笑,営利法人,1370704221,東京都墨田区東駒形２－１９－１Ｃｉｔｙ　Ｐａｌ　東駒形　１Ｆ,03-5637-8770,2015-01-01,,平日・土曜日・祝日,35,http://yumeraku.net/komgata/,35.707271800000000,139.800927499999940
通所介護,墨田区,13107,デイサービス　ＭＡＲＵ,株式会社ＭＡＲＵ,営利法人,1370704478,東京都墨田区横川２－１３－１４コスモ押上サザンフォルム１０１,03-6658-8185,2016-01-01,,平日・祝日,,http://www.maru-asia.jp,35.704424800000010,139.811915600000020
通所介護,墨田区,13107,ベストリハ墨田,ベストリハ株式会社,営利法人,1370704528,東京都墨田区横川１－８－３ＥＡＳＴ　ＴＯＫＹＯ　１階,03-5637-9231,2016-04-01,,平日・土曜日・祝日,40,http://www.bestreha.com,35.703683199999990,139.811162900000000
通所介護,墨田区,13107,墨田区なりひら高齢者在宅サービスセンター,社会福祉法人カメリア会,社会福祉法人（社協以外）,1370704544,東京都墨田区業平５－６－２,03-5819-3741,2016-04-01,,平日・土曜日・祝日,,http://www.camellia-kai.com,35.707060800000000,139.818009399999940
通所介護,墨田区,13107,デイサービスセンターなごやか墨田,なごやかケアリンク株式会社,営利法人,1370704635,東京都墨田区八広４－１０－６,03-5631-5471,2016-06-01,,平日・土曜日,35,http://www.nagoyaka-link.co.jp/,35.722726600000000,139.827952399999960
通所介護,墨田区,13107,リハプライド　鐘ヶ淵,株式会社タクトコーポレーション,営利法人,1370704858,東京都墨田区墨田４－１３－７,03-6657-1805,2017-07-01,,平日・祝日,,http://www.rehapride.co.jp/kanegafuchi/,35.731353800000000,139.822044399999980
通所介護,墨田区,13107,デイホームゆりの木両国,株式会社日本エルダリーケアサービス,営利法人,1370705186,東京都墨田区石原２－７－４吉武ビル１階,03-6658-4733,2019-04-01,,平日・土曜日,,https://www.elderly.jp/yurinoki/home/ryogoku/,35.699921000000000,139.801387100000000
通所介護,墨田区,13107,ベストリハ東向島,ベストリハ株式会社,営利法人,1370705236,東京都墨田区東向島３－２０－８,03-6657-3064,2019-06-01,,平日・土曜日・祝日,40,https://bestreha.com/,35.723661900000000,139.816844599999970
通所介護,墨田区,13107,ゼストライフ,株式会社エコディラクション,営利法人,1370705269,東京都墨田区立川２－５－５カーサ両国１階,03-5600-4548,2019-08-01,,平日・土曜日・祝日,100,http://zestlife.jp,35.691067300000000,139.802923500000000
通所介護,墨田区,13107,Ｔｅｎｏｎ吾妻橋,株式会社新期ヘルスケア,営利法人,1370705301,東京都墨田区吾妻橋２－１８－８パークリヴィエール１階,03-5610-5551,2020-02-01,,平日・土曜日・祝日,,,35.710665400000000,139.802342300000000
通所介護,墨田区,13107,デイサービス　ケット,株式会社ＭＡＲＵ,営利法人,1370705475,東京都墨田区本所２－１４－１１ヴェーレ,03-6456-1964,2022-01-01,,平日,,,35.703865500000000,139.800819500000000
通所介護,墨田区,13107,エバーウォーク曳舟,株式会社エバーウォーク,営利法人,1370705491,東京都墨田区東向島２－２０－１１向島ダイヤマンション１階,03-6231-9929,2022-02-01,,平日・祝日,25,http://everwalk.net/,35.718787000000000,139.814456600000000
通所介護,墨田区,13107,可能性支援型デイリハＬＡＢＯ　オリーブ,医療法人社団オリーブ,医療法人,1370705574,東京都墨田区向島４－２０－７　１０２号室,03-5809-7560,2022-08-01,,平日・土曜日・祝日,,https://dayrehaolive.wordpress.com/,35.715354200000000,139.813426200000000
通所介護,墨田区,13107,デイサービスやわら,一般社団法人自由学舎,社団・財団,1370705582,東京都墨田区京島２－８－６,03-6657-0715,2022-08-01,,平日・土曜日・祝日,25,,35.714226600000000,139.819732400000000
通所介護,墨田区,13107,デイサービス夢楽駒形２号店,株式会社我喜大笑,営利法人,1370705715,東京都墨田区墨田３－８－１３スカイハイツ１階,03-6657-2201,2023-11-01,,平日・土曜日・祝日,30,https://yumeraku.net/,35.728638000000000,139.821770900000000
通所介護,墨田区,13107,エバーウォーク両国,株式会社エバーウォーク,営利法人,1370805374,東京都墨田区石原３－２７－１０原田ビル１階,03-5637-8218,2015-01-01,,平日・祝日,35,https://everwalk.net/,35.701452900000000,139.802949799999960
通所介護,江東区,13108,深川愛の園デイサービスセンター,社会福祉法人聖救主福祉会,社会福祉法人（社協以外）,1370800508,東京都江東区富岡１－１５－９,03-3641-1962,2000-02-01,,平日・土曜日・祝日,23,https://seikyusyu.or.jp/,35.672192600000024,139.798422799999970
通所介護,江東区,13108,あそか園高齢者在宅サービスセンター,社会福祉法人あそか会,社会福祉法人（社協以外）,1370800599,東京都江東区住吉１－９－５,03-3632-3615,2000-03-01,,平日・土曜日・祝日,48,http://www.asokakai.or.jp/asoka/index.html,35.687555921386610,139.812051779366130
通所介護,江東区,13108,寿園サービスセンター,社会福祉法人江東ことぶき会,社会福祉法人（社協以外）,1370800615,東京都江東区北砂２－１－１６,03-3615-4850,2000-03-01,,平日・土曜日,25,http://www.kotokotobukikai.com,35.679022000000000,139.826854900000000
通所介護,江東区,13108,枝川高齢者在宅サービスセンター,江東区,地方公共団体（市町村）,1370800649,東京都江東区枝川１－８－１５－１０１,03-5632-2277,2000-03-01,,平日・土曜日・祝日,240,https://www.foryou.or.jp/facility/edagawa/w092/,35.658410637284300,139.819541038986270
通所介護,江東区,13108,癒しのデイサービス江東,株式会社リエイケア,営利法人,1370800821,東京都江東区大島６－１－４－１０３,03-5626-6514,2000-05-01,,平日・土曜日・祝日,20,http://www.riei.co.jp,35.691173900000000,139.832247199999980
通所介護,江東区,13108,すこやかホーム東陽町,株式会社すこやか,営利法人,1370801340,東京都江東区南砂１－３－２０　東京トラック同盟協同組合会館３階,03-5665-3090,2002-05-01,,平日・土曜日・祝日,,http://www.sukoyaka-home.com/,35.678650100000000,139.821695300000000
通所介護,江東区,13108,コスモス高齢者在宅サービスセンター,社会福祉法人江東ことぶき会,社会福祉法人（社協以外）,1370801381,東京都江東区大島９－６－１６,03-5836-1555,2002-05-01,,平日・土曜日・祝日,,,35.693149000000000,139.844829399999980
通所介護,江東区,13108,株式会社　ケアサービス　デイサービスセンター南砂,株式会社ケアサービス,営利法人,1370801688,東京都江東区南砂１－７－１０,03-5665-5966,2003-01-01,,平日・土曜日・祝日,30,http://www.care.co.jp/,35.679874900000000,139.823059100000020
通所介護,江東区,13108,デイサービスリゾート　ハナマウイ,株式会社ハナマウイ,営利法人,1370802017,東京都江東区東砂８－６－２ツインシティ東砂アネックス１１４,03-5633-6517,2003-12-01,,平日・土曜日・祝日,,,35.669293400000000,139.839693700000000
通所介護,江東区,13108,すこやかホーム住吉,株式会社すこやか,営利法人,1370802025,東京都江東区毛利２－５－８ローズハイツ猿江恩賜公園１０１,03-6666-2132,2003-12-01,,平日・土曜日・祝日,,https://sukoyakahome.wixsite.com/sukoyaka,35.691624189269370,139.815721067015180
通所介護,江東区,13108,デイサービス一歩,株式会社森下介護サービス,営利法人,1370802074,東京都江東区白河３－１８－１２　フルハウス白河,03-5621-2930,2004-03-01,,平日・土曜日,45,,35.683021700000000,139.803822299999980
通所介護,江東区,13108,南砂高齢者在宅サービスセンター,社会福祉法人江東ことぶき会,社会福祉法人（社協以外）,1370802447,東京都江東区南砂２－３－５－１０２,03-3615-1081,2005-04-01,,平日・土曜日,,http://www.kotokotobukikai.com,35.670831600000000,139.822717499999950
通所介護,江東区,13108,北砂ホーム高齢者在宅サービスセンター,社会福祉法人あそか会,社会福祉法人（社協以外）,1370802520,東京都江東区北砂６－２０－３０,03-5606-1731,2005-04-01,,,,,,
通所介護,江東区,13108,亀戸高齢者在宅サービスセンター,社会福祉法人あそか会,社会福祉法人（社協以外）,1370802538,東京都江東区亀戸４－２１－１３,03-5626-0130,2005-04-01,,平日・土曜日・祝日,,https://www.asokakai.or.jp/,35.702647300000000,139.826547700000000
通所介護,江東区,13108,東陽高齢者在宅サービスセンター,社会福祉法人あそか会,社会福祉法人（社協以外）,1370802561,東京都江東区東陽６－２－１７,03-5606-8861,2005-04-01,,平日・土曜日・祝日,34,http://www.asokakai.or.jp,35.674730042324250,139.812391838419600
通所介護,江東区,13108,古石場高齢者在宅サービスセンター,社会福祉法人あそか会,社会福祉法人（社協以外）,1370802595,東京都江東区古石場２－１４－１－１０１,03-3641-2671,2005-04-01,,平日・土曜日・祝日,,http://www.asokakai.or.jp/,35.667148600000000,139.800011899999960
通所介護,江東区,13108,大島高齢者在宅サービスセンター,社会福祉法人あそか会,社会福祉法人（社協以外）,1370802637,東京都江東区大島６－１４－４－１０３,03-3638-4511,2005-04-01,,平日・土曜日・祝日,,http://www.asokakai.or.jp/,35.692998800000000,139.836305100000000
通所介護,江東区,13108,あっぷるデイサービス,有限会社ＡＰケア,営利法人,1370802876,東京都江東区亀戸１－３３－５,03-3636-1206,2005-09-01,,平日・土曜日・祝日,26,http://www.well-life.co.jp/,35.695298669398950,139.824778899999950
通所介護,江東区,13108,すこやかホーム小名木川,株式会社すこやか,営利法人,1370803007,東京都江東区北砂５－２０－１－１０２,03-5690-7066,2005-12-01,,平日・土曜日・祝日,30,http://www.sukoyaka-home.com/,35.683455300000000,139.831627799999980
通所介護,江東区,13108,老人デイサービスセンター　あじさい,社会福祉法人愛郷会,社会福祉法人（社協以外）,1370803056,東京都江東区東砂４－２０－１５,03-5857-8248,2006-02-01,,平日・土曜日・祝日,30,http://ajisai-kaigo.jp/,35.678147800000000,139.838157700000000
通所介護,江東区,13108,デイサービス　リゾート　ハナマウイ　スイート,株式会社ハナマウイ,営利法人,1370803122,東京都江東区住吉１－１９－１ツインタワーすみとし住吉館２０１,03-5875-0007,2006-04-01,,平日・土曜日・祝日,,http://hanamaui.jp,35.690151400000000,139.813174000000000
通所介護,江東区,13108,フォービスライフお元気クラブ,フォービスライフ株式会社,営利法人,1370803130,東京都江東区海辺２３－１５,03-6666-8400,2006-04-01,,平日・土曜日・祝日,35,https://lion-heart.co/shops/day_service_kameido/,35.695712000000000,139.826078300000060
通所介護,江東区,13108,芳香苑高齢者在宅サービスセンター,社会福祉法人桜栄会,社会福祉法人（社協以外）,1370803395,東京都江東区東雲２－２－２９,03-3527-7166,2007-04-01,,平日・土曜日・祝日,,http://www.oheikai.or.jp/,35.642145900000000,139.801253300000000
通所介護,江東区,13108,セントケア東雲　デイサービスセンター,セントケア東京株式会社,営利法人,1370803445,東京都江東区東雲１－９－２０東雲キャナルコートＣＯＤＡＮ第２０号棟第２０１号室,03-6221-0377,2007-04-01,,平日・土曜日・祝日,50,,35.648186299999990,139.803808899999980
通所介護,江東区,13108,らいおんハートリハビリ温泉デイサービスひまわり,株式会社カスケード東京,営利法人,1370803734,東京都江東区南砂３－５－３スターハイツ１Ｆ,03-6279-7515,2008-09-01,,平日・土曜日・祝日,30,http://lion-heart.co/html/minamisuna.html,35.673253600000000,139.827314300000000
通所介護,江東区,13108,すこやかホーム大島,株式会社すこやか,営利法人,1370803767,東京都江東区大島８－２－１０,03-5627-2501,2008-10-01,,平日・土曜日・祝日,30,http://homepage2.nifty.com/sukoyakahome/,35.688496600000000,139.838329899999960
通所介護,江東区,13108,デイサービス　五幸　亀七通り,株式会社五幸トータルサービス,営利法人,1370803890,東京都江東区亀戸７－２８－９ペトリュス１Ｆ,03-5627-7090,2009-06-01,,平日・土曜日・祝日,28,http://www.gokou-totalservice.co.jp/day-service/kamenana/,35.698362720909260,139.837002365606620
通所介護,江東区,13108,白河高齢者在宅サービスセンター,社会福祉法人あそか会,社会福祉法人（社協以外）,1370804153,東京都江東区白河３－４－３－２０１,03-3630-6591,2010-05-01,,平日・土曜日・祝日,40,http://www.asokakai.or.jp/shirakawa/index.html,35.682163500000010,139.805763699999940
通所介護,江東区,13108,ヒューマンライフケア鶴の湯,ヒューマンライフケア株式会社,営利法人,1370804203,東京都江東区冬木２２－２４－１階,03-5646-6188,2010-07-01,,平日・土曜日・祝日,30,https://kaigo.human-lifecare.jp/facilities/ds005_Tsuru/summary.html,35.675777527044230,139.801024844921800
通所介護,江東区,13108,らいおんハートリハビリデイサービス東陽町,株式会社カスケード東京,営利法人,1370804286,東京都江東区南砂２－２－１１－１Ｆライオンズマンション東陽町第三,03-6666-6442,2012-02-01,,平日・土曜日・祝日,,http://lion-heart.co/html/toyocho.html,35.667940199999990,139.815004500000000
通所介護,江東区,13108,すこやか自立学園木場校,株式会社すこやか,営利法人,1370804666,東京都江東区木場１－４－５イマス木場ビル３階,03-5617-6670,2012-06-01,,平日・土曜日・祝日,41,http://sukoyaka-home.com/,35.668665100000000,139.804786299999930
通所介護,江東区,13108,門前仲町リハビリデイセンター,Ｂｏｄｙ　Ｐｉｏｎｅｅｒ株式会社,営利法人,1370804674,東京都江東区深川１－３－４アーバンテラスＮ１０１,03-6458-8024,2012-06-01,,平日・土曜日・祝日,25,http://bodypioneer.net,35.675830605443230,139.795443306745940
通所介護,江東区,13108,ちろりん村　深川,株式会社燦光,営利法人,1370804716,東京都江東区千田２１－３,03-3615-3510,2012-08-01,,平日・土曜日・祝日,39,http://www.yasuraginosono.com,35.681169200000000,139.816276499999960
通所介護,江東区,13108,機能回復リハセンター　南砂,Ｂｏｄｙ　Ｐｉｏｎｅｅｒ株式会社,営利法人,1370804849,東京都江東区南砂１－１０－１１,03-6458-7300,2013-04-01,,平日・土曜日・祝日,25,https://www.bodypioneer.net/,35.678889000000000,139.823825700000040
通所介護,江東区,13108,デイサービスホーム　まんまる笑がお,株式会社サン・エコ,営利法人,1370805036,東京都江東区千石１－７－３２,03-6458-6628,2013-10-01,,平日・土曜日・祝日,35,http://manmaru-egao.com/,35.676933600000000,139.814260099999960
通所介護,江東区,13108,デイサービス　いちばん星,株式会社こだま,営利法人,1370805358,東京都江東区常盤２－１２－７,03-6659-6253,2014-12-01,,平日・土曜日・祝日,23,http://www.ichibanboshi-care.com/index.html,35.685210400000024,139.797875600000000
通所介護,江東区,13108,デイサービスセンターなごやか江東,なごやかケアリンク株式会社,営利法人,1370805705,東京都江東区扇橋３－２－２ハイツ扇橋１Ｆ,03-5633-7134,2016-06-01,,平日・土曜日・祝日,100,http://www.nagoyaka-link.co.jp/club/koto/,35.682832900000000,139.818053999999960
通所介護,江東区,13108,デイサービスセンターなごやか亀戸,なごやかケアリンク株式会社,営利法人,1370805739,東京都江東区亀戸３－６１－３小林コーポ１階,03-5627-8630,2016-06-01,,平日・土曜日・祝日,30,https://www.nagoyaka-link.co.jp/club/kameto/,35.702122300000000,139.824797799999940
通所介護,江東区,13108,デイサービスセンターなごやか砂町,なごやかケアリンク株式会社,営利法人,1370805747,東京都江東区東砂６－１９－４　スリーリバーハイツ１階,03-5665-7167,2016-06-01,,平日・土曜日・祝日,30,http://www2.nagoyakaclub.jp/sunamachi/,35.674509500000006,139.840840800000020
通所介護,江東区,13108,デイサービス　きずな,株式会社アウトリーチ,営利法人,1370805861,東京都江東区亀戸３－４７－４,03-5875-2697,2017-04-01,,平日・土曜日・祝日,,,35.702279000000000,139.823339799999980
通所介護,江東区,13108,リハプライド　門前仲町,株式会社タクトコーポレーション,営利法人,1370806141,東京都江東区深川１－８－６,03-5639-1136,2018-07-01,,平日・祝日,,https://www.rehapride.co.jp/monzennakacho/,35.676869699999990,139.796537100000020
通所介護,江東区,13108,森井整形外科デイサービス,医療法人社団松晴会,医療法人,1370806281,東京都江東区千田１３－１０,03-6666-7175,2019-06-01,,平日,20,http://www.morii-orth.jp,35.682029362718040,139.815365071163900
通所介護,江東区,13108,Ｔｅｎｏｎ　東陽,株式会社新璽ヘルスケアアドバイザー,営利法人,1370806299,東京都江東区東陽１－２６－１５エンブレム木場　１０２・１０３号室,03-5683-2500,2019-06-01,,平日・土曜日・祝日,29,,35.667277700000000,139.811961599999960
通所介護,江東区,13108,デイサービスめいゆう,Ｂｏｄｙ　Ｐｉｏｎｅｅｒ株式会社,営利法人,1370806448,東京都江東区北砂１－１１－１,03-6805-0161,2020-04-01,,平日・土曜日・祝日,,https://www.bodypioneer.net/service/meiyuu.html,35.680251700000000,139.823322100000000
通所介護,江東区,13108,デイサービスたけのこ,株式会社ライコム・コーポレーション,営利法人,1370806570,東京都江東区南砂３－８－３３,03-5635-3117,2021-06-01,,平日・土曜日・祝日,30,http://www.raycom.co.jp/,35.670284500000000,139.830597700000000
通所介護,江東区,13108,ルネサンス　元氣ジム亀戸,株式会社ルネサンス,営利法人,1370806596,東京都江東区亀戸２－１－１　２階,03-5609-7451,2021-07-01,,平日・祝日,27,https://www.s-renaissance.co.jp/,35.697393999999996,139.820132400000000
通所介護,江東区,13108,株式会社ケアサービス　デイサービスセンター亀戸,株式会社ケアサービス,営利法人,1370806703,東京都江東区亀戸５－８－１２,03-5858-8433,2022-04-01,,平日・土曜日・祝日,,https://www.care.co.jp,35.698463900000000,139.828634600000000
通所介護,江東区,13108,ベストリハ砂町銀座,ベストリハ株式会社,営利法人,1370806935,東京都江東区北砂３－３７－２銀座ボンジュール１階,03-6810-5695,2023-04-01,,平日・土曜日・祝日,40,https://bestreha.com/,35.679684800000000,139.830481700000000
通所介護,江東区,13108,江東ホーム高齢者在宅サービスセンター,社会福祉法人あそか会,社会福祉法人（社協以外）,1370807024,東京都江東区東陽２－１－２,03-3647-5081,2023-11-01,,平日・土曜日・祝日,35,https://www.asokakai.or.jp/intro/intro02_01/,35.665880600000000,139.814706400000000
通所介護,江東区,13108,いちばん星リハカフェ,株式会社こだま,営利法人,1370807131,東京都江東区常盤２－１４－１７リバーハイツ常盤１階,03-5875-9021,2024-10-01,,平日・土曜日・祝日,,http://www.ichibanboshi-care.com,35.684240300000010,139.797570200000020
通所介護,江東区,13108,ディサービス・ケアワン,和英共創株式会社,営利法人,1370807172,東京都江東区大島４－３－６－１Ｆ・２Ｆ,03-4500-9828,2024-12-01,,,,,,
通所介護,江東区,13108,大島リハビリデイステーション中の橋　看護＆ＳＰＡ,株式会社ＯＮＥ－ＴＯ－ＯＮＥ,営利法人,1370807198,東京都江東区大島７－７－１－１階吉田ビル,03-5858-9576,2025-01-01,,平日・土曜日・祝日,120,,35.691188000000010,139.837911700000000
通所介護,品川区,13109,リハビリフィットネス　りふり品川,シグニフィ株式会社,営利法人,1370305722,東京都品川区上大崎３－１４－３４,03-6456-4345,2024-12-01,,平日・土曜日・祝日,20,https://shinagawa.rehabili-fitness.com/,35.629257500000000,139.719900600000000
通所介護,品川区,13109,生活協同組合パルシステム東京デイサービスセンター「八潮陽だまり」,生活協同組合パルシステム東京,生協,1370900605,東京都品川区八潮５－２－２八潮ビル３Ｆ,03-3799-3077,2000-03-01,,平日・土曜日・祝日,,http://www.palsystem-tokyo.coop,35.604457900000020,139.753507099999980
通所介護,品川区,13109,成幸在宅サービスセンター,社会福祉法人三徳会,社会福祉法人（社協以外）,1370900613,東京都品川区中延１－８－７,03-3787-7492,2000-03-01,,平日・土曜日・祝日,20,https://www.santokukai.com/,35.612083500000000,139.711837500000000
通所介護,品川区,13109,東品川在宅サービスセンター,社会福祉法人福栄会,社会福祉法人（社協以外）,1370900670,東京都品川区東品川３－１－８,03-5479-2946,2000-03-01,,平日・土曜日・祝日,,http://www.fukueikai.or.jp,35.617256200000000,139.746840199999950
通所介護,品川区,13109,品川区立大崎在宅サービスセンター,社会福祉法人福栄会,社会福祉法人（社協以外）,1370900688,東京都品川区大崎２－１１－１,03-3779-3547,2000-03-01,,平日・土曜日・祝日,,http://www.fukueikai.or.jp,35.617027719139540,139.729694989393580
通所介護,品川区,13109,品川区立戸越台在宅サービスセンター,社会福祉法人三徳会,社会福祉法人（社協以外）,1370900761,東京都品川区戸越１－１５－２３,03-5750-1052,2000-03-01,,平日・土曜日・祝日,30,http://www.santokukai.com/,35.610679302002204,139.714658520709700
通所介護,品川区,13109,品川区立荏原在宅サービスセンター,社会福祉法人三徳会,社会福祉法人（社協以外）,1370900803,東京都品川区荏原２－９－６,03-5750-3708,2000-03-01,,平日・土曜日・祝日,,http://www.santokukai.com/,35.617091200000000,139.711112400000050
通所介護,品川区,13109,品川区立八潮在宅サービスセンター,社会福祉法人　品川総合福祉センター,社会福祉法人（社協以外）,1370900829,東京都品川区八潮５－１０－２７,03-3790-0344,2000-03-01,,平日・土曜日・祝日,35,http://www.shinafuku.com,35.599912477342850,139.751149092590340
通所介護,品川区,13109,品川区立大井在宅サービスセンター,社会福祉法人　品川総合福祉センター,社会福祉法人（社協以外）,1370900837,東京都品川区大井４－１４－８,03-5742-2721,2000-03-01,,平日・土曜日・祝日,35,http://www.shinafuku.com,35.601879800000000,139.732825199999980
通所介護,品川区,13109,品川区立中延在宅サービスセンター,社会福祉法人　品川総合福祉センター,社会福祉法人（社協以外）,1370900845,東京都品川区中延６－８－８,03-3787-2137,2000-03-01,,平日・土曜日・祝日,,http://shinafuku.com,35.601812500000000,139.711190699999970
通所介護,品川区,13109,品川区西大井在宅サービスセンター,社会福祉法人春光福祉会,社会福祉法人（社協以外）,1370900993,東京都品川区西大井２－４－４,03-5743-6125,2000-04-01,,平日・土曜日・祝日,45,http://www.shunkoufukushikai.or.jp,35.599929700000000,139.722531500000060
通所介護,品川区,13109,南大井在宅サービスセンター,社会福祉法人さくら会,社会福祉法人（社協以外）,1370901058,東京都品川区南大井５－１９－１,03-5753-3903,2000-05-01,,平日・土曜日・祝日,25,http://www.sakurakai.jp,35.594647400000000,139.733981099999940
通所介護,品川区,13109,パナソニック　エイジフリーケアセンターしながわ・デイサービス,パナソニックエイジフリー株式会社,営利法人,1370901090,東京都品川区南品川５－３－１０ミヤデラビル１Ｆ,03-3450-8136,2000-07-01,,平日・土曜日,40,http://www.fureai-do.co.jp/,35.611451100000000,139.741104800000020
通所介護,品川区,13109,峰原坂ケアセンター,株式会社アルカ,営利法人,1370901199,東京都品川区大崎五丁目５番３号,03-3490-7997,2001-03-01,,平日・祝日,,,35.623324200000000,139.724327700000000
通所介護,品川区,13109,すずなり戸越,株式会社すずなり,営利法人,1370901587,東京都品川区戸越６－２３－２４コープ中延１階,03-5751-5353,2002-05-01,,平日・土曜日,58,http://www.suzu-care.jp,35.606614800000000,139.714245799999960
通所介護,品川区,13109,西五反田在宅サービスセンター,社会福祉法人さくら会,社会福祉法人（社協以外）,1370902049,東京都品川区西五反田３－６－６,03-5434-5608,2004-04-01,,平日・土曜日・祝日,,http://www.sakurakai.jp,35.628117900000000,139.716964299999970
通所介護,品川区,13109,株式会社ケアサービス　デイサービスセンター小山,株式会社ケアサービス,営利法人,1370902148,東京都品川区小山１－１－１,03-5759-5665,2004-09-01,,平日・土曜日・祝日,26,http://www.care.co.jp/,35.623623800000000,139.710442800000000
通所介護,品川区,13109,デイサービスセンター友の里　旗の台,株式会社ティーシーエス,営利法人,1370902270,東京都品川区旗の台４－１０－１,03-5788-6361,2004-12-01,,平日・土曜日・日曜日・祝日,,http://www.total-care-servise.co.jp/,35.602187200000000,139.702966400000040
通所介護,品川区,13109,通所介護すずなり立会川,株式会社すずなり,営利法人,1370903021,東京都品川区東大井２－２５－１９　金井立会川ビル１階号室,03-5753-8830,2008-09-01,,平日・土曜日,40,http://www.suzu-care.jp/,35.597686100000000,139.739608399999950
通所介護,品川区,13109,デイサロン　まどか,株式会社まどか,営利法人,1370903484,東京都品川区平塚３－１５－９,03-5749-3928,2010-07-01,,平日・土曜日・祝日,20,,35.614211000000000,139.710879200000020
通所介護,品川区,13109,ゆめふる荏原店,株式会社やさしい手,営利法人,1370903500,東京都品川区荏原６－５－１,05017538180,2010-10-01,,平日・土曜日・祝日,180,https://search.yasashiite.com/detail/tsusyokaigo_ebara/,35.613438700000000,139.703904800000030
通所介護,品川区,13109,レッツ倶楽部立会川,ＱＬＣプロデュース株式会社,営利法人,1370903781,東京都品川区東大井２－２８－６マイキャッスル立会川,03-5767-9411,2012-05-01,,平日・土曜日・祝日,30,http://www.lets-club.jp/shop/tachiaigawa/,35.597449999999990,139.739524999999960
通所介護,品川区,13109,アースサポート東品川,アースサポート株式会社,営利法人,1370903880,東京都品川区東品川３－２１－８,03-5463-4700,2013-03-01,,平日・土曜日・祝日,,https://www.earthsupport.co.jp,35.613563100000000,139.747331400000000
通所介護,品川区,13109,オハナ中延,東急ウェルネス株式会社,営利法人,1370904144,東京都品川区中延４－５－７スタイリオ中延駅前３Ｆ,03-3782-7109,2014-05-01,,平日・土曜日・祝日,43,http://tokyu-ohana.jp/,35.605567700000000,139.712621000000000
通所介護,品川区,13109,株式会社ケアサービス　デイサービスセンター豊町,株式会社ケアサービス,営利法人,1370904318,東京都品川区豊町１－１０－１６,03-5788-7075,2015-02-01,,平日・土曜日・祝日,20,,35.612834875128940,139.721783376651730
通所介護,品川区,13109,デイサービスセンターなごやか中延,なごやかケアリンク株式会社,営利法人,1370904656,東京都品川区東中延２－５－５ハウスブルンネン店舗１０１号,03-5749-4222,2016-06-01,,平日・土曜日・祝日,25,https://www.nagoyaka-link.co.jp/club/nakanobu/,35.608214437610040,139.714031351971470
通所介護,品川区,13109,ミモザ南品川,ミモザ株式会社,営利法人,1370904979,東京都品川区南品川２－２－５　１階,03-5782-8040,2018-10-01,,平日・土曜日・祝日,,https://www.mimoza-care.jp/base/minami-shinagawa.html,35.611970599999990,139.742210200000040
通所介護,品川区,13109,デイスポーツ　青空クラブ　武蔵小山,株式会社日本社会福祉グループ,営利法人,1370905075,東京都品川区小山台１－２６－１９ホシノハイツ１Ｆ,03-6452-2260,2019-07-01,,平日,20,http://hp.kaipoke.biz/1r2/index.html,35.622191900000000,139.705897999999930
通所介護,品川区,13109,ブリッジライフ中延,ＱＬＣプロデュース株式会社,営利法人,1370905083,東京都品川区西中延３－２－１５コーポラスシルバー１階,03-6421-6498,2019-10-01,,平日・土曜日・祝日,,https://www.bridge-life.jp/shop/nakanobu.html,35.608278200000010,139.708463100000020
通所介護,品川区,13109,つばさデイサービス西小山,介護ジャパン株式会社,営利法人,1370905125,東京都品川区小山６－９－２０シュテルンハイム１階,03-6426-7035,2020-05-01,,平日・祝日,,https://kaigojapan.co.jp/,35.614123400000000,139.698676200000000
通所介護,目黒区,13110,青葉台さくら苑　高齢者在宅サービスセンター,社会福祉法人三交会,社会福祉法人（社協以外）,1371000504,東京都目黒区青葉台３－２１－６,03-3791-3503,2000-02-01,,平日・祝日,35,http://www.sakuraen.or.jp,35.649502671131070,139.692160185144990
通所介護,目黒区,13110,清徳会ケアセンター,社会福祉法人清徳会,社会福祉法人（社協以外）,1371000538,東京都目黒区目黒本町４－２－１,03-3794-5662,2000-02-01,,平日・祝日,,http://www.seitoku.or.jp/hp/care.htm,35.622823500000000,139.698299499999960
通所介護,目黒区,13110,デイサロンこまば,社会福祉法人愛隣会,社会福祉法人（社協以外）,1371000660,東京都目黒区大橋２－１９－１,03-3485-9823,2000-03-01,,平日・土曜日・祝日,30,http://komabaen.org/,35.655041400000000,139.682522200000000
通所介護,目黒区,13110,ゆめふる八雲店,株式会社やさしい手,営利法人,1371000918,東京都目黒区八雲１－１０－６カンプス１階,05017423791,2000-10-01,,平日・土曜日・祝日,40,http://www.yasashiite.com,35.618451000000000,139.672371399999970
通所介護,目黒区,13110,上目黒診療所,目黒医療生活協同組合,生協,1371001395,東京都目黒区上目黒４－４－２１,03-3715-2272,2006-10-01,,平日・祝日,28,,35.641360000000000,139.692107800000030
通所介護,目黒区,13110,株式会社ケアサービス　デイサービスセンター目黒中町,株式会社ケアサービス,営利法人,1371001940,東京都目黒区中町１－３７－１４,03-5768-1440,2005-05-01,,平日・土曜日・祝日,,http://www.care.co.jp/,35.630464100000000,139.694166300000000
通所介護,目黒区,13110,パナソニック　エイジフリーケアセンター八雲・デイサービス,パナソニックエイジフリー株式会社,営利法人,1371002666,東京都目黒区八雲５－１７－２２　都立大学フラワーマンション１階,03-5715-3201,2008-04-01,,平日・土曜日・日曜日・祝日,,https://panasonic.co.jp/ls/paf/,35.622797500000000,139.666252399999960
通所介護,目黒区,13110,デイサービス　清水の里,株式会社グリーンハウス,営利法人,1371002930,東京都目黒区目黒本町２－１５－４,03-6452-3555,2010-03-01,,平日・土曜日・祝日,21,http://shimizunosato.sakura.ne.jp,35.626203500000000,139.692766600000030
通所介護,目黒区,13110,オハナ池尻大橋,東急ウェルネス株式会社,営利法人,1371003268,東京都目黒区大橋１－８－３,03-5459-2109,2012-04-01,,平日・土曜日・祝日,36,http://www.tokyu-ohana.jp,35.650531000000000,139.688663400000000
通所介護,目黒区,13110,健遊館　めぐろのゆ,株式会社健遊館,営利法人,1371003367,東京都目黒区青葉台３－１６－２フォレスト青葉台１０２,03-5990-4833,2012-08-01,,平日・土曜日・祝日,,http://bunkayokusen.kenyu.co.jp/,35.650712899999995,139.691556200000000
通所介護,目黒区,13110,デイサービスセンターみやび,株式会社ヘヴンリィ,営利法人,1371003896,東京都目黒区下目黒２－１５－１０,03-6417-9468,2014-09-01,,平日・土曜日・祝日,20,https://heavenly2014.com,35.629256400000000,139.711456499999940
通所介護,目黒区,13110,デイサービスあかつき目黒本町,日の出ケア株式会社,営利法人,1371004043,東京都目黒区目黒本町６－１６－１２カーサ・アヤ１階,03-6303-3047,2015-05-01,,平日・土曜日・日曜日・祝日,,https://hinode-care.com/establishment/akatsuki/,35.619248800000010,139.694508300000050
通所介護,目黒区,13110,デイサービス夢楽西小山,株式会社我喜大笑,営利法人,1371004076,東京都目黒区原町２－７－５コアプラス洗足１Ｆ,03-6712-2551,2015-07-01,,平日・土曜日・祝日,,http://yumeraku.net/nishikoyama/,35.614352100000000,139.692167000000040
通所介護,目黒区,13110,ＮＡＮＡＩＲＯ　ＣＯＯＫＩＮＧ　ＳＴＵＤＩＯ　自由が丘,株式会社ＳＯＹＯＫＡＺＥ,営利法人,1371004100,東京都目黒区八雲２－９－４,03-5731-8620,2015-07-01,,平日・祝日,20,http://www.sykz.co.jp/,35.615593000000000,139.670599400000010
通所介護,目黒区,13110,リハビリテーション　ＡＹＵＭＵ　下目黒店,株式会社ＡＹＵＭＵ,営利法人,1371004233,東京都目黒区下目黒３－１５－２松本ビル１階,03-6671-0362,2016-05-01,,平日・祝日,,http://ayumu-ji.co.jp/,35.626295600000020,139.708106899999960
通所介護,目黒区,13110,デイサービスセンターなごやか目黒,なごやかケアリンク株式会社,営利法人,1371004282,東京都目黒区原町１－１９－１０カザマビル１階,03-5768-4151,2016-06-01,,平日・土曜日・祝日,40,http://www.nagoyaka-link.co.jp,35.617846200000000,139.695791500000040
通所介護,目黒区,13110,デイサービスセンター　あおぞら目黒,株式会社日本社会福祉グループ,営利法人,1371004480,東京都目黒区原町１－２１－１０,03-6303-3758,2017-04-01,,平日・土曜日・祝日,20,,35.617126900000000,139.695052700000020
通所介護,目黒区,13110,グリーンデイ目黒本町,介護ジャパン株式会社,営利法人,1371004571,東京都目黒区目黒本町３－１９－２清徳会ビル１・２階,03-6452-4473,2017-05-01,,平日・土曜日・祝日,,https://kaigojapan.co.jp/,35.623999000000030,139.698372200000000
通所介護,目黒区,13110,グリーンデイ鷹番,介護ジャパン株式会社,営利法人,1371004712,東京都目黒区鷹番３－１５－１０永和レガート１階,03-6451-2402,2018-02-01,,平日・土曜日・祝日,,http://greenday15.com/,35.628294311266200,139.684004638895880
通所介護,目黒区,13110,アレッジ・ワークス　目黒三田,株式会社颯花,営利法人,1371004837,東京都目黒区三田２－１５－１２,03-6712-2594,2018-08-01,,平日・土曜日・祝日,,https://soyoka.wixsite.com/main,35.638726900000000,139.709307299999980
通所介護,目黒区,13110,はつね柿の木坂,株式会社オフィス３１３,営利法人,1371005149,東京都目黒区柿の木坂１－２－２　１０１,03-6459-5172,2021-01-01,,平日・土曜日・祝日,,http://www.office313.com/kakinokizaka/,35.622740900000000,139.679372900000030
通所介護,目黒区,13110,ウェルビスタ　ケアスタジオ　駒場,株式会社ＳＯＹＯＫＡＺＥ,営利法人,1371005404,東京都目黒区駒場１－３９－１８,03-5790-2035,2023-04-01,,平日・祝日,,https://wellbista-cs.com/,35.657102800000000,139.683700200000000
通所介護,目黒区,13110,デイサービスクローバー学芸大学別邸,株式会社ＣＬＯＶＥＲ,営利法人,1371005412,東京都目黒区中央町１－３－２ダイアン目黒ビル２階,03-3715-2266,2023-04-01,,平日・土曜日・日曜日・祝日,,https://day-clover.com/dayservice/office/gakudaiannex/,35.629669100000010,139.694409899999980
通所介護,目黒区,13110,あずゆーらいく自由が丘,株式会社フイユ,営利法人,1371005560,東京都目黒区自由が丘２－３－１３Ｊｕｉｍａ　２　１階,03-5731-3088,2025-12-01,,平日・土曜日,,http://www.feuille-corp.com,35.612795478624910,139.666740331213400
通所介護,大田区,13111,株式会社ケアサービス　デイサービスセンター大森西,株式会社ケアサービス,営利法人,1370901348,東京都大田区大森西２－２－２９,03-5767-7753,2001-06-01,,平日・土曜日・祝日,39,https://www.care.co.jp/office/ds_oomorinishi,35.578016279905420,139.728137062344100
通所介護,大田区,13111,好日苑デイサービスセンター,社会福祉法人響会,社会福祉法人（社協以外）,1371100858,東京都大田区上池台５－７－１,03-3748-6135,2000-02-01,,平日・土曜日・祝日,40,http://www.hibikikai-tokyo.or.jp,35.594535500000000,139.702244899999980
通所介護,大田区,13111,高齢者在宅サービスセンターやぐち南,社会福祉法人白陽会,社会福祉法人（社協以外）,1371101336,東京都大田区矢口１－２３－１２,03-5741-3322,2000-04-01,,平日・土曜日・祝日,25,http://www.hakuyokai.org/,35.565870000000000,139.694700600000030
通所介護,大田区,13111,株式会社ケアサービス　デイサービスセンター上池台,株式会社ケアサービス,営利法人,1371101948,東京都大田区上池台３－４３－５,03-5754-5575,2001-02-01,,平日・土曜日・祝日,40,http://www.care.co.jp/,35.592724500000000,139.697276000000000
通所介護,大田区,13111,通所介護　すずなり平和島,株式会社すずなり,営利法人,1371102094,東京都大田区大森北３－１８－７ル・フラン大森１階,03-5753-2121,2001-06-01,,平日・土曜日,45,http://www.suzu-care.jp/search/tenpo_heiwazima.html,35.583148374539250,139.734566922090150
通所介護,大田区,13111,株式会社ケアサービス　デイサービスセンター七辻,株式会社ケアサービス,営利法人,1371102300,東京都大田区東六郷１－１６－２セブンクロスビル１F,03-3737-0171,2001-09-01,,平日・土曜日・祝日,,http://www.care.co.jp/,35.551952700000000,139.721245599999970
通所介護,大田区,13111,株式会社ケアサービス　デイサービスセンター西六郷,株式会社ケアサービス,営利法人,1371102854,東京都大田区西六郷１－４８－１５,03-5710-7520,2002-11-01,,平日・土曜日・祝日,,http://www.care.co.jp/,35.552130400000000,139.708791300000030
通所介護,大田区,13111,医療法人社団　涓泉会　山王リハビリステーション,医療法人社団涓泉会,医療法人,1371102987,東京都大田区山王３－４５－３山王ヒルズ１階,03-3772-5122,2003-02-01,,平日・祝日,,http://www.sanno-rc.com,35.583867700000006,139.720393699999930
通所介護,大田区,13111,デイサービスセンター　友の里下丸子,株式会社ティーシーエス,営利法人,1371103589,東京都大田区矢口１－２９－１１,03-5741-3635,2004-01-01,,平日・土曜日・祝日,,http://www.total-care-servise.co.jp/,35.564718087493524,139.690937612441990
通所介護,大田区,13111,大田翔裕園,社会福祉法人長寿村,社会福祉法人（社協以外）,1371103746,東京都大田区東六郷１－１２－１２,03-3736-1213,2004-04-01,,平日・土曜日・祝日,,http://www.chojumura.or.jp,35.553469100000000,139.720084499999980
通所介護,大田区,13111,アクセス・ケアセンター,株式会社アクセス,営利法人,1371103761,東京都大田区本羽田２－１６－２３,03-5735-5536,2004-04-01,,平日・土曜日・祝日,35,http://www.access-care.co.jp/,35.545867800000000,139.732781299999940
通所介護,大田区,13111,デイサービスセンター友の里　北糀谷,株式会社ティーシーエス,営利法人,1371104025,東京都大田区北糀谷１－８－１１,03-5735-2557,2004-07-01,,平日・土曜日・日曜日・祝日,,http://www.total-care-servise.co.jp/,35.563420800000000,139.734557900000030
通所介護,大田区,13111,デイサービスセンターいずみえん,社会福祉法人徳心会,社会福祉法人（社協以外）,1371104165,東京都大田区矢口３－１－５,03-3759-5550,2004-08-01,,平日・土曜日・祝日,30,http://www.tokushinkai.jp,35.561176300000000,139.696111699999960
通所介護,大田区,13111,デイサービス　春,有限会社藤城エンタープライズ,営利法人,1371104249,東京都大田区南雪谷一丁目１７番１１号,03-6425-3672,2004-10-01,,平日・土曜日・祝日,25,http://hp.kaipoke.biz/hc5/63416/base_0004.html,35.594643400000000,139.684191000000050
通所介護,大田区,13111,正和クラブ千束,正和ライフサービス株式会社,営利法人,1371104579,東京都大田区南千束１－７－１４,03-6425-2556,2005-04-01,,平日・土曜日・祝日,,http://seiwaclub.com/,35.604436700000000,139.695053100000000
通所介護,大田区,13111,スマイルケア,有限会社スマイルケア,営利法人,1371105220,東京都大田区久が原１－４－３　小川マンション１階,03-5747-1165,2006-07-01,,平日・土曜日・祝日,30,http://www.smile1165.jp,35.586606200000000,139.694447900000000
通所介護,大田区,13111,パナソニック　エイジフリーケアセンター蒲田・デイサービス,パナソニックエイジフリー株式会社,営利法人,1371105980,東京都大田区蒲田１－２９－５　エーワンハイム１Ｆ,03-3739-2275,2008-04-01,,平日・土曜日・日曜日・祝日,30,http://panasonic.co.jp/es/pesasv/,35.564253600000015,139.719503499999970
通所介護,大田区,13111,パナソニック　エイジフリーケアセンター千鳥・デイサービス,パナソニックエイジフリー株式会社,営利法人,1371106012,東京都大田区千鳥１－１６－２　鈴木ビル１Ｆ,03-3751-0831,2008-04-01,,平日・土曜日・祝日,,https://sumai.panasonic.jp/agefree/map/detail.php?id=4,35.572716200000000,139.693539200000030
通所介護,大田区,13111,デイサービスココファン六郷,株式会社学研ココファン,営利法人,1371106293,東京都大田区仲六郷４－１６－１２,03-5703-2163,2008-11-01,,平日・土曜日・祝日,26,http://www.cocofump.co.jp,35.542059700000000,139.708522400000000
通所介護,大田区,13111,大田区立たまがわ高齢者在宅サービスセンター,社会福祉法人池上長寿園,社会福祉法人（社協以外）,1371106491,東京都大田区下丸子４－２３－１,03-5732-1023,2009-04-01,,平日・土曜日・祝日,,http://www.ikegami.or.jp,35.571016500000000,139.679046400000060
通所介護,大田区,13111,大田区立蒲田高齢者在宅サービスセンター,社会福祉法人池上長寿園,社会福祉法人（社協以外）,1371106509,東京都大田区蒲田２－８－８,03-5710-0782,2009-04-01,,平日・土曜日・祝日,40,,35.566392000000010,139.727363000000000
通所介護,大田区,13111,羽田高齢者在宅サービスセンター,社会福祉法人池上長寿園,社会福祉法人（社協以外）,1371106525,東京都大田区本羽田３－２３－４５,03-3745-7854,2009-04-01,,平日・土曜日・祝日,,http://www.ikegami.or.jp,35.545869003218186,139.735965958962080
通所介護,大田区,13111,大田区立下丸子高齢者在宅サービスセンター,社会福祉法人池上長寿園,社会福祉法人（社協以外）,1371106541,東京都大田区下丸子４－２５－１,03-3750-8701,2009-04-01,,平日・土曜日・祝日,45,http://www.ikegami.or.jp,35.572297700000000,139.677937400000020
通所介護,大田区,13111,大田区立糀谷高齢者在宅サービスセンター,社会福祉法人池上長寿園,社会福祉法人（社協以外）,1371106558,東京都大田区西糀谷２－１２－１,03-3745-3006,2009-04-01,,平日・土曜日・祝日,,http://www.ikegami.or.jp,35.559210400000000,139.737210799999960
通所介護,大田区,13111,デイサービス　絆,株式会社リアン,営利法人,1371106913,東京都大田区西糀谷３－４０－７ラミアール西糀谷１０１,03-6423-9225,2009-11-01,,平日・土曜日・祝日,,http://www.kizunaspa.com,35.552744700000000,139.737383400000000
通所介護,大田区,13111,デイサービスすずやか久が原,医療法人社団ふよう会,医療法人,1371106996,東京都大田区久が原３－２７－１０　２階,03-6410-6970,2010-01-01,,平日・土曜日,40,http://www.suzu-care.jp,35.598228899999970,139.682868599999980
通所介護,大田区,13111,株式会社ケアサービス　デイサービスセンター東矢口,株式会社ケアサービス,営利法人,1371107366,東京都大田区東矢口３－７－３,03-3730-1801,2010-12-01,,平日・土曜日・祝日,38,http://www.care.co.jp,35.563537100000000,139.706802100000000
通所介護,大田区,13111,ツクイ大田西六郷,株式会社ツクイ,営利法人,1371107630,東京都大田区西六郷３－３１－１２,03-5744-3768,2011-05-01,,平日・土曜日・日曜日・祝日,60,http://www.tsukui.net/,35.545395300000000,139.704089299999960
通所介護,大田区,13111,ツクイ大田西糀谷,株式会社ツクイ,営利法人,1371107895,東京都大田区西糀谷４－９－１１,03-5735-2050,2011-09-01,,平日・土曜日・日曜日・祝日,60,http://www.tsukui.net,35.555952400000000,139.731214100000000
通所介護,大田区,13111,ニチイケアセンター南蒲田,株式会社ニチイ学館,営利法人,1371108836,東京都大田区南蒲田２－１６－２テクノポート大樹生命ビルＢ１階,03-5713-1148,2012-12-01,,平日・土曜日・祝日,,http://www.nichiigakkan.co.jp,35.555888200000000,139.721784200000000
通所介護,大田区,13111,レッツ倶楽部多摩川,ＱＬＣプロデュース株式会社,営利法人,1371108943,東京都大田区矢口１－２９－１３ナンバビル,03-5741-5014,2013-02-01,,平日・土曜日・祝日,20,http://www.lets-club.jp/shop/tamagawa/,35.564759100000000,139.690667800000030
通所介護,大田区,13111,寿デイサービスセンター池上,株式会社シルバーメディカルサービス,営利法人,1371108976,東京都大田区池上８－４－８池上タウンヒル１階,03-5747-3800,2013-03-01,,平日・土曜日・祝日,30,https://www.sms-kotobuki.co.jp/,35.571574700000000,139.697924899999970
通所介護,大田区,13111,デイリハ友の里,株式会社ティーシーエス,営利法人,1371110048,東京都大田区下丸子２－２９－１,03-3757-2151,2014-10-01,,平日・土曜日・祝日,,http://www.total-care-servise.co.jp/index.shtml,35.564150800000000,139.689853999999970
通所介護,大田区,13111,株式会社ケアサービス　デイサービスセンター西蒲田,株式会社ケアサービス,営利法人,1371110154,東京都大田区西蒲田６－１０－７,03-5480-5562,2014-12-01,,平日・土曜日・祝日,35,https://www.care.co.jp/office/ds_nishikamata,35.567219800000000,139.710459799999970
通所介護,大田区,13111,デイサービスすずやか六郷,医療法人社団ふよう会,医療法人,1371110469,東京都大田区仲六郷４－３３－１１シュウハイム１階,03-6424-7555,2015-04-01,,平日・土曜日,30,http://suzu-care.jp/,35.542781809961510,139.710365993254100
通所介護,大田区,13111,デイサービスセンター　サンケア上池台,株式会社早稲田エルダリーヘルス事業団,営利法人,1371110519,東京都大田区上池台５－３４－１０,03-5754-1165,2015-04-01,,平日・土曜日・祝日,55,,35.590283200000000,139.697928999999930
通所介護,大田区,13111,デイサービスセンター　サンケア鵜の木,株式会社早稲田エルダリーヘルス事業団,営利法人,1371110527,東京都大田区鵜の木１－２２－８,03-5732-1138,2015-04-01,,平日・土曜日・祝日,,http://www.waseda-e-life.co.jp/kaigo-fukushi/,35.574141765810540,139.682682067459150
通所介護,大田区,13111,デイサービスセンターなごやか田園調布,なごやかケアリンク株式会社,営利法人,1371111269,東京都大田区田園調布本町５１－３田園調布スカイライトマンション１階,03-5483-7034,2016-06-01,,平日・祝日,50,http://www.nagoyaka-link.co.jp/club/denenchofu/,35.588310899999990,139.677967200000000
通所介護,大田区,13111,デイサービスセンターなごやか大田,なごやかケアリンク株式会社,営利法人,1371111277,東京都大田区池上６－６－６,03-5747-2915,2016-06-01,,平日・土曜日・祝日,100,http://www.nagoyaka-link.co.jp/,35.571755300000000,139.704862999999930
通所介護,大田区,13111,デイサービスセンターなごやか馬込,なごやかケアリンク株式会社,営利法人,1371111285,東京都大田区南馬込３－１－２ＮＴＴ馬込ビル１階,03-5743-7678,2016-06-01,,平日・土曜日・祝日,30,http://club.nagoyaka-link.co.jp/magome/,35.588058900000014,139.718921164418000
通所介護,大田区,13111,ファミタウン洗足,合同会社ファミタウン洗足,営利法人,1371111368,東京都大田区南千束２－１７－１,03-5935-6467,2016-09-01,,平日・土曜日,25,,35.604584008981460,139.688354238623080
通所介護,大田区,13111,デイサービスひより千鳥町,株式会社トラスト・ワン,営利法人,1371111376,東京都大田区千鳥１－１５－１１　１階,03-6410-2700,2016-09-01,,平日・土曜日・日曜日・祝日,,https://www.dayservicehiyori.jp/,35.572524599999994,139.695152900000040
通所介護,大田区,13111,デイハウス鵜の木,株式会社ゼネラルサポートサービス,営利法人,1371111475,東京都大田区鵜の木３－２３－３リバーフロントⅡ多摩川１Ｆ,03-6715-2742,2016-12-01,,平日・土曜日・日曜日・祝日,19,,35.576982200000000,139.677365399999980
通所介護,大田区,13111,ツクイ大田中馬込,株式会社ツクイ,営利法人,1371111582,東京都大田区中馬込３－１７－１９,03-6429-2630,2017-03-01,,平日・土曜日・日曜日・祝日,,https://www.tsukui.net/home-care/2658/,35.592635300000030,139.704861199999980
通所介護,大田区,13111,ベストリハ山王,ベストリハ株式会社,営利法人,1371111707,東京都大田区山王４－１１－７シャトレ山王１階,03-3776-6830,2017-09-01,,平日・土曜日・祝日,,http://bestreha.com,35.590241900000000,139.719199000000000
通所介護,大田区,13111,デイホームゆりの木大田,株式会社日本エルダリーケアサービス,営利法人,1371112416,東京都大田区南六郷２－１７－１１泉マンション１Ｆ,03-5714-2331,2019-04-01,,平日・土曜日・祝日,25,http://www.elderly.jp/,35.546633300000000,139.721297199999980
通所介護,大田区,13111,ベストリハ南蒲田,ベストリハ株式会社,営利法人,1371112424,東京都大田区南蒲田１－２２－９リバティハイツ１０１,03-6424-9881,2019-05-01,,平日・土曜日・祝日,28,https://bestreha.com/,35.557757400000000,139.724692499999950
通所介護,大田区,13111,リハビリデイサービスｎａｇｏｍｉプラス洗足池店,株式会社ｎＣＳ,営利法人,1371112655,東京都大田区上池台２－１４－７,03-6425-7503,2020-02-01,,平日・土曜日・祝日,216,https://ncs.my-nagomi.com,35.600832100000000,139.693648700000000
通所介護,大田区,13111,リハデイ南六郷,合同会社ＧＯＡＳ,営利法人,1371112812,東京都大田区南六郷２－２４－１７,03-6715-7271,2020-10-01,,平日・土曜日・祝日,,,35.547711999999980,139.719358400000000
通所介護,大田区,13111,リハデイ山王,合同会社ＧＯＡＳ,営利法人,1371112820,東京都大田区山王４－１９－６,03-6451-8090,2020-10-01,,平日・土曜日・祝日,,,35.584735600000010,139.720230500000000
通所介護,大田区,13111,ベストリハ蒲田,ベストリハ株式会社,営利法人,1371112861,東京都大田区蒲田２－２－１３ヴィラはなぞの１階,03-6424-8257,2020-11-01,,平日・土曜日・祝日,,https://bestreha.com/,35.567065100000000,139.724144900000000
通所介護,大田区,13111,デイサービス夢楽羽田,株式会社我喜大笑,営利法人,1371112937,東京都大田区本羽田３－３－１２,03-6423-7960,2021-01-01,,平日・土曜日・祝日,,https://yumeraku.net/haneda/,35.548527600000000,139.736362600000000
通所介護,大田区,13111,レベルアップケア,ＳＰヘルスケア株式会社,営利法人,1371113067,東京都大田区中央３－８－１４,03-3773-3211,2021-04-01,,平日・土曜日・祝日,10,https://levelup-care.co.jp/,35.576635299999990,139.718252800000000
通所介護,大田区,13111,ベストリハ羽田,ベストリハ株式会社,営利法人,1371113208,東京都大田区羽田３－６－１シャンハイツ松輝　１階,03-6423-8310,2021-11-01,,平日・土曜日・祝日,30,https://bestreha.com,35.547366200000040,139.743941200000000
通所介護,大田区,13111,ブリッジライフ大森西,株式会社メディカルケアワークス,営利法人,1371113224,東京都大田区大森西７－５－１５英行ビル１階,03-6869-9019,2022-03-01,,平日・土曜日・祝日,,https://www.bridge-life.jp/shop/omorinishi/,35.570024000000000,139.723392200000000
通所介護,大田区,13111,ポラリスデイサービスセンター羽田萩中,株式会社ポラリス,営利法人,1371113562,東京都大田区萩中３－１４－２０,03-6423-7168,2023-12-01,,平日・土曜日・祝日,40,https://www.polaris.care/office/,35.551400800000000,139.733733700000000
通所介護,大田区,13111,大森スポーツリハデイサービスセンター,ファーマライズ株式会社,営利法人,1371113612,東京都大田区大森北１－３１－２柏屋ビル３階,03-5767-8403,2024-04-01,,平日・土曜日・祝日,,,35.585662700000010,139.727386799999980
通所介護,大田区,13111,ウェルビスタ　ケアスタジオ　大森,株式会社ＳＯＹＯＫＡＺＥ,営利法人,1371113810,東京都大田区大森中２－２－５,03-3765-7650,2025-06-01,,平日・祝日,,https://wellbista-cs.com/,35.567222400000000,139.730016900000000
通所介護,大田区,13111,ブリッジライフ馬込,株式会社シープラス,営利法人,1371114008,東京都大田区南馬込１－６－７メゾン南松原　１階,03-6451-8261,2026-05-01,,,,,,
通所介護,大田区,13111,レッツ倶楽部石川台,ＱＬＣプロデュース株式会社,営利法人,1371114040,東京都大田区石川町２－３－１６　２階２Ｄ,03-6421-9030,2026-07-01,,,,,,
通所介護,世田谷区,13112,フレンズケアセンター,社会福祉法人日本フレンズ奉仕団,社会福祉法人（社協以外）,1371201169,東京都世田谷区下馬２－２１－１１,03-3422-7494,2000-02-01,,平日・土曜日・祝日,,http://www.n-friends.or.jp,35.640176300000000,139.675889900000010
通所介護,世田谷区,13112,デイ・ホーム上馬,社会福祉法人日本フレンズ奉仕団,社会福祉法人（社協以外）,1371201185,東京都世田谷区上馬４－３６－９,03-5430-8050,2000-02-01,,平日・土曜日・祝日,,http://www.n-friends.or.jp,35.638481600000000,139.659935799999970
通所介護,世田谷区,13112,デイホーム赤堤,社会福祉法人ふきのとうの会,社会福祉法人（社協以外）,1371201342,東京都世田谷区赤堤１－３７－１１,03-3325-1850,2000-03-01,,平日・土曜日・祝日,,http://fukinotoh.mow.jp/,35.655331900000000,139.638264800000000
通所介護,世田谷区,13112,ゆめふる代沢店,株式会社やさしい手,営利法人,1371201383,東京都世田谷区代沢４－４４－１２Ｔｈｅ　ｇｌｏｂｅ　下北沢,05017538187,2000-03-01,,平日・土曜日・祝日,21,http://www.yasashiite.com,35.654216000000000,139.666987500000000
通所介護,世田谷区,13112,高齢者在宅サービスセンター　デイ・ホーム中町,社会福祉法人老後を幸せにする会,社会福祉法人（社協以外）,1371201425,東京都世田谷区中町４－１５－２１,03-5758-3611,2000-03-01,,平日・土曜日・祝日,,http://rougo-happy.or.jp/,35.618114600000010,139.644765700000000
通所介護,世田谷区,13112,高齢者在宅サービスセンター　デイ・ホーム深沢,社会福祉法人老後を幸せにする会,社会福祉法人（社協以外）,1371201441,東京都世田谷区深沢４－１７－１,03-3703-1201,2000-03-01,,平日・土曜日・祝日,35,http://rougo-happy.or.jp/,35.618483800000000,139.653414800000060
通所介護,世田谷区,13112,高齢者在宅サービスセンターデイ・ホーム弦巻,社会福祉法人世田谷区社会福祉事業団,社会福祉法人（社協以外）,1371201490,東京都世田谷区弦巻５－１３－１９,03-5450-2003,2000-03-01,,平日・土曜日・祝日,34,http://www.setagayaj.or.jp,35.638362000000000,139.641195800000000
通所介護,世田谷区,13112,デイ・ホーム千歳,社会福祉法人敬心福祉会,社会福祉法人（社協以外）,1371201581,東京都世田谷区給田五丁目９番５号,03-3307-2282,2000-04-01,,平日・土曜日・祝日,42,http://www5.ocn.ne.jp/~keisinen,35.672106000000000,139.585834900000000
通所介護,世田谷区,13112,高齢者在宅サービスセンター　デイ・ホーム芦花,社会福祉法人世田谷区社会福祉事業団,社会福祉法人（社協以外）,1371201607,東京都世田谷区粕谷２－２３－１,03-5317-1091,2000-04-01,,平日・土曜日・祝日,35,http://www.setagayaj.or.jp/,35.666180093613530,139.609769213024400
通所介護,世田谷区,13112,有隣ケアセンター,社会福祉法人東京有隣会,社会福祉法人（社協以外）,1371201672,東京都世田谷区船橋２－１５－３８,03-3482-3911,2000-04-01,,平日・土曜日・祝日,40,http://www.yu-rin.jp/,35.651023900000000,139.619191499999940
通所介護,世田谷区,13112,デイ・ホーム池尻,社会福祉法人こうれいきょう,社会福祉法人（社協以外）,1371202183,東京都世田谷区池尻２－４－２６,03-5433-2511,2001-03-01,,平日・土曜日・祝日,,http://koureikyou.jp,35.646222900000000,139.679503299999960
通所介護,世田谷区,13112,デイホーム桜丘,社会福祉法人ふきのとうの会,社会福祉法人（社協以外）,1371202258,東京都世田谷区桜丘一丁目１９番２２号,03-5451-5500,2001-04-01,,平日・土曜日・祝日,,http://fukinotoh.mow.jp/,35.645208200000000,139.630168700000000
通所介護,世田谷区,13112,等々力の家デイホーム,社会福祉法人奉優会,社会福祉法人（社協以外）,1371202274,東京都世田谷区等々力８－２６－１６,03-5752-0037,2001-04-01,,平日・土曜日・祝日,43,http://todoroki.foryou.or.jp/work.php?id=w003,35.617334000000010,139.652031699999950
通所介護,世田谷区,13112,株式会社ケアサービス　デイサービスセンター東玉川,株式会社ケアサービス,営利法人,1371202563,東京都世田谷区東玉川１－２７－１４,03-5754-3860,2001-10-01,,平日・土曜日・祝日,5,http://www.care.co.jp,35.598467700000000,139.678821699999960
通所介護,世田谷区,13112,老人デイサービスセンター喜多見ホーム,社会福祉法人南山会,社会福祉法人（社協以外）,1371202928,東京都世田谷区喜多見七丁目２０番２６号,03-5727-1161,2002-05-01,,平日・土曜日,,https://nanzankai.tokyo/,35.632384400000000,139.595972500000020
通所介護,世田谷区,13112,デイサービス　博水の郷,社会福祉法人大三島育徳会,社会福祉法人（社協以外）,1371203157,東京都世田谷区鎌田３－１６－６,03-5491-0340,2002-09-01,,平日・土曜日,25,http://www.oomishima.jp/,35.619720200000000,139.615935400000000
通所介護,世田谷区,13112,東京敬寿園,社会福祉法人敬寿会,社会福祉法人（社協以外）,1371203587,東京都世田谷区上祖師谷７－１－１,03-5313-0008,2003-08-01,,平日・土曜日・祝日,29,http://www.keijuen.or.jp/tokyo/index.html,35.658163700000000,139.594779300000030
通所介護,世田谷区,13112,株式会社ケアサービス　デイサービスセンター弦巻,株式会社ケアサービス,営利法人,1371204718,東京都世田谷区弦巻１－４７－１２,03-6413-7500,2004-09-01,,平日・土曜日・祝日,4,http://www.care.co.jp/,35.639790663408526,139.646601400325040
通所介護,世田谷区,13112,医療法人社団　英寿会　ケア悠友の家,医療法人社団英寿会,医療法人,1371204932,東京都世田谷区弦巻二丁目３９番７号,03-5451-3100,2004-11-01,,平日・土曜日,43,http://www.yuyu-home.jp,35.634043359329176,139.649588249073760
通所介護,世田谷区,13112,デイホーム奥沢,社会福祉法人奉優会,社会福祉法人（社協以外）,1371205517,東京都世田谷区奥沢２－２３－１,03-5726-3011,2005-08-01,,平日・土曜日・祝日,39,http://www.foryou.or.jp/facilities/sasahata.html,35.605683300000000,139.677490800000000
通所介護,世田谷区,13112,デイサービスセンターさくら草,社会福祉法人すこやか福祉会,社会福祉法人（社協以外）,1371205764,東京都世田谷区桜丘４－７－１７,03-5477-2189,2005-10-01,,平日・土曜日・祝日,,https://tokyo-sakurafukushikai.com/index.html,35.641342100000000,139.623780500000070
通所介護,世田谷区,13112,パナソニック　エイジフリーケアセンター用賀・デイサービス,パナソニックエイジフリー株式会社,営利法人,1371207315,東京都世田谷区用賀２－３１－７　イイダアネックスⅠ－１０１,03-5797-5484,2008-04-01,,平日・土曜日・祝日,156,http://panasonic.biz/healthcare/elderlycare/,35.624713799999990,139.635391400000000
通所介護,世田谷区,13112,デイサービスセンター　ひばり三軒茶屋,株式会社ひばりケア,営利法人,1371207802,東京都世田谷区三軒茶屋２－２９－７,03-5779-7895,2009-02-01,,平日・土曜日・祝日,30,http://hibari-care.jp/,35.641028600000000,139.663754800000000
通所介護,世田谷区,13112,株式会社ケアサービス　デイサービスセンター東北沢,株式会社ケアサービス,営利法人,1371208024,東京都世田谷区北沢４－１－１２　ドッグウッドヒルズ１Ｆ,03-5452-3040,2009-07-01,,平日・土曜日・祝日,25,http://www.care.co.jp/,35.667331299999994,139.672864300000010
通所介護,世田谷区,13112,ニチイケアセンター用賀,株式会社ニチイ学館,営利法人,1371208164,東京都世田谷区用賀３－９－１２,03-5491-5170,2009-10-01,,平日・土曜日・祝日,32,http://www.nichiigakkan.co.jp/,35.630093600000000,139.638249200000020
通所介護,世田谷区,13112,エンジョイ音楽デイサービスセンターひばり馬事公苑,株式会社ひばりケア,営利法人,1371208321,東京都世田谷区桜３－１５－３ドミール馬事公苑１Ｆ,03-6413-9877,2010-03-01,,平日・土曜日・祝日,,http://hibari-care.jp/,35.639609000000000,139.635815699999970
通所介護,世田谷区,13112,デイサービス成城パティオ,株式会社メディカル・クーラ,営利法人,1371208438,東京都世田谷区成城２－４０－５－３０１・３０２・４０１,03-6805-8300,2010-04-01,,平日・土曜日・祝日,30,http://medicalcura.com,35.639733300000000,139.598513400000000
通所介護,世田谷区,13112,奉優デイサービス池尻,社会福祉法人奉優会,社会福祉法人（社協以外）,1371209899,東京都世田谷区池尻２－３－４５,03-5779-9131,2011-10-01,,平日・土曜日・祝日,30,http://ikejiri.foryou.or.jp/work.php?id=w047,35.647175700000000,139.684052800000020
通所介護,世田谷区,13112,ベストケア・デイサービスセンター桜新町,ベストケア株式会社,営利法人,1371210103,東京都世田谷区弦巻４－２１－２２パラッツォ１階,03-5426-3821,2012-02-01,,平日・土曜日・祝日,,http://www.best-care.jp,35.635370699999996,139.653586499999960
通所介護,世田谷区,13112,ツクイ世田谷宇奈根,株式会社ツクイ,営利法人,1371210798,東京都世田谷区宇奈根２－１１－１１,03-5727-0901,2012-11-01,,平日・土曜日・日曜日・祝日,60,http://www.tsukui.net/search/detail.php?officeid=573,35.621278100000000,139.603475500000060
通所介護,世田谷区,13112,デイ・ホーム　モア　世田谷瀬田,株式会社ｍｏｒｅ,営利法人,1371210871,東京都世田谷区瀬田２－５－８－１０２,03-6411-7474,2012-12-01,,平日・土曜日・日曜日・祝日,,http://www.more-g.co.jp/,35.616692800000000,139.633603099999960
通所介護,世田谷区,13112,ジョイリハ用賀,株式会社ヤマウチ,営利法人,1371210921,東京都世田谷区用賀３－３－５,03-6431-0933,2013-01-01,,平日・土曜日・祝日,30,http://www.joyreha.co.jp/,35.631899000000000,139.637974200000030
通所介護,世田谷区,13112,デイホーム　リハビリくらぶ,合資会社よしぽん,営利法人,1371211317,東京都世田谷区南烏山６－２９－１０ハイム安田１階,03-3305-2690,2013-06-01,,平日・祝日,30,https://yosiponn-rehabili.jbplt.jp,35.670225283346475,139.599021045369000
通所介護,世田谷区,13112,レッツ倶楽部自由が丘,ＱＬＣプロデュース株式会社,営利法人,1371211499,東京都世田谷区奥沢３－３７－７,03-5754-5780,2013-08-01,,平日・土曜日・祝日,28,http://www.lets-club.jp/,35.603252900000000,139.674610600000050
通所介護,世田谷区,13112,デイサービスセンターひばり豪徳寺,株式会社ひばりケア,営利法人,1371212364,東京都世田谷区豪徳寺１－３５－１,03-5799-6112,2014-07-01,,平日・土曜日・祝日,,http://hibari-care.jp/index.html,35.655979200000000,139.649358399999980
通所介護,世田谷区,13112,ツクイ世田谷上祖師谷,株式会社ツクイ,営利法人,1371212844,東京都世田谷区上祖師谷１－３７－１,03-5314-3375,2015-04-01,,平日・土曜日・日曜日・祝日,60,http://www.tsukui.net/search/2598/detail.html,35.666737600000005,139.599056199999950
通所介護,世田谷区,13112,通所介護　ビバ・フローラ南館,ルパックス透光株式会社,営利法人,1371213503,東京都世田谷区世田谷１－３６－１２,03-3706-7039,2016-04-01,,平日・土曜日・祝日,,https://www.lpax.co.jp/,35.640397800000000,139.648317300000030
通所介護,世田谷区,13112,デイサービスセンターなごやか世田谷,なごやかケアリンク株式会社,営利法人,1371213602,東京都世田谷区世田谷２－２９－９,03-5451-3937,2016-06-01,,平日・土曜日・祝日,100,http://www.nagoyaka-link.co.jp/,35.642678100000000,139.640601200000000
通所介護,世田谷区,13112,デイサービスセンターなごやか用賀,なごやかケアリンク株式会社,営利法人,1371213610,東京都世田谷区中町５－２５－４サンフル用賀１階,03-5758-6896,2016-06-01,,平日・土曜日・祝日,26,,35.620933700000010,139.640929899999950
通所介護,世田谷区,13112,デイサービスセンター　いろどり,合同会社四岐彩,営利法人,1371213636,東京都世田谷区上馬１－１４－１０,03-6453-2691,2016-07-01,,平日・土曜日・祝日,25,http://www.shikisai-llc.co.jp,35.637987400000000,139.667810100000000
通所介護,世田谷区,13112,ニチイケアセンター豪徳寺,株式会社ニチイ学館,営利法人,1371213818,東京都世田谷区宮坂２－２７－２６,03-5450-7150,2016-09-01,,平日・土曜日・祝日,,http://www.nichiigakkan.co.jp,35.653285100000000,139.645736500000000
通所介護,世田谷区,13112,ニチイケアセンター祖師谷,株式会社ニチイ学館,営利法人,1371213859,東京都世田谷区祖師谷１－２－１５,03-5429-7250,2016-09-01,,平日・土曜日・祝日,,http://www.nichiiweb.jp,35.643913600000000,139.611998099999940
通所介護,世田谷区,13112,ＪＡ東京中央リハビリデイサービス　リハプライド烏山,株式会社ＪＡ東京中央セレモニーセンター,営利法人,1371214246,東京都世田谷区北烏山３－５－５,03-5315-7552,2017-03-01,,平日・祝日,,http://www.rehapride.co.jp/jakarasuyama/,35.672539699999994,139.600678000000020
通所介護,世田谷区,13112,オハナ明大前,東急ウェルネス株式会社,営利法人,1371214386,東京都世田谷区松原１－５２－２フォレスト杉山１Ｆ,03-6304-3812,2017-05-01,,平日・土曜日・祝日,,http://www.tokyu-ohana.jp,35.670063700000000,139.654051999999980
通所介護,世田谷区,13112,リハビリテーション　ＡＹＵＭＵ　経堂店,株式会社ＡＹＵＭＵ,営利法人,1371214584,東京都世田谷区経堂４－５－４第２昭伸ハイツ１階,03-6413-9820,2017-08-01,,平日・祝日,19,http://www.ayumu-gi.com/,35.646325799999980,139.626461500000000
通所介護,世田谷区,13112,ＮＡＮＡＩＲＯ　ＣＯＯＫＩＮＧ　ＳＴＵＤＩＯ　三軒茶屋,株式会社ＳＯＹＯＫＡＺＥ,営利法人,1371215193,東京都世田谷区太子堂３－３８－１５,03-5779-3920,2018-07-01,,平日・祝日,40,https://www.sykz.co.jp/shisetsu-zaitaku/139551,35.652035800000000,139.671370499999970
通所介護,世田谷区,13112,デイサービスひより奥沢,株式会社トラスト・ワン,営利法人,1371215367,東京都世田谷区東玉川１－４０－９,03-6421-8930,2018-11-01,,平日・土曜日・日曜日・祝日,,https://www.dayservicehiyori.jp/,35.599039700000000,139.674680399999940
通所介護,世田谷区,13112,グリーンデイ上町,介護ジャパン株式会社,営利法人,1371215474,東京都世田谷区世田谷１－２８－１５ベルフラット１階,03-6432-6256,2019-04-01,,平日・土曜日・祝日,,https://kaigojapan.co.jp/,35.641651100000000,139.646709300000000
通所介護,世田谷区,13112,デイ・プラス　モア　世田谷千歳船橋,株式会社ｍｏｒｅ,営利法人,1371216175,東京都世田谷区経堂４－１８－１,03-6413-7174,2020-12-01,,平日・土曜日・祝日,,https://more-g.co.jp/service/dp-chitosefunabashi/,35.647906700000000,139.624698400000000
通所介護,世田谷区,13112,グリーンデイ池ノ上,介護ジャパン株式会社,営利法人,1371216381,東京都世田谷区北沢１－３２－２２サンワード北沢１階,03-5761-6366,2021-08-01,,平日・土曜日・祝日,,https://kaigojapan.co.jp/,35.661391299999990,139.673187700000030
通所介護,世田谷区,13112,デイサービスセンター悠ゆう,株式会社タンドル,営利法人,1371216464,東京都世田谷区南烏山４－２８－１３,03-5315-8220,2021-10-01,,平日・祝日,,http://www.tandoru.com,35.672379100000000,139.601700700000000
通所介護,世田谷区,13112,リハビリデイサービスnagomiプラス用賀店,株式会社ｎＣＳ,営利法人,1371216555,東京都世田谷区用賀３－４－６,03-6432-7676,2022-01-01,,平日・土曜日・祝日,180,http://www.my-nagomi.com,35.631721200000000,139.637817000000000
通所介護,世田谷区,13112,ウェルビスタ　ケアスタジオ　成城,株式会社ＳＯＹＯＫＡＺＥ,営利法人,1371216647,東京都世田谷区成城６－１５－１４緑蔭館１０１,03-5429-5316,2022-05-01,,平日・祝日,,https://wellbista-cs.com/,35.641770600000000,139.598058000000000
通所介護,世田谷区,13112,高齢者在宅サービスセンター　デイ・ホーム世田谷,社会福祉法人世田谷区社会福祉事業団,社会福祉法人（社協以外）,1371217173,東京都世田谷区世田谷４－１５－３,03-3439-3358,2024-04-01,,平日・土曜日・祝日,,http://www.setagayaj.or.jp,35.644427200000000,139.650908400000000
通所介護,世田谷区,13112,ＳＰＲＯＵＴデイサービスポラリス大吉庵,株式会社ポラリス,営利法人,1371217280,東京都世田谷区若林３－２１－３,03-6453-2280,2024-07-01,,平日・土曜日・祝日,,https://www.polaris.care/lp/,35.644204900000010,139.656355700000000
通所介護,世田谷区,13112,正和クラブ三軒茶屋,正和ライフサービス株式会社,営利法人,1371217330,東京都世田谷区野沢１－３５－８,03-5787-8446,2024-08-01,,平日・土曜日・祝日,,https://seiwaclub.com/,35.638711100000000,139.672468400000000
通所介護,世田谷区,13112,ウェルビスタ　ケアスタジオ　桜新町,株式会社ＳＯＹＯＫＡＺＥ,営利法人,1371217397,東京都世田谷区桜新町２－２２－１０ＦＯＲＥＳＴ　ＲＩＢＩＣ　１階,03-5420-5070,2024-09-01,,平日・祝日,,https://corp.sykz.co.jp/,35.632989100000000,139.639261500000000
通所介護,世田谷区,13112,ソルシアス上用賀,株式会社クラーチ,営利法人,1371217629,東京都世田谷区上用賀３－９－９,03-5799-6021,2025-04-01,,平日・祝日,,http://www.kuraci.co.jp/,35.631952879860080,139.630489355819700
通所介護,世田谷区,13112,レコードブックユアテラス,株式会社レコードブック,営利法人,1371217637,東京都世田谷区玉川３－３９－９　１階１号室,03-6805-7968,2025-04-01,,平日,,https://www.recordbook.jp/,35.617515999999970,139.620917700000000
通所介護,世田谷区,13112,デイ・リンク　モア　世田谷経堂,株式会社ｍｏｒｅ,営利法人,1371217991,東京都世田谷区赤堤３－３４－２２ウエスト経堂ハイマンション１１２号,03-6379-2646,2026-05-01,,,,,,
通所介護,渋谷区,13113,渋谷区あやめの苑・代々木,渋谷区,地方公共団体（市町村）,1371300235,東京都渋谷区代々木３－３５－１,03-3372-1103,2000-03-01,,平日・土曜日・祝日,,https://shibuyaswc.jp,35.682560600000000,139.693128700000000
通所介護,渋谷区,13113,つるとかめ,社会福祉法人中都,社会福祉法人（社協以外）,1371300243,東京都渋谷区笹塚２－３１－８,03-3376-1341,2000-04-01,,平日・土曜日・祝日,,http://www.nakato.or.jp,35.674468999999990,139.663781500000030
通所介護,渋谷区,13113,パール鉢山,社会福祉法人パール,社会福祉法人（社協以外）,1371300342,東京都渋谷区鉢山町３－２７,03-5458-4813,2000-01-04,,平日・土曜日・祝日,,http://www.shibuya-pearl.or.Jp,35.652794900000000,139.698751300000030
通所介護,渋谷区,13113,渋谷区ひがし健康プラザ高齢者在宅サービスセンター,社会福祉法人奉優会,社会福祉法人（社協以外）,1371301852,東京都渋谷区東３－１４－１３,03-5466-2681,2007-04-01,,平日・土曜日・祝日,30,http://higashi.foryou.or.jp/work.php?wid=w014,35.650845500000000,139.709758700000070
通所介護,渋谷区,13113,渋谷区ケアステーション笹幡高齢者在宅サービスセンター,社会福祉法人奉優会,社会福祉法人（社協以外）,1371301894,東京都渋谷区幡ケ谷２－２１－９,03-5308-4332,2007-04-01,,平日・土曜日・祝日,40,http://www.foryou.or.jp/facilities/sasahata.html,35.676446800000000,139.672497300000030
通所介護,渋谷区,13113,日本赤十字社　総合福祉センター　特別養護老人ホーム　レクロス広尾　通所介護事業,日本赤十字社,その他法人,1371302645,東京都渋谷区広尾４－１－２３,03-6861-4801,2012-04-01,,平日・祝日,,https://hiroo.jrc.or.jp/,35.654550837977660,139.718940860049430
通所介護,渋谷区,13113,渋谷区総合ケアコミュニティ・せせらぎ高齢者在宅サービスセンター,社会福祉法人奉優会,社会福祉法人（社協以外）,1371302728,東京都渋谷区西原１－４０－１０,03-5790-0883,2012-04-01,,平日・土曜日・日曜日・祝日,,http://www.foryou.or.jp/,35.675308400000000,139.681896599999960
通所介護,渋谷区,13113,杜の風・上原　デイサービスセンター正吉苑,社会福祉法人正吉福祉会,社会福祉法人（社協以外）,1371302850,東京都渋谷区上原２－２－１７,03-6407-4233,2013-04-01,,平日・土曜日・祝日,,http://shoukichi.org,35.667819856911755,139.684090423278800
通所介護,渋谷区,13113,デイサービスセンターなごやか代官山,なごやかケアリンク株式会社,営利法人,1371303346,東京都渋谷区猿楽町７－１ＫＤＸ代官山レジデンス１Ｆ,03-5784-6651,2016-06-01,,平日・土曜日・祝日,40,http://www.nagoyaka-link.co.jp/club/daikanyama/,35.648553799999990,139.700881799999930
通所介護,渋谷区,13113,デイサービスセンターなごやか幡ヶ谷,なごやかケアリンク株式会社,営利法人,1371303379,東京都渋谷区幡ケ谷１－２３－１７　プライムガーデン１階,03-5738-4653,2016-06-01,,平日・土曜日・祝日,25,http://www.nagoyaka-link.co.jp/club/hatagaya/,35.674438800000000,139.674013999999940
通所介護,渋谷区,13113,デイサービスセンターなごやか参宮橋,なごやかケアリンク株式会社,営利法人,1371303387,東京都渋谷区代々木５－４２－１０藤和参宮橋コープⅡ１Ｆ,03-5452-3375,2016-06-01,,平日・土曜日・祝日,35,http://club.nagoyaka-link.co.jp/sangubashi/,35.675033000000000,139.691251000000020
通所介護,渋谷区,13113,グッドタイムクラブ・恵比寿,株式会社ＪＡＰＡＮライフデザイン,営利法人,1371303718,東京都渋谷区恵比寿南３－１１－２５,03-3792-1451,2020-04-01,,平日・土曜日・祝日,,http://www.japan-lifedesign.com/ebisu/,35.644721446097460,139.706885714255950
通所介護,渋谷区,13113,ツクイ渋谷桜丘,株式会社ツクイ,営利法人,1371303726,東京都渋谷区桜丘町１１－８,03-5784-2091,2020-06-01,,平日・土曜日・祝日,,https://www.tsukui.net/home-care/2748/,35.654423300000000,139.701747299999960
通所介護,渋谷区,13113,渋谷区かんなみの杜・渋谷高齢者在宅サービスセンター,社会福祉法人エンゼル福祉会,社会福祉法人（社協以外）,1371303809,東京都渋谷区神南１－８－６,03-5784-3871,2021-05-01,,平日・土曜日・日曜日・祝日,,http://www.enzerufukushikai.or.jp/facility/shibuya/,35.664177000000000,139.700963100000000
通所介護,渋谷区,13113,渋谷区つばめの里・本町東高齢者在宅サービスセンター,社会福祉法人奉優会,社会福祉法人（社協以外）,1371303973,東京都渋谷区本町３－４６－１,03-6383-3856,2023-04-01,,平日・土曜日・祝日,2,https://www.foryou.or.jp/,35.687439000000000,139.681996700000000
通所介護,中野区,13114,ＦＲＥＳＨ　ＷＡＬＫ,株式会社ドラマティック,営利法人,1370405175,東京都中野区南台３－６－１７クリスタルコート６Ｆ,03-6304-2768,2013-08-01,,平日・土曜日・日曜日・祝日,,http://fresh-walk.com,35.685993887666780,139.668167087873340
通所介護,中野区,13114,中野区かみさぎ高齢者在宅サービスセンター,社会福祉法人武蔵野療園,社会福祉法人（社協以外）,1371400514,東京都中野区上鷺宮３丁目１７番４号,03-3926-8447,2001-04-01,,平日・土曜日・祝日,,http://care-net.biz/13/kamisagi/,35.735195100000000,139.631395600000020
通所介護,中野区,13114,弥生ホーム,社会福祉法人ケアネット,社会福祉法人（社協以外）,1371401058,東京都中野区弥生町２－４２－２,03-5342-0820,2001-03-01,,平日・土曜日・祝日,,http://www.yayoi-home.com,35.691950500000000,139.672455000000000
通所介護,中野区,13114,ニチイケアセンター中野,株式会社ニチイ学館,営利法人,1371401173,東京都中野区上高田２－４６－６,03-5318-1801,2001-10-01,,平日・土曜日・祝日,,http://www.nichiigakkan.co.jp,35.712268643735670,139.669145636805300
通所介護,中野区,13114,アスケア　デイサービスセンター野方,株式会社ＡＳＣａｒｅ,営利法人,1371401371,東京都中野区野方６－５３－８,05033177073,2003-01-01,,平日・土曜日・祝日,31,https://www.asahi-sun-clean.co.jp/,35.723657800000000,139.649380400000040
通所介護,中野区,13114,デイサービスセンター　しらさぎホーム,社会福祉法人中野区福祉サービス事業団,社会福祉法人（社協以外）,1371401538,東京都中野区白鷺２－５１－５,03-3336-6568,2003-04-01,,平日・土曜日・祝日,,https://www.nakano-fj.jp/,35.720019000000000,139.631982099999960
通所介護,中野区,13114,弥生高齢者在宅サービスセンター,社会福祉法人奉優会,社会福祉法人（社協以外）,1371401587,東京都中野区弥生町３－３３－８,03-3370-9841,2003-04-01,,平日・土曜日・祝日,46,https://www.foryou.or.jp/facility/yayoi/w015/,35.688849400000020,139.674340800000000
通所介護,中野区,13114,ＮＰＯデイサービスセンター中野の郷ぷりむら,特定非営利活動法人モンドラゴン中野の郷,非営利法人（NPO）,1371402312,東京都中野区南台３－６－１７クリスタルコート８８,03-5342-5108,2005-06-01,,平日・土曜日・祝日,24,http://www.nakanonosato.jp/,35.685776100000000,139.668286099999930
通所介護,中野区,13114,老人デイサービスセンターふじみ苑,社会福祉法人ケアネット,社会福祉法人（社協以外）,1371402551,東京都中野区弥生町５－２－１９,03-3382-0566,2006-04-01,,平日・土曜日・祝日,24,https://care-net.biz/13/carenet/,35.686978800000000,139.668219400000000
通所介護,中野区,13114,デイサービスセンター　江古田の森,社会福祉法人南東北福祉事業団,社会福祉法人（社協以外）,1371402858,東京都中野区江古田３－１４－１９,03-5318-3711,2007-04-01,,平日・土曜日・祝日,45,http://www.kaigo-egota.com/,35.729588000000010,139.665365000000060
通所介護,中野区,13114,ヒューマンライフケア薬師の湯,ヒューマンライフケア株式会社,営利法人,1371403443,東京都中野区松が丘１－３３－１５アリススポーツビル１階,03-5913-1071,2010-07-01,,平日・土曜日・祝日,30,https://kaigo.human-lifecare.jp/facilities/ds008_Yakushi/summary.html,35.721161200000000,139.672556399999960
通所介護,中野区,13114,デイサービスセンター　ひばり福寿苑,株式会社ひばりケア,営利法人,1371403583,東京都中野区本町５－４７－１０,03-6382-6717,2011-01-01,,平日・土曜日・祝日,,http://hibari-care.jp/,35.693576328838780,139.667560025270060
通所介護,中野区,13114,グリーンデイ中野鷺宮,介護ジャパン株式会社,営利法人,1371404011,東京都中野区鷺宮６－２８－２３,03-5848-8906,2012-05-01,,平日・土曜日・祝日,30,https://kaigojapan.co.jp/,35.726726599999985,139.628099800000000
通所介護,中野区,13114,デイサービスセンター　ゆずりは,社会福祉法人南東北福祉事業団,社会福祉法人（社協以外）,1371404391,東京都中野区江原町２－８－２,03-5906-5321,2013-08-01,,平日・土曜日・祝日,35,,35.729382500000010,139.669150800000000
通所介護,中野区,13114,ゆめふる白鷺店,株式会社やさしい手,営利法人,1371404979,東京都中野区白鷺２－６－２４,050-1753-8195,2015-04-01,,平日・土曜日・祝日,,https://search.yasashiite.com/detail/tsusyokaigo_shirasagi/,35.717533200000000,139.635479100000000
通所介護,中野区,13114,東中野ケアーズ,株式会社ケアギバー・ジャパン,営利法人,1371405448,東京都中野区東中野２－２８－１４メディカルコートⅡ　１階,03-5937-3277,2016-12-01,,平日・土曜日・日曜日・祝日,20,http://caregiver.co.jp/facility/higashinakano_village.php,35.705874100000010,139.681159400000070
通所介護,中野区,13114,いろはデイサービス,株式会社ふじ,営利法人,1371405612,東京都中野区中央３－１５－４,03-3371-5377,2018-05-01,,平日・土曜日・祝日,1,,35.701639528586900,139.673957012233700
通所介護,中野区,13114,グリーンデイ東中野,介護ジャパン株式会社,営利法人,1371405752,東京都中野区東中野４－２７－３９グレースハイツ１Ｆ,03-5332-3230,2018-12-01,,平日・土曜日・祝日,8,https://kaigojapan.co.jp/,35.710246924271225,139.688509556448740
通所介護,中野区,13114,ウェルビスタ　ケアスタジオ　中野新橋,株式会社ＳＯＹＯＫＡＺＥ,営利法人,1371405828,東京都中野区弥生町２－１４－１４アジュールテラス中野新橋１階,03-5304-5121,2019-06-01,,平日,,https://wellbista-cs.com/,35.691561700000000,139.675767400000040
通所介護,中野区,13114,ベストリハ中野若宮,ベストリハ株式会社,営利法人,1371406040,東京都中野区若宮３－６－９丸正都立家政ビル１階,03-5327-8610,2020-09-01,,平日・土曜日・祝日,33,https://bestreha.com/,35.720293800000000,139.645415800000000
通所介護,中野区,13114,奉優デイサービス中野,社会福祉法人奉優会,社会福祉法人（社協以外）,1371406131,東京都中野区中野３－２３－４７,03-6304-8570,2021-08-01,,平日・土曜日・祝日,,https://www.foryou.or.jp/facility/nakano/w139/,35.701634478566840,139.664121540683740
通所介護,中野区,13114,らいおんハートリハビリ温泉デイサービス弥生町,株式会社カスケード東京,営利法人,1371406255,東京都中野区弥生町３－３６－９アゼリア中野１０１,03-5358-3355,2023-05-01,,平日・土曜日・祝日,,http://lion-heart.co/shops/day_service_yayoicho/,35.690094200000000,139.674488300000000
通所介護,中野区,13114,リハビリデイサービスｎａｇｏｍｉプラス中野店,株式会社ｎＣＳ,営利法人,1371406263,東京都中野区本町４－３８－１７,03-6382-7990,2023-05-01,,平日・土曜日,216,https://ncs.my-nagomi.com,35.695625900000000,139.669265200000000
通所介護,中野区,13114,レッツ倶楽部中野本町,株式会社寶亭,営利法人,1371406412,東京都中野区本町３－１－９メゾンドルネ１階,03-6276-6223,2025-02-01,,平日,,https://www.lets-club.jp/shop/nakanohoncho/,35.693259699999990,139.677748000000000
通所介護,中野区,13114,デイサービス　サザンヒルズ,Ｔｏｌｌｙ合同会社,営利法人,1371406420,東京都中野区南台２－３０－１１サザンヒルズ壱番館１０２号,03-6382-4330,2025-02-01,,平日,,https://southern-hills-2.jimdosite.com/,35.684264200000010,139.670634600000000
通所介護,杉並区,13115,ゆめふる天沼店,株式会社やさしい手,営利法人,1371500834,東京都杉並区本天沼３－４４－１２ノーベルコート１階,050-1753-8183,2000-03-01,,平日・土曜日・祝日,30,http://www.yasashiite.com/,35.717383100000000,139.623777400000000
通所介護,杉並区,13115,デイサービス太陽,有限会社メディカル・ケア・サービス山中,営利法人,1371502020,東京都杉並区西荻南４－２７－８,03-6762-3333,2002-09-01,,平日・土曜日・日曜日・祝日,,http://mcsyamanaka.co.jp/,35.703594903687190,139.606709433126600
通所介護,杉並区,13115,デイサービス　ヨウコー阿佐ヶ谷,株式会社ヨウコーアソシエイツ,営利法人,1371502608,東京都杉並区成田東５－３５－１５ザ・プラザＦビル,03-5397-2825,2003-10-01,,平日・土曜日・祝日,40,https://kaigo-youko.com/ds_asagaya.html,35.699871200000000,139.633735399999980
通所介護,杉並区,13115,株式会社　ケアサービス　デイサービスセンター方南町,株式会社ケアサービス,営利法人,1371502707,東京都杉並区方南２－１２－２６,03-5307-6361,2003-12-01,,平日・土曜日・祝日,32,http://www.care.co.jp/,35.683015100000000,139.658101000000000
通所介護,杉並区,13115,高齢者在宅サービスセンター　和田ふれあいの家,社会福祉法人サンフレンズ,社会福祉法人（社協以外）,1371503044,東京都杉並区和田３－５２－４,03-3312-9556,2004-04-01,,平日・土曜日・祝日,35,http://www.3friends.or.jp/,35.696343900000000,139.654706000000030
通所介護,杉並区,13115,高齢者在宅サービスセンター和泉ふれあいの家,社会福祉法人サンフレンズ,社会福祉法人（社協以外）,1371503051,東京都杉並区和泉４－４０－３１,03-3321-4808,2004-04-01,,平日・土曜日・祝日,40,https://www.3friends.or.jp,35.679698870179706,139.656685303966800
通所介護,杉並区,13115,高齢者在宅サービスセンター　松ノ木ふれあいの家,社会福祉法人サンフレンズ,社会福祉法人（社協以外）,1371503069,東京都杉並区松ノ木２－１４－３,03-3318-2660,2004-04-01,,平日・土曜日・祝日,30,http://www.3friends.or.jp,35.690236200000000,139.641607400000000
通所介護,杉並区,13115,ＮＰＯ法人デイサービスセンター夢の飛行船,特定非営利活動法人福祉開発機構,非営利法人（NPO）,1371503838,東京都杉並区高円寺南３－４８－５,03-3315-8686,2005-06-01,,平日・土曜日,,http://yumenohikousen.jp,35.703737500000000,139.646920100000000
通所介護,杉並区,13115,デイサービス　ウェルファー,医療法人社団松永会,医療法人,1371504190,東京都杉並区堀ノ内一丁目８番１号,03-3311-0070,2006-04-01,,平日・祝日,,http://www.welfare.or.jp,35.683014900000000,139.653187399999980
通所介護,杉並区,13115,デイサービスセンターしもいぐさ正吉苑,社会福祉法人正吉福祉会,社会福祉法人（社協以外）,1371504216,東京都杉並区下井草４－２３－１１,03-3390-8074,2006-04-01,,平日・土曜日・祝日,5,http://www.shoukichi.org/,35.721951819118600,139.620495827786270
通所介護,杉並区,13115,高齢者在宅サービスセンター松渓ふれあいの家,特定非営利活動法人生きがいの会,非営利法人（NPO）,1371504232,東京都杉並区荻窪２－３－１,03-5347-1178,2006-04-01,,平日・土曜日・祝日,,https://npo-ikigai.webnode.jp,35.696018170979780,139.621337405418440
通所介護,杉並区,13115,デイホーム高円寺北ふれあいの家,社会福祉法人奉優会,社会福祉法人（社協以外）,1371504240,東京都杉並区高円寺北３－２０－８,03-3330-4903,2006-04-01,,平日・土曜日・祝日,28,http://www.foryou.or.jp,35.706873300000000,139.648667100000000
通所介護,杉並区,13115,デイホームにんじん・荻窪ふれあいの家,社会福祉法人にんじんの会,社会福祉法人（社協以外）,1371504794,東京都杉並区荻窪２－２９－３,03-3220-9637,2007-04-01,,平日・土曜日・祝日,30,http://www.ninjin.or.jp,35.696604700000000,139.618386800000050
通所介護,杉並区,13115,デイホーム宮前ふれあいの家,社会福祉法人奉優会,社会福祉法人（社協以外）,1371505247,東京都杉並区宮前５－１７－１５,03-3335-8161,2008-04-01,,平日・土曜日・祝日,,http://miyamae.foryou.or.jp/,35.695279094215690,139.602237150262480
通所介護,杉並区,13115,エンジョイ音楽デイサービスひばり高円寺,株式会社ひばりケア,営利法人,1371505593,東京都杉並区高円寺南１－２２－２０クレッセント東高円寺１０２号室,03-5377-3588,2009-05-01,単独型,平日・土曜日・祝日,,http://hibari-care.jp/,35.700010200000000,139.658097199999930
通所介護,杉並区,13115,川内デイサービス,株式会社川内エムエス,営利法人,1371505601,東京都杉並区堀ノ内３－５２－２２,03-3311-7821,2009-06-01,単独型,平日・土曜日・祝日,,https://kawauchi-day.co.jp/,35.693627600000000,139.653978400000030
通所介護,杉並区,13115,株式会社ケアサービス　デイサービスセンター久我山,株式会社ケアサービス,営利法人,1371505866,東京都杉並区久我山５－２４－３０,03-5336-6580,2010-02-01,,平日・土曜日・祝日,33,http://www.care.co.jp/,35.687116400000000,139.608179699999940
通所介護,杉並区,13115,株式会社ケアサービス　デイサービスセンター和泉,株式会社ケアサービス,営利法人,1371505908,東京都杉並区和泉１－５２－１０　１Ｆ,03-5355-6338,2010-03-01,,平日・土曜日・祝日,33,https://www.care.co.jp/,35.676209299999990,139.654316300000000
通所介護,杉並区,13115,せらび荻窪,株式会社ソラスト,営利法人,1371506021,東京都杉並区今川４－８－８,03-3301-6541,2010-06-01,,平日・土曜日・祝日,47,https://solasto-kaigo.com/service/dayservice/ogikubo,35.715450000000000,139.598224600000000
通所介護,杉並区,13115,パナソニック　エイジフリーケアセンター荻窪・デイサービス,パナソニックエイジフリー株式会社,営利法人,1371506252,東京都杉並区上荻１－１８－６シェモア荻窪デ・プレ１階,03-5397-2160,2010-09-01,,平日・土曜日・日曜日・祝日,33,http://www.net-kaigo.com,35.705920400000000,139.617805999999970
通所介護,杉並区,13115,デイサービス　ヨウコー高井戸,株式会社ヨウコーアソシエイツ,営利法人,1371507284,東京都杉並区高井戸西１－２－１０,03-5336-8301,2012-07-01,,平日・土曜日・祝日,150,https://rehabili-youko.com/,35.678511700000000,139.612515700000020
通所介護,杉並区,13115,デイサービス　みどりの杉並,株式会社みどり,営利法人,1371508019,東京都杉並区大宮１－１－１１ドリーム池１階,03-6265-7637,2013-09-01,,平日・土曜日・祝日,19,,35.682736800000000,139.646204800000000
通所介護,杉並区,13115,デイサービス　ビーステップ井草,株式会社ビーステップ,営利法人,1371508076,東京都杉並区井草５－１０－２２,03-5311-0795,2013-11-01,,平日・土曜日・日曜日・祝日,20,https://bestep.co.jp/,35.725737200000000,139.607642500000000
通所介護,杉並区,13115,社会福祉法人八成グループ　高齢者在宅サービスセンター　八成ふれあいの家,社会福祉法人八成グループ,社会福祉法人（社協以外）,1371508746,東京都杉並区井草１－４０－１６,03-5311-3637,2015-04-01,,平日・土曜日,35,http://care-net.biz/13/8nari/,35.728572873972425,139.622162307162480
通所介護,杉並区,13115,ニチイケアセンター荻窪,株式会社ニチイ学館,営利法人,1371509041,東京都杉並区荻窪１－１５－１３,03-5349-7981,2016-02-01,,平日・土曜日・祝日,,http://www.nichiigakkan.co.jp/,35.694266893860870,139.622041314602700
通所介護,杉並区,13115,ステップぱーとなー芦花公園,株式会社ヘルスケヤめぐみ,営利法人,1371509066,東京都杉並区上高井戸１－１８－１０パール川内　１階　１０１号室,03-5316-4916,2016-03-01,,平日・土曜日・祝日,,,35.671598399999990,139.609885599999980
通所介護,杉並区,13115,ツクイ杉並下井草,株式会社ツクイ,営利法人,1371509132,東京都杉並区下井草４－３１－７,03-5311-7580,2016-05-01,,平日・土曜日・日曜日・祝日,60,http://www.tsukui.net,35.724023900000000,139.619774799999960
通所介護,杉並区,13115,デイサービスセンターなごやか杉並,なごやかケアリンク株式会社,営利法人,1371509199,東京都杉並区高円寺南５－６－４,03-5305-4755,2016-06-01,,平日・土曜日・祝日,100,http://www.nagoyaka-link.co.jp,35.701832200000005,139.655169500000060
通所介護,杉並区,13115,スギコーデイサロン荻窪,スギコー株式会社,営利法人,1371509256,東京都杉並区上荻１－２２－１８荻窪ビル,03-5347-2123,2016-10-01,,平日・土曜日・祝日,32,http://sugiko-welfare.com/,35.706014800000020,139.616256199999950
通所介護,杉並区,13115,スギコーデイサロン浜田山,スギコー株式会社,営利法人,1371509330,東京都杉並区浜田山３－６－２２,03-5305-4480,2016-10-01,,平日・土曜日・祝日,222,http://www.sugikho.co.jp,35.680575999999990,139.634777799999940
通所介護,杉並区,13115,デイサービスセンター　ほのかおぎくぼ,社会福祉法人櫻灯会,社会福祉法人（社協以外）,1371509405,東京都杉並区荻窪３－７－３０,03-6915-1595,2016-11-01,,平日・土曜日・祝日,30,http://www.outoukai.com,35.698249434196290,139.625844740644880
通所介護,杉並区,13115,堀ノ内ビレッジ,株式会社ケアギバー・ジャパン,営利法人,1371509579,東京都杉並区堀ノ内３－４－１２堀ノ内みどりの里　シルバーピア　１階,03-5929-8762,2017-06-01,,平日・土曜日・日曜日・祝日,25,http://caregiver.co.jp/facility/horinouchi_village.php,35.690541800000000,139.652006499999970
通所介護,杉並区,13115,デイサービス　ヨウコー善福寺,株式会社ヨウコーアソシエイツ,営利法人,1371509603,東京都杉並区上井草４－６－４,03-5303-9241,2017-07-01,,平日・土曜日,5,,35.717885000000000,139.594460600000050
通所介護,杉並区,13115,ＳＯＭＰＯケア　高井戸　デイサービス,ＳＯＭＰＯケア株式会社,営利法人,1371509967,東京都杉並区上高井戸３－６－９ベルシャトウ上高井戸１階,03-5316-6680,2018-07-01,,平日・土曜日・祝日,33,https://www.sompocare.com/service/zaitaku/dayservice/Z000151,35.675684300000000,139.617423599999940
通所介護,杉並区,13115,デイサービス夢楽井荻,株式会社我喜大笑,営利法人,1371510247,東京都杉並区井草４－６－２０ライフ＆シニアハウス１Ｆ,03-6913-7297,2019-03-01,,平日・土曜日・祝日,354,http://yumeraku.net/iogi/,35.725576500000000,139.612673099999940
通所介護,杉並区,13115,リハビリデイ・すまいるウォーク杉並,株式会社ワムケアサービス,営利法人,1371510478,東京都杉並区松ノ木２－３９－７　１０１号,03-6383-2250,2019-12-01,,平日・祝日,,https://wamu-care.co.jp,35.691547200000000,139.642623500000000
通所介護,杉並区,13115,デイサービスセンターエンゼルヘルプ方南,株式会社大起エンゼルヘルプ,営利法人,1371510809,東京都杉並区方南２－６－２８,03-5929-6105,2021-12-01,,平日・土曜日・祝日,60,http://www.enzeru.co.jp,35.680543600000014,139.659298800000020
通所介護,杉並区,13115,リハビリデイサービスｎａｇｏｍｉプラス高井戸店,株式会社ｎＣＳ,営利法人,1371510999,東京都杉並区上高井戸２－１－１５,03-5357-8807,2022-10-01,,平日・土曜日・祝日,216,https://ncs.my-nagomi.com,35.675876800000005,139.613735600000040
通所介護,杉並区,13115,ビーナスプラス下井草,株式会社ビーナス,営利法人,1371511096,東京都杉並区下井草３－４－２３下井草パレス１階,03-6913-8818,2023-03-01,,平日・土曜日・祝日,19,https://www.venus-comrade.co.jp/office/plus_shimoigusa/,35.718920100000020,139.626282200000020
通所介護,杉並区,13115,らいおんハートデイサービスプレミアム杉並,株式会社カスケード東京,営利法人,1371511237,東京都杉並区和泉１－３８－３河西ビル１階,03-6379-3681,2023-10-01,,平日,,https://lion-heart.co/shops/day_service_p-suginami/,35.677943200000010,139.657421800000000
通所介護,杉並区,13115,ＮＡＮＡＩＲＯ　ＣＯＯＫＩＮＧ　ＳＴＵＤＩＯ　杉並宮前,株式会社ＳＯＹＯＫＡＺＥ,営利法人,1371511542,東京都杉並区宮前３－２－３,03-5344-1330,2024-11-01,,平日・祝日,25,http://www.sykz.co.jp,35.693000600000000,139.608803500000000
通所介護,杉並区,13115,言語生活サポートセンター,株式会社言語生活サポートセンター,営利法人,1371511641,東京都杉並区荻窪５－２０－１７Ｍパラッツオ４階,03-5335-9757,2025-08-01,,平日,,https://gengoseikastu.jimdoweb.com/,35.702214399999990,139.620684400000000
通所介護,杉並区,13115,イノセント高円寺デイサービスセンター,株式会社アルジェント,営利法人,1371511666,東京都杉並区高円寺南５－２０－３田中ビル１階,03-3315-1181,2025-09-01,,平日・土曜日・祝日,,,35.702543700000000,139.655445400000000
通所介護,杉並区,13115,デイサービスセンターもも寿荻窪,株式会社維新ネット,営利法人,1371511708,東京都杉並区桃井１－１３－１５オカベ荻窪マンション１階,03-6913-7075,2026-01-01,,平日・土曜日・日曜日・祝日,,,35.710820200000000,139.614577700000000
通所介護,豊島区,13116,池袋ほんちょうの郷高齢者在宅サービスセンター,社会福祉法人フロンティア,社会福祉法人（社協以外）,1371600667,東京都豊島区池袋本町１－２９－１２,03-3986-4165,2000-03-01,,平日・土曜日・祝日,,http://www.frontier-sw.or.jp/,35.739767164434966,139.714873184686200
通所介護,豊島区,13116,高齢者在宅サービスセンター　山吹の里,社会福祉法人フロンティア,社会福祉法人（社協以外）,1371602317,東京都豊島区高田３－３７－１７,03-3981-5067,2005-04-01,,平日・土曜日・祝日,25,http://www.frontier-sw.or.jp/,35.715983245190905,139.710525433729570
通所介護,豊島区,13116,デイホーム　南池袋,社会福祉法人敬心福祉会,社会福祉法人（社協以外）,1371602432,東京都豊島区南池袋３－７－８,03-5958-1206,2005-04-01,,平日・土曜日・祝日,40,http://www.keisinen.or.jp/ikebukuro/dayhome/index.html,35.723398672459550,139.712089171163940
通所介護,豊島区,13116,高齢者在宅サービスセンター　アトリエ村,社会福祉法人豊島区社会福祉事業団,社会福祉法人（社協以外）,1371602465,東京都豊島区長崎４－２３－１,03-5965-3400,2005-04-01,,平日・土曜日・祝日,45,https://www.toshimaj.or.jp,35.730321400000000,139.686265999999930
通所介護,豊島区,13116,高齢者在宅サービスセンター　菊かおる園,社会福祉法人豊島区社会福祉事業団,社会福祉法人（社協以外）,1371602507,東京都豊島区西巣鴨２－３０－１９,03-3576-2203,2005-04-01,,平日・土曜日・祝日,,https://toshimaj.or.jp/facilities/kikukaorusono,35.739325099999990,139.728478600000020
通所介護,豊島区,13116,株式会社ケアサービス　デイサービスセンター要町,株式会社ケアサービス,営利法人,1371602754,東京都豊島区池袋３－２１－９大明ビル１階,03-5949-6891,2005-08-01,,平日・土曜日・祝日,,http://www.care.co.jp/,35.735424500000000,139.703827999999930
通所介護,豊島区,13116,憩いの里　いけぶくろ,株式会社ヴェール,営利法人,1371602846,東京都豊島区池袋本町４－３０－１５,03-5985-7300,2005-10-01,,平日・土曜日・日曜日・祝日,35,http://www.ikoinosato.co.jp,35.743746644525330,139.716298530688530
通所介護,豊島区,13116,さわやかケアポートとしま・デイサービス,ウエルシアパートナーズ株式会社,営利法人,1371603000,東京都豊島区北大塚１－１２－１５協同興業北大塚ビル,03-5907-4295,2006-04-01,,平日・土曜日・祝日,,http://www.welcia-partners.co.jp,35.732248100000000,139.732631399999940
通所介護,豊島区,13116,コンチェルト目白デイサービスセンター,株式会社コンチェルト,営利法人,1371603174,東京都豊島区目白４－２９－５　コンフォール目白１階,03-5988-0185,2006-10-01,,平日・土曜日・祝日,30,https://sites.google.com/view/concertocare,35.725639100000000,139.697754000000030
通所介護,豊島区,13116,健遊館　地蔵湯,株式会社健遊館,営利法人,1371603984,東京都豊島区千早１－１７－８,03-5964-5333,2010-10-01,,平日・土曜日・祝日,34,http://jizouyu.kenyu.co.jp/,35.731841200000010,139.697070400000030
通所介護,豊島区,13116,アースサポート池袋,アースサポート株式会社,営利法人,1371604065,東京都豊島区上池袋１－１０－５,03-3576-3900,2011-03-01,,平日・土曜日・祝日,,https://www.earthsupport.co.jp/,35.735275400000000,139.719034900000000
通所介護,豊島区,13116,めぐリハビリデイサービス大塚,めぐ株式会社,営利法人,1371605443,東京都豊島区北大塚３－２５－１６,03-3910-4992,2017-06-01,,平日・祝日,10,http://megu-group.com/,35.734309000000000,139.725867800000060
通所介護,豊島区,13116,リハビリデイサービスｎａｇｏｍｉプラス千川店,株式会社ｎＣＳ,営利法人,1371605468,東京都豊島区千早４－２－６,03-5926-7970,2017-09-01,,平日・土曜日・祝日,216,https://ncs.my-nagomi.com,35.736492900000000,139.683843600000040
通所介護,豊島区,13116,ベストリハ大塚,ベストリハ株式会社,営利法人,1371605799,東京都豊島区北大塚２－１９－２インプルーブ大塚　１階,03-6903-6360,2020-11-01,,平日・土曜日・祝日,,,35.734136700000000,139.727187800000000
通所介護,豊島区,13116,グリーンデイ南長崎,介護ジャパン株式会社,営利法人,1371605898,東京都豊島区南長崎５－８－１２,03-5906-5350,2022-03-01,,平日・土曜日・祝日,,https://kaigojapan.co.jp/,35.727618400000000,139.682296200000000
通所介護,豊島区,13116,高齢者在宅サービスセンター風かおる里,社会福祉法人豊島区社会福祉事業団,社会福祉法人（社協以外）,1371605971,東京都豊島区南長崎６－１５－６,03-5982-2102,2023-04-01,,平日・土曜日・祝日,,https://www.toshimaj.or.jp/kourei/k_shisetsu/s_kaze/,35.730981700000000,139.679093800000000
通所介護,豊島区,13116,デイサービスサナサンテ大塚,株式会社和みライフケア,営利法人,1371606235,東京都豊島区南大塚２－４２－９金子ビル１階,03-6912-0941,2026-02-01,,平日・土曜日・祝日,,,35.730211200000000,139.729719400000000
通所介護,北区,13117,おおるりデイサービスセンター,医療法人社団福寿会,医療法人,1371700244,東京都北区岩淵町９－１６－１０１,03-5249-3078,2001-02-01,,平日・祝日,,http://www.fukujukaigr.or.jp,35.783833300000000,139.725327399999970
通所介護,北区,13117,ウエルガーデン西が丘園,社会福祉法人ウエルガーデン,社会福祉法人（社協以外）,1371700285,東京都北区西が丘３－１６－２７,03-5924-7825,2000-02-01,,平日・土曜日・祝日,,http://www.welgarden.or.jp/nishigaokaen/,35.767271300000000,139.706860099999970
通所介護,北区,13117,高齢者在宅サービスセンター　王子光照苑,社会福祉法人光照園,社会福祉法人（社協以外）,1371700731,東京都北区王子３－３－１,03-3927-9851,2000-02-01,,平日・土曜日・祝日,25,https://o-kousyoen.com,35.760442300000000,139.732963599999950
通所介護,北区,13117,みずべの苑,社会福祉法人うらら,社会福祉法人（社協以外）,1371701408,東京都北区志茂３－６－５,03-3598-0130,2001-04-01,,平日・土曜日・祝日,,http://www.urara.or.jp,35.776959700000000,139.735998800000060
通所介護,北区,13117,でいほーむ・はくび田端,有限会社めい・にじゅうに,営利法人,1371701754,東京都北区田端６－７－１関口アパート１階,03-3822-7636,2002-08-01,,平日・土曜日・祝日,30,,35.739705800000000,139.756448999999970
通所介護,北区,13117,通所介護　コモンズ,企業組合コモンズ,その他法人,1371703024,東京都北区王子本町１－３０－６オカダビル１０１,03-5924-1333,2005-08-01,,平日・土曜日・祝日,22,,35.755323400000000,139.732799900000030
通所介護,北区,13117,健遊館　亀の湯,株式会社健遊館,営利法人,1371703057,東京都北区堀船１－２２－１３,03-3911-1750,2005-09-01,,平日・土曜日・祝日,35,http://kamenoyu.kenyu.co.jp/,35.752026600000000,139.742393799999950
通所介護,北区,13117,アスケア　デイサービスセンター北赤羽,株式会社ＡＳＣａｒｅ,営利法人,1371703230,東京都北区赤羽北２－１５赤羽北２丁目団地１－１０１,05033177076,2006-01-01,,平日・土曜日・祝日,,http://www.asahi-sun-clean.co.jp,35.784166000000000,139.705095799999980
通所介護,北区,13117,北区立高齢者在宅サービスセンター桐ヶ丘やまぶき荘,社会福祉法人東京聖労院,社会福祉法人（社協以外）,1371703297,東京都北区浮間３－１１－２６,03-6454-5150,2006-04-01,,平日・土曜日・祝日,50,http://www.seirouin.or.jp/yamabuki/,35.778584688402800,139.706895947456360
通所介護,北区,13117,東京都北区立堀船高齢者在宅サービスセンター,社会福祉法人光照園,社会福祉法人（社協以外）,1371703321,東京都北区堀船２－２５－２－１０１,03-3927-7557,2006-04-01,,平日・土曜日,,,35.756059599999986,139.747482399999970
通所介護,北区,13117,赤羽北さくら荘デイサービスセンター,社会福祉法人東京都福祉事業協会,社会福祉法人（社協以外）,1371703339,東京都北区赤羽北３－６－１０,03-3900-3907,2006-04-01,,平日・土曜日・祝日,,https://www.ak-sakurasou.org/,35.783033192278750,139.707029733126770
通所介護,北区,13117,東京都北区立滝野川西高齢者在宅サービスセンター,社会福祉法人北区社会福祉事業団,社会福祉法人（社協以外）,1371703446,東京都北区滝野川６－２１ー２５,03-3916-1501,2006-04-01,,平日・土曜日・祝日,,https://kitajigyo.com/aged_service/takinogawa/index.html,35.745563300000000,139.725823000000000
通所介護,北区,13117,東京都北区立高齢者在宅サービスセンター清水坂あじさい荘,社会福祉法人北区社会福祉事業団,社会福祉法人（社協以外）,1371703453,東京都北区中十条４－１６－３２,03-5924-2024,2006-04-01,,平日・土曜日・祝日,,http://www.kitajigyo.com,35.769490497126990,139.722686587766250
通所介護,北区,13117,東京都北区立高齢者在宅サービスセンター上中里つつじ荘,社会福祉法人北区社会福祉事業団,社会福祉法人（社協以外）,1371703461,東京都北区上中里２－４５－２,03-5390-6008,2006-04-01,,平日・土曜日・祝日,,http://kitajigyo.com/aged_service/kaminakazato/day.html,35.744259164604400,139.755086067984000
通所介護,北区,13117,デイサービス　ひまわり　Ⅰ,株式会社ひまわりサービス,営利法人,1371703545,東京都北区十条台２－６－２９,03-3909-8808,2006-06-01,,平日・土曜日・祝日,34,http://www.himawariservice.com/,35.759097600000000,139.718512000000030
通所介護,北区,13117,デイサービスセンター　うきま幸朋苑,社会福祉法人こうほうえん,社会福祉法人（社協以外）,1371703768,東京都北区浮間５－１３－１,03-5914-1333,2007-04-01,,平日・土曜日・祝日,30,http://www.kohoen.jp,35.784710000000000,139.692485800000000
通所介護,北区,13117,アースサポート王子神谷,アースサポート株式会社,営利法人,1371703891,東京都北区王子５－１７－２２,03-5959-2011,2007-06-01,,平日・土曜日・祝日,,https://www.earthsupport.co.jp,35.766152900000000,139.737796300000000
通所介護,北区,13117,デイサービス　はるかぜ,株式会社むらたサポート,営利法人,1371703925,東京都北区王子本町２－２８－３－１０３和幸マンション,03-5918-7485,2007-06-01,,平日・土曜日・日曜日・祝日,19,https://www.harukaze-ouji.com/,35.754287300000000,139.730844500000000
通所介護,北区,13117,デイサービス　ヨウコー十条,株式会社揚工舎,営利法人,1371703982,東京都北区東十条２－４－１０,03-5959-5730,2007-09-01,,平日・土曜日・日曜日・祝日,20,http://rehabili-youko.com/,35.762875200000000,139.729380399999970
通所介護,北区,13117,デイサービスひまわりⅡ浮間,株式会社ひまわりサービス,営利法人,1371704154,東京都北区浮間３－２６－２０,03-5916-0332,2008-03-01,,平日・土曜日・祝日,20,http://www.himawariservice.com/index.html,35.787793200000000,139.702565400000030
通所介護,北区,13117,デイサービスセンター　あすか,社会福祉法人晴山会,社会福祉法人（社協以外）,1371704238,東京都北区西ケ原４－５１－１,03-3940-9173,2008-05-01,,平日・土曜日・祝日,,http://www.asuka-seizanen.com,35.741436000000000,139.735894700000020
通所介護,北区,13117,赤羽整形リハビリデイサービス,医療法人社団はなぶさ,医療法人,1371704410,東京都北区赤羽西１－３４－２玉川ビル２階２０１号室,03-3900-0570,2009-10-01,,平日・土曜日・祝日,20,https://akabaneseikei-ds.jp,35.777174600000000,139.717985300000000
通所介護,北区,13117,神谷デイサービス,株式会社ケアネット・トキ,営利法人,1371704519,東京都北区神谷１－２２－８介護複合施設ＴＯＫＩ,03-3914-5537,2010-04-01,,平日・土曜日・日曜日・祝日,30,http://toki-group.co.jp,35.768613400000000,139.731932599999940
通所介護,北区,13117,株式会社ケアサービス　デイサービスセンターコトニア赤羽,株式会社ケアサービス,営利法人,1371704527,東京都北区中十条４－１７－１,03-5963-6511,2010-04-01,,平日・土曜日・祝日,,https://www.care.co.jp/office/ds_cotoniorakabane,35.770947099999994,139.722358800000000
通所介護,北区,13117,信和リハビリデイサービス　駒込,有限会社信和在宅施術サービス,営利法人,1371704865,東京都北区西ケ原１－１－１１コンフォート駒込１０１,03-6903-5411,2011-07-01,,平日・土曜日・祝日,15,http://shinwarihabiri.com/,35.739747300000000,139.747449599999980
通所介護,北区,13117,新町光陽苑デイサービスセンター,社会福祉法人泉陽会,社会福祉法人（社協以外）,1371705466,東京都北区田端新町２－２７－１６,03-5855-1185,2013-04-01,,平日・土曜日・祝日,33,https://senyoukai.or.jp/,35.740551350349556,139.767833325794980
通所介護,北区,13117,リハビリデイＳＫＩＰ,株式会社オベロンケア,営利法人,1371705904,東京都北区豊島８－４－１０,03-6903-2982,2014-06-01,,平日・土曜日・祝日,23,https://skip.tokyo/,35.764970200000020,139.740082200000000
通所介護,北区,13117,ジェクサー・プラチナジム　コトニア赤羽,ＪＲ東日本スポーツ株式会社,営利法人,1371706118,東京都北区中十条４－１７－１,03-6454-3911,2015-04-01,,平日・祝日,230,https://www.jresports.co.jp,35.770799100000000,139.722428000000040
通所介護,北区,13117,ツクイ北区浮間,株式会社ツクイ,営利法人,1371706191,東京都北区浮間５－９－７,03-5916-4972,2015-06-01,,平日・土曜日・日曜日・祝日,,http://www.tsukui.net,35.786364700000000,139.693869500000000
通所介護,北区,13117,アイリスデイサービス,株式会社ジェイ・エム・テイ・メディカル,営利法人,1371706399,東京都北区豊島１－３８－７,03-6908-4183,2016-06-01,,平日・土曜日・祝日,,,35.758431500000000,139.741529600000040
通所介護,北区,13117,デイサービスセンターなごやか東十条,なごやかケアリンク株式会社,営利法人,1371706431,東京都北区東十条４－５－４ロワール宮地1Ｆ,03-5959-2346,2016-06-01,,平日・土曜日・祝日,33,https://www.nagoyaka-link.co.jp/club/higashijujo/,35.766299799999990,139.727599899999970
通所介護,北区,13117,マイプロ板橋駅前,一般社団法人日本リハビリ科学研究所,社団・財団,1371706464,東京都北区滝野川６－５５－１アーバンハウス大坪１０２,03-5961-6700,2016-07-01,,平日・土曜日・祝日,228,http://hp.kaipoke.biz/gez/,35.745311199237605,139.723349401921840
通所介護,北区,13117,レッツ倶楽部王子神谷,株式会社ＫＳＣ,営利法人,1371706514,東京都北区豊島６－８－１０,03-5959-7830,2016-09-01,,平日・土曜日・祝日,20,http://www.lets-club.jp/shop/ojikamiya/,35.764592100000000,139.745281564418100
通所介護,北区,13117,ミアヘルサ　デイサービス赤羽台,ミアヘルサ株式会社,営利法人,1371706522,東京都北区赤羽台１－３－１２ヌーヴェル赤羽台１０３,03-5948-6851,2016-10-01,,平日・土曜日・祝日,31,https://www.merhalsa.jp/business/care/,35.778478300000000,139.715178400000000
通所介護,北区,13117,リハビリストホーム　王子神谷,株式会社ジェイアークサポート,営利法人,1371706613,東京都北区王子５－２第１号棟１０３号室,03-5944-6735,2017-04-01,,平日・土曜日・祝日,3,http://rihabirisutohome.wixsite.com/oujikamiya,35.764677900000020,139.733763299999960
通所介護,北区,13117,グリーンデイ桐ヶ丘,介護ジャパン株式会社,営利法人,1371706787,東京都北区桐ヶ丘２－１１－３５ラ・フォンテーヌ１階,03-5924-7737,2017-09-01,,平日・土曜日・祝日,,https://kaigojapan.co.jp/,35.782588099999990,139.710963000000000
通所介護,北区,13117,グッドデイサービス　こうよう,株式会社ＭＲＭ,営利法人,1371706860,東京都北区滝野川２－５６－５布田ホームズ,03-5972-1860,2017-11-01,,平日・土曜日・祝日,25,http://dayservice-koyo.jp/,35.751065500000000,139.731380700000040
通所介護,北区,13117,あいのわリハビリステーション豊島,ＭＫＭハートフル株式会社,営利法人,1371707157,東京都北区豊島４－１８－２４ビバホーム北区豊島３階,03-6908-4630,2019-05-01,,平日・土曜日,,http://www.ainowa.mkm-h.com,35.762971599999990,139.752283900000070
通所介護,北区,13117,ベストリハ赤羽,ベストリハ株式会社,営利法人,1371707165,東京都北区赤羽１－４１－５ＡＤＡＭＡＳ１階１０１号室,03-6903-9375,2019-06-01,,平日・土曜日・祝日,33,https://bestreha.com/,35.781455300000010,139.719660300000020
通所介護,北区,13117,宝デイサービス十条,株式会社ひばりケア,営利法人,1371707207,東京都北区上十条４－２０－４上十条ダイヤモンドマンション２階,03-3905-6081,2019-11-01,,平日・土曜日・祝日,,https://hibari-care.jp,35.763275899999990,139.713261600000000
通所介護,北区,13117,コンパスウォーク西ヶ原,株式会社オズクリエイション,営利法人,1371707405,東京都北区西ケ原３－３３－１９ラミアール佐々木,03-6903-5692,2021-08-01,,平日・土曜日・祝日,,,35.744890292931930,139.739111735581930
通所介護,北区,13117,サニーガーデン尾久,株式会社ＲＡＲＥＣＲＥＷ,営利法人,1371707470,東京都北区昭和町２－１０－１１,03-5901-9415,2022-03-01,,平日・土曜日・祝日,,,35.748740000000000,139.752625399999970
通所介護,北区,13117,コンパスウォーク堀船,株式会社オズクリエイション,営利法人,1371707512,東京都北区堀船３－２７－１０,03-5944-6369,2022-08-01,,平日・祝日,,https://keigo-group.co.jp/shop/tokyoto/32710/,35.752365600000000,139.748824700000000
通所介護,北区,13117,通所介護いちりん,合同会社一,営利法人,1371707520,東京都北区中十条２－１２－７プラスエステートマンション１０１,03-5948-6731,2022-09-01,,平日,20,https://hajime-ichirin.jbplt.jp/,35.762368700000000,139.725960400000000
通所介護,北区,13117,京北デイサービスセンター,株式会社日本福祉テック協会,営利法人,1371707884,東京都北区神谷３－１８－８角一サンハイツ神谷１階,03-6903-8237,2026-02-01,,平日・土曜日・祝日,,https://www.keihokuday.com/,35.773022742106896,139.732258029638440
通所介護,北区,13117,デイサービス夢楽王子,株式会社我喜大笑,営利法人,1371707942,東京都北区豊島１－３５－１５,03-5944-6751,2026-09-01,,,,,,
通所介護,荒川区,13118,あらかわ介護リハビリセンター,株式会社ノーブル・ハウス,営利法人,1371705870,東京都荒川区荒川５－３９－６－１Ｆ,03-6807-7081,2014-06-01,,平日・土曜日・祝日,36,http://arakawakaigo.com,35.739300848546950,139.776480567217250
通所介護,荒川区,13118,コミュニティガーデンさくら,社会福祉法人北養会,社会福祉法人（社協以外）,1371801554,東京都荒川区町屋７－１０－６,03-3894-3561,2004-05-01,,平日・土曜日・祝日,70,https://www.communitygarden.jp/sakura/,35.749384200000000,139.786831799999960
通所介護,荒川区,13118,株式会社ケアサービス　デイサービスセンターたから,株式会社ケアサービス,営利法人,1371801851,東京都荒川区町屋６－４－１タカラビル１階,03-5692-5980,2005-07-01,,平日・土曜日・祝日,20,http://www.care.co.jp/,35.749867200000000,139.782726599999930
通所介護,荒川区,13118,いきいきらいふデイサービスセンター南千住,株式会社ＲＡＲＥＣＲＥＷ,営利法人,1371801984,東京都荒川区南千住３－３５－１１,03-5850-1133,2005-11-01,,平日・土曜日・祝日,25,http://rare-c.co.jp,35.732061700000000,139.808853600000020
通所介護,荒川区,13118,デイサービスセンター　エンゼルヘルプ荒川,株式会社大起エンゼルヘルプ,営利法人,1371802024,東京都荒川区荒川８－８－３,03-5850-0755,2005-12-01,,平日・土曜日・祝日,30,http://www.enzeru.co.jp,35.738943800000010,139.787465699999980
通所介護,荒川区,13118,健遊館　七福湯,株式会社健遊館,営利法人,1371802065,東京都荒川区東日暮里２－７－７,03-5615-3900,2006-01-01,,平日・土曜日・祝日,35,http://shichifukuyu.kenyu.co.jp/,35.728625300000000,139.786385800000060
通所介護,荒川区,13118,まちや明生苑デイサービスセンター,株式会社明昭,営利法人,1371802552,東京都荒川区町屋５－１５－１４,03-5692-7080,2008-05-01,,平日・祝日,,http://www.fukushi-e.com,35.752422400000000,139.781095999999930
通所介護,荒川区,13118,デイサービスほっと,ケア・プランニング株式会社,営利法人,1371802560,東京都荒川区荒川４－８－１１,03-3805-8767,2008-06-01,,平日・土曜日・祝日,,http://www.best-kaigo.com,35.737426700000000,139.777702800000040
通所介護,荒川区,13118,癒しのデイサービス南千住,株式会社リエイケア,営利法人,1371802610,東京都荒川区南千住４－７－３　ロイヤルパークスタワー南千住　２階,03-5811-8841,2008-07-01,,平日・土曜日・祝日,30,http://www.riei.co.jp,35.733177800000000,139.791226899999970
通所介護,荒川区,13118,デイサービス　ヨウコー町屋,株式会社揚工舎,営利法人,1371803071,東京都荒川区町屋５－５－２,03-6807-6260,2011-03-01,,平日・土曜日・日曜日・祝日,,http://rehabili-youko.com/,35.749869800000000,139.779168600000050
通所介護,荒川区,13118,シルバー茶論　田端新町,株式会社シルバー茶論,営利法人,1371803113,東京都荒川区東尾久１－３１－１０高六商事ビル２階,03-5284-7934,2011-04-01,,平日・土曜日・日曜日・祝日,,http://silver-salons.com,35.740236900000010,139.769016399999970
通所介護,荒川区,13118,小台介護リハビリセンター,株式会社ボーン・ケア,営利法人,1371803204,東京都荒川区西尾久１－１２－５ロジュマン西尾久１階,03-5855-0120,2011-07-01,,平日・土曜日・祝日,,,35.744010062304340,139.763654386122200
通所介護,荒川区,13118,デイサービスセンターなでしこ,東京ほくと医療生活協同組合,生協,1371803311,東京都荒川区西尾久８－１３－９,03-5855-7447,2012-03-01,,平日・土曜日・祝日,20,http://www.t-hokuto.coop/,35.752568500000000,139.756189899999980
通所介護,荒川区,13118,ジョイリハＳＰＡ東日暮里,株式会社ヤマウチ,営利法人,1371803485,東京都荒川区東日暮里２－３２－１０,03-5615-1091,2012-12-01,,平日・祝日,,http://www.joyreha.co.jp/,35.727983499999990,139.783872200000020
通所介護,荒川区,13118,三河島ケアセンターそよ風,株式会社ＳＯＹＯＫＡＺＥ,営利法人,1371803493,東京都荒川区荒川５－３－３,03-5615-1770,2012-12-01,,平日・土曜日・日曜日・祝日,30,,35.737543300000000,139.775457500000000
通所介護,荒川区,13118,はなまるデイサービス南千住,株式会社愛誠会,営利法人,1371803576,東京都荒川区南千住６－４８－１９,03-3805-8301,2013-04-01,,平日・土曜日・祝日,,http://www.aiseifukushi.jp/hanamaruday/hanamaruday4/tabid/69/Default.aspx,35.734829615574150,139.794434393254080
通所介護,荒川区,13118,ベストリハ西日暮里,ベストリハ株式会社,営利法人,1371803766,東京都荒川区西日暮里６－４７－１０小宮ビル１階,03-3810-8061,2013-07-01,,平日・土曜日・祝日,25,http://www.bestreha.com,35.736037400000000,139.768581499999980
通所介護,荒川区,13118,デイサービスセンターなごやか日暮里,なごやかケアリンク株式会社,営利法人,1371804160,東京都荒川区東日暮里５－３０－８　ビオラ日暮里１階,03-5850-4836,2016-06-01,,平日・土曜日・祝日,35,http://www.nagoyaka-link.co.jp/club/nippoli/,35.728065144238990,139.775542996364600
通所介護,荒川区,13118,デイサービスセンターなごやか荒川,なごやかケアリンク株式会社,営利法人,1371804178,東京都荒川区荒川８－４－１,03-5850-1511,2016-06-01,,平日・土曜日・祝日,40,https://www.nagoyaka-link.co.jp/club/arakawa/,35.738241100000000,139.788387664418000
通所介護,荒川区,13118,荒川区立南千住中部在宅高齢者通所サービスセンター,社会福祉法人カメリア会,社会福祉法人（社協以外）,1371804244,東京都荒川区南千住４－９－６,03-5604-0065,2017-04-01,,平日・土曜日・祝日,,https://sunheim.camellia-kai.com/,35.736065572191180,139.803988909608680
通所介護,荒川区,13118,デイサービス　みらい　町屋,株式会社未来企画,営利法人,1371804285,東京都荒川区町屋５－５－５シンフォニー　１階,03-6883-8451,2017-07-01,,平日・土曜日・祝日,,,35.749525842448705,139.778459529360960
通所介護,荒川区,13118,デイサービス　千恵の輪,株式会社シーキューブ,営利法人,1371804335,東京都荒川区西日暮里６－１５－１１,03-6807-6883,2018-04-01,,平日・祝日,,https://www.poiinc.jp,35.737437900000000,139.771218300000000
通所介護,荒川区,13118,荒川区立荒川東部在宅高齢者通所サービスセンター,社会福祉法人奉優会,社会福祉法人（社協以外）,1371804541,東京都荒川区荒川１－３４－６,03-3850-5200,2020-04-01,,平日・土曜日・祝日,,https://www.foryou.or.jp/,35.734286100000000,139.786891700000000
通所介護,荒川区,13118,コンパスウォーク尾久,ドリームガーデンズ株式会社,営利法人,1371804632,東京都荒川区西尾久８－４２－６,03-6458-2611,2021-01-01,,平日・祝日,35,,35.751988100000000,139.751292700000000
通所介護,荒川区,13118,荒川区立花の木ハイム荒川在宅高齢者通所サービスセンター,社会福祉法人奉優会,社会福祉法人（社協以外）,1371804764,東京都荒川区荒川５－４７－２,03-5855-3322,2022-04-01,,平日・土曜日・祝日,,http://hananoki-day@foryou.or.jp,35.739792500000000,139.776187700000000
通所介護,荒川区,13118,アサヒトラストリハビリセンター尾久,アサヒ産業株式会社,営利法人,1371804772,東京都荒川区西尾久３－１９－３　３階,03-6458-2690,2022-05-01,,平日・土曜日,,https://ds.asahitrust-x.com/,35.750703399999985,139.762692199999980
通所介護,荒川区,13118,くらしの友リハプライド　東尾久,株式会社シモン,営利法人,1371804798,東京都荒川区東尾久２－３０－４,03-5901-6316,2023-01-01,,平日・祝日,20,https://www.rehapride.co.jp/higashioku/,35.742136200000000,139.770419500000000
通所介護,荒川区,13118,Ｒｅ．ｌｉｆｅ,株式会社１．ｌｉｆｅ,営利法人,1371804822,東京都荒川区南千住２－１５－５照山ビル１０１号室,03-5604-9820,2023-06-01,,平日・土曜日・祝日,,https://1life-tt.co.jp/,35.729070900000000,139.795700500000000
通所介護,荒川区,13118,荒川区立東日暮里在宅高齢者通所サービスセンター,社会福祉法人奉優会,社会福祉法人（社協以外）,1371804863,東京都荒川区東日暮里３－８－１６,03-3805-6121,2024-04-01,,平日・土曜日・祝日,,https://www.foryou.or.jp/corp2/higashinippori/,35.729546800000010,139.782342000000000
通所介護,荒川区,13118,あそか　のぞみの郷デイサービス,社会福祉法人あそか会,社会福祉法人（社協以外）,1371804889,東京都荒川区西尾久１－１－１２,03-3893-3517,2024-09-01,,平日・土曜日・祝日,,http://www.asokakai.or.jp/,35.744416500000000,139.764866600000000
通所介護,荒川区,13118,エバーウォーク町屋,株式会社エバーウォーク,営利法人,1371804947,東京都荒川区荒川６－１３－２小林ビル１階,03-6807-7417,2024-12-01,,平日・祝日,25,https://everwalk.net/,35.740395900000000,139.778095200000000
通所介護,板橋区,13119,舟渡高齢者在宅サービスセンター,社会福祉法人不二健育会,社会福祉法人（社協以外）,1371900844,東京都板橋区舟渡３－４－８,03-3969-3130,2000-02-01,,平日・土曜日・祝日,50,http://www.fujikenikukai.or.jp,35.792633500000010,139.681128299999950
通所介護,板橋区,13119,いずみの苑通所介護事業所,社会福祉法人東京援護協会,社会福祉法人（社協以外）,1371900976,東京都板橋区東坂下２－２－２２,03-5970-9105,2000-02-01,,平日・土曜日・祝日,35,http://www.tokyoengokyokai.or.jp,35.783079600000000,139.689916700000030
通所介護,板橋区,13119,こもね在宅サービスセンター,社会福祉法人小茂根の郷,社会福祉法人（社協以外）,1371901297,東京都板橋区小茂根４－１１－１１,03-3959-7421,2000-03-01,,平日・土曜日・祝日,,http://www.komonenosato.com,35.746669600000000,139.675077399999960
通所介護,板橋区,13119,音羽台高齢者在宅サービスセンター,社会福祉法人翠生会,社会福祉法人（社協以外）,1371901560,東京都板橋区成増４－３３－１,03-3939-0291,2000-04-01,,平日・土曜日・祝日,35,http://www.suisei-kai.jp/,35.786358000000000,139.634460100000070
通所介護,板橋区,13119,若木ライフ,社会福祉法人信隆会,社会福祉法人（社協以外）,1371901990,東京都板橋区若木一丁目２１番３号,03-3933-3900,2000-05-01,,平日・土曜日・祝日,23,https://shinryukai.org/wakagilife/,35.767878500000000,139.671954899999950
通所介護,板橋区,13119,ケアタウン成増,社会福祉法人みその福祉会,社会福祉法人（社協以外）,1371902535,東京都板橋区成増４－１４－１８,03-3939-0763,2001-04-01,,平日・土曜日・祝日,50,http://www.misono-fukushikai.or.jp,35.783233500000000,139.635232399999950
通所介護,板橋区,13119,ツクイ板橋,株式会社ツクイ,営利法人,1371903384,東京都板橋区氷川町４－８,03-5943-2072,2003-03-01,,平日・土曜日・日曜日・祝日,49,https://www.tsukui.net/search/2151/detail.html,35.752200967835520,139.707387996657100
通所介護,板橋区,13119,デイサービスセンター　マイライフ徳丸,社会福祉法人北野会,社会福祉法人（社協以外）,1371903533,東京都板橋区徳丸３－３２－２８,03-3933-1091,2003-04-01,,平日・土曜日・祝日,35,http://kitanokai.com/,35.774996500000000,139.657078200000000
通所介護,板橋区,13119,株式会社ケアサービス　デイサービスセンター　仲町,株式会社ケアサービス,営利法人,1371903590,東京都板橋区仲町２７－４,03-5986-0860,2003-05-01,,平日・土曜日・祝日,38,https://www.care.co.jp/office/ds_nakachou,35.752319500000000,139.696423800000050
通所介護,板橋区,13119,ツクイ板橋四葉,株式会社ツクイ,営利法人,1371904028,東京都板橋区四葉２－１－１２,03-5904-0727,2004-04-01,,平日・土曜日・日曜日・祝日,20,,35.780650200000000,139.654161400000000
通所介護,板橋区,13119,デイサービスビオラ,医療法人財団朔望会,医療法人,1371904127,東京都板橋区前野町３－３６－１０,03-3960-1269,2004-06-01,,平日・土曜日・祝日,,http://www.tshnet.or.jp/ccvi/,35.769101873703940,139.693585687727360
通所介護,板橋区,13119,株式会社ケアサービス　デイサービスセンター蓮根,株式会社ケアサービス,営利法人,1371904218,東京都板橋区坂下３－１１－１１,03-5914-6776,2004-08-01,,平日・土曜日・祝日,,http://www.care.co.jp/,35.787167600000000,139.679786899999950
通所介護,板橋区,13119,デイサービス　ヨウコー栄町,株式会社揚工舎,営利法人,1371905314,東京都板橋区栄町４－１１田中ビル,03-5944-3226,2006-03-01,,平日・土曜日・日曜日・祝日,20,http://rehabili-youko.com/,35.753742000000000,139.703391300000020
通所介護,板橋区,13119,仲町高齢者在宅サービスセンター,社会福祉法人奉優会,社会福祉法人（社協以外）,1371905389,東京都板橋区仲町２０－５,03-5966-7001,2006-04-01,,平日・土曜日・祝日,180,https://www.foryou.or.jp/corp2/nakachouday/,35.751247500000000,139.696289300000000
通所介護,板橋区,13119,医療法人社団健育会　ケアセンターけやき,医療法人社団健育会,医療法人,1371905926,東京都板橋区桜川２－１０－７,03-5922-6322,2007-06-01,,平日・土曜日・祝日,,http://www.takekawa.gr.jp/keyaki,35.758349100000000,139.679443399999970
通所介護,板橋区,13119,カルチャー倶楽部志村,株式会社ウェルファー,営利法人,1371906320,東京都板橋区相生町８－４　メゾングランパレ１Ｆ,03-6914-1699,2008-09-01,,平日・土曜日・祝日,30,http://www.power-age.jp,35.776455400000000,139.681867600000030
通所介護,板橋区,13119,株式会社ケアサービス　デイサービスセンター幸町,株式会社ケアサービス,営利法人,1371906429,東京都板橋区幸町４８－５,03-5986-2002,2008-12-01,,平日・土曜日・祝日,30,http://www.care.co.jp/,35.743106600000000,139.695728499999970
通所介護,板橋区,13119,デイサービスセンター友の里板橋,株式会社ティーシーエス,営利法人,1371906577,東京都板橋区板橋２－６５－１０恵和会サービスセンタービル３Ｆ,03-5944-3486,2009-05-01,,平日・土曜日・日曜日・祝日,,http://www.total-care-servise.co.jp,35.750595400000000,139.708735400000020
通所介護,板橋区,13119,健遊館　志村大黒湯,株式会社健遊館,営利法人,1371906593,東京都板橋区志村１－３５－３,03-5915-6355,2009-06-01,単独型,平日・土曜日・祝日,34,http://daikokuyu.kenyu.co.jp,35.775805800000000,139.693677699999970
通所介護,板橋区,13119,ニチイケアセンター赤塚,株式会社ニチイ学館,営利法人,1371906700,東京都板橋区赤塚１－１８－８,03-5968-5130,2009-10-01,,,,,,
通所介護,板橋区,13119,ヒューマンライフケア小松湯,ヒューマンライフケア株式会社,営利法人,1371906965,東京都板橋区南常盤台２－９－２コーポ小松,03-5917-9126,2010-07-01,,平日・土曜日・祝日,30,http://www.athuman.com,35.757277285886360,139.685979877909830
通所介護,板橋区,13119,デイサービスあいである　高島平,介護ジャパン株式会社,営利法人,1371907351,東京都板橋区高島平４－２３－１８,03-6904-1823,2011-04-01,,平日・土曜日・祝日,25,https://kaigojapan.co.jp/,35.789108100000000,139.652342099999940
通所介護,板橋区,13119,デイサービスひまわりⅣ見次,株式会社ひまわりサービス,営利法人,1371907773,東京都板橋区前野町３－４４－２,03-5914-5050,2012-01-01,,平日・土曜日・祝日,35,http://www.himawariservice.com/,35.771337000000000,139.693058400000040
通所介護,板橋区,13119,あずさわの里デイサービスセンター,社会福祉法人相愛福祉会,社会福祉法人（社協以外）,1371907989,東京都板橋区小豆沢４－１４－３,03-5970-5300,2012-06-01,,平日・土曜日・日曜日・祝日,43,http://www.kawatsuru-g.jp,35.781024700000000,139.701040700000020
通所介護,板橋区,13119,デイサービス　ソラストときわ台,株式会社ソラスト,営利法人,1371908102,東京都板橋区前野町１－２９－１０　３階,03-5914-6273,2012-08-01,,平日・土曜日・祝日,10,http://www.solasto.co.jp/,35.766179400000010,139.696197200000030
通所介護,板橋区,13119,ジョイリハ板橋大山,株式会社ヤマウチ,営利法人,1371908177,東京都板橋区大山金井町３９－１５,03-5964-5336,2012-09-01,,平日・土曜日・祝日,30,http://www.joyreha.co.jp/,35.746840000000000,139.704060900000060
通所介護,板橋区,13119,デイサービス　夢楽　志村坂下,株式会社我喜大笑,営利法人,1371908995,東京都板橋区坂下１－２１－１２プライムコート志村１Ｆ,03-5948-7291,2014-01-01,,平日・土曜日・祝日,35,http://www.yumeraku.net/simura/index.html,35.780729647155600,139.686506742327850
通所介護,板橋区,13119,デイサービス夢楽大山,株式会社我喜大笑,営利法人,1371909001,東京都板橋区大山西町４６－８プレデパルク３　１Ｆ,03-5926-7122,2014-01-01,,平日・土曜日・祝日,33,http://www.yumeraku.net/oyama/index.html,35.747136621435054,139.694715799405680
通所介護,板橋区,13119,リハビリセンター　ゴルディロックス,株式会社ゴルディロックス,営利法人,1371909100,東京都板橋区小茂根２－４－１３サンケイコーポ２０１号室,03-5926-5415,2014-04-01,,平日・祝日,,https://goldirocks.co.jp/,35.751623739402830,139.685233910298170
通所介護,板橋区,13119,ゆめふる上板橋店,株式会社やさしい手,営利法人,1371909340,東京都板橋区上板橋１－１２－２,05017538199,2014-09-01,,平日・土曜日・祝日,30,http://www.yasashiite.com,35.762809700000000,139.677343400000040
通所介護,板橋区,13119,クローバーのさと　デイサービス　カウピリ板橋,社会福祉法人明東会,社会福祉法人（社協以外）,1371909381,東京都板橋区仲町１－４,03-3957-1098,2014-10-01,,平日・土曜日・祝日,49,http://www.ims.gr.jp/clover/,35.751729590055260,139.699707218385380
通所介護,板橋区,13119,アズハイムテラス成増,株式会社アズパートナーズ,営利法人,1371909670,東京都板橋区成増１－２－３,03-3939-1870,2015-05-01,,平日・土曜日・祝日,40,http://www.as-heim.com,35.774012600000010,139.633996400000000
通所介護,板橋区,13119,デイサービスセンター　こころ,株式会社ベスト・ケアー,営利法人,1371909860,東京都板橋区大谷口北町２－８－１０１,03-6905-8188,2015-08-01,,平日・土曜日・祝日,30,http://www.bestcare-kaigo.jp/,35.752366599999995,139.691706299999960
通所介護,板橋区,13119,デイサービス　牌の彩板橋,株式会社アルバンケアサービス,営利法人,1371909928,東京都板橋区徳丸２－２７－１４サンパレス徳丸１階,03-6281-0410,2015-12-01,,平日・土曜日・祝日,24,https://www.alban-care.co.jp,35.774748900000000,139.663903099999970
通所介護,板橋区,13119,三園の里デイサービスセンター,社会福祉法人相愛福祉会,社会福祉法人（社協以外）,1371909951,東京都板橋区三園２－１５－２２,03-5967-1140,2015-12-01,,平日・土曜日・日曜日・祝日,30,http://www.kawatsuru-g.jp,35.796857800000000,139.642896300000000
通所介護,板橋区,13119,デイサービスセンターなごやか志村,なごやかケアリンク株式会社,営利法人,1371910199,東京都板橋区志村３－１４－８,03-5922-3340,2016-06-01,,平日・土曜日・祝日,32,http://www.nagoyaka-link.co.jp/club/shimura/,35.775447200000016,139.683698000000050
通所介護,板橋区,13119,ゆめの園　りふれ若葉デイサービスセンター,社会福祉法人ハッピーネット,社会福祉法人（社協以外）,1371910348,東京都板橋区若木３－１５－１,03-3935-5780,2016-10-01,,平日・祝日,,http://www.happynet.or.jp/,35.772358500000000,139.673685100000060
通所介護,板橋区,13119,デイサービス　ヨウコー板橋,株式会社ヨウコーフォレスト竹の塚,営利法人,1371910462,東京都板橋区板橋１－１０－１４,03-5943-2930,2016-12-01,,平日・土曜日・日曜日・祝日,,http://rehabili-youko.com/,35.746185200000000,139.717409800000040
通所介護,板橋区,13119,かがやきデイサービス板橋,株式会社やまねメディカル,営利法人,1371910538,東京都板橋区徳丸５－３－１１,03-6909-7274,2017-03-01,,平日・土曜日・祝日,56,http://www.ymmd.co.jp,35.776367960811626,139.656398711639400
通所介護,板橋区,13119,デイサービス　一笑苑,株式会社香楽園,営利法人,1371910694,東京都板橋区清水町６１－９,03-6338-0892,2017-10-01,,平日・土曜日・祝日,20,,35.766204700000000,139.707468400000040
通所介護,板橋区,13119,パナソニック　エイジフリーケアセンター板橋大山西町・デイサービス,パナソニックエイジフリー株式会社,営利法人,1371910728,東京都板橋区大山西町４１－１,03-5986-7055,2017-11-01,,平日・土曜日・祝日,,https://panasonic.co.jp/es/pesaf/,35.746281200000010,139.694195199999970
通所介護,板橋区,13119,アズハイム赤塚デイサービスセンター,株式会社アズパートナーズ,営利法人,1371910736,東京都板橋区赤塚８－１４－１０,03-3939-1156,2017-12-01,,平日・土曜日・祝日,,http://www.as-heim.com,35.783536600000010,139.646698199999950
通所介護,板橋区,13119,アースサポート志村,アースサポート株式会社,営利法人,1371910777,東京都板橋区東坂下２－４－１０,03-5392-9011,2018-02-01,,平日・土曜日・祝日,30,https://www.earthsupport.co.jp,35.783428899999980,139.688091764418000
通所介護,板橋区,13119,Ｌｅｔ’ｓリハ！板橋みなみ常盤台,株式会社桜十字,営利法人,1371911247,東京都板橋区南常盤台２－２１－５アプリーレ南常盤台１階,03-5926-8591,2019-03-01,,平日・祝日,,https://www.sakurajyuji.or.jp/service/dayservice/,35.757397200000000,139.684607400000000
通所介護,板橋区,13119,デイホームゆりの木板橋,株式会社日本エルダリーケアサービス,営利法人,1371911296,東京都板橋区清水町７９－２パールハイツ１階,03-5375-3560,2019-04-01,,平日・土曜日・祝日,,http://elderly.jp/yurinoki/home/itabashi/,35.765800400000000,139.704372100000000
通所介護,板橋区,13119,ＳＷＩＴＣＨ板橋,株式会社ＳＯＹＯＫＡＺＥ,営利法人,1371911387,東京都板橋区東坂下２－２２－１４,03-5916-0760,2019-07-01,,平日・土曜日・祝日,21,,35.789951800000000,139.685273700000040
通所介護,板橋区,13119,グリーンデイ板橋向原,介護ジャパン株式会社,営利法人,1371911445,東京都板橋区向原２－３５－２遠州屋ビル１Ｆ,03-6909-4423,2019-09-01,,平日・土曜日・祝日,,https://kaigojapan.co.jp/,35.742094500000000,139.681078600000000
通所介護,板橋区,13119,デイサービスセンター　ケアサポートいたばし,ケアサポート株式会社,営利法人,1371911536,東京都板橋区高島平７－１１－４,03-5968-1765,2020-02-01,,平日・土曜日・祝日,,https://www.care-support.biz/facillties/itabashi/,35.790144800000000,139.655740000000000
通所介護,板橋区,13119,ＲｅＨａＭｏ　板橋,株式会社ＭＫグループ,営利法人,1371911643,東京都板橋区徳丸３－１４－１４,03-6906-6101,2020-05-01,,平日,32,https://itbs.rehamo.jp/,35.770306000000000,139.657695000000000
通所介護,板橋区,13119,コンパスウォーク蓮根,株式会社ケイティー,営利法人,1371911668,東京都板橋区坂下２－１１－１１,03-5918-9418,2020-06-01,,平日・祝日,,https://kinoukaifuku.com/?p=3205,35.782049600000000,139.680602100000000
通所介護,板橋区,13119,ベストリハ板橋大山,ベストリハ株式会社,営利法人,1371911718,東京都板橋区大山東町１７－７ロイヤル大山　１０２号室,03-6915-5772,2020-09-01,,平日・土曜日・祝日,25,https://bestreha.com/,35.748629900000000,139.704258800000000
通所介護,板橋区,13119,みんなのリハビリデイサービス,株式会社ネクストリーム,営利法人,1371912047,東京都板橋区小茂根４－１－２恵林マンション1階,03-5986-1465,2021-12-01,,平日・祝日,,,35.748349600000000,139.678309300000000
通所介護,板橋区,13119,オリオンデイサービス,株式会社ヒコボシ,営利法人,1371912203,東京都板橋区清水町３８－１０アクアⅡ３階,03-6915-5251,2023-03-01,,平日・土曜日・祝日,,https://www.orion-ds.jp/,35.762977500000000,139.706235400000030
通所介護,板橋区,13119,こすもすリハビリデイサービス,株式会社ネクストリーム,営利法人,1371912229,東京都板橋区高島平７－４３－１７内田コーポ１０３,03-5968-4266,2023-04-01,,平日,,,35.792090400000000,139.658083000000000
通所介護,板橋区,13119,ＲｅＨａＭｏ　板橋　宮の下,株式会社ＭＫグループ,営利法人,1371912278,東京都板橋区徳丸３－３７－１７,03-6909-7077,2023-05-01,,平日,20,https://itbs.rehamo.jp/miyanoshita,35.775370000000000,139.659757299999970
通所介護,板橋区,13119,ウェルビスタ　ケアスタジオ　板橋富士見町,株式会社ＳＯＹＯＫＡＺＥ,営利法人,1371912310,東京都板橋区富士見町１７－１６メルヴェーユイイダ富士見町１階,03-5248-7791,2023-08-01,,平日,,https://www.sykz.co.jp/shisetsu-zaitaku/134781,35.761407399999996,139.698217500000000
通所介護,板橋区,13119,リハビリデイサービス　いろは,株式会社エムエクセレント,営利法人,1371912492,東京都板橋区前野町３－６－１０,09017300408,2024-08-01,,平日・土曜日・祝日,,,35.767220600000000,139.693700000000000
通所介護,板橋区,13119,百花リハビリデイサービス,株式会社ネクストリーム,営利法人,1371912526,東京都板橋区赤塚新町３－３２光が丘パークタウンゆりの木通り北１４－１０１,03-6904-3813,2024-09-01,,平日,,,35.769988000000000,139.639494000000000
通所介護,板橋区,13119,リハビリデイサービスｎａｇｏｍｉプラスときわ台店,株式会社ｎＣＳ,営利法人,1371912583,東京都板橋区常盤台３－２９－１７,03-5918-9730,2025-04-01,,平日・土曜日・祝日,100,https://ncs.my-nagomi.com,35.762574835332295,139.682535361376950
通所介護,板橋区,13119,みなみデイサービス小茂根,株式会社維新ネット,営利法人,1371912864,東京都板橋区小茂根２－２－３小茂根さつきハイム１階,03-5926-7611,2026-08-01,,,,,,
通所介護,練馬区,13120,デイサービスセンタ　テルウェル練馬,テルウェル東日本株式会社,営利法人,1371205947,東京都練馬区関町南４－１６－２０,03-6904-7381,2006-01-01,,平日・祝日,,http://telwel-kaigo.com/,35.722221035702994,139.571073461349130
通所介護,練馬区,13120,光陽苑,社会福祉法人泉陽会,社会福祉法人（社協以外）,1372000537,東京都練馬区西大泉５－２１－２,03-3923-5264,2000-02-01,,平日・土曜日・祝日,39,https://senyoukai.or.jp/,35.756760100000000,139.569597199999970
通所介護,練馬区,13120,第二光陽苑,社会福祉法人泉陽会,社会福祉法人（社協以外）,1372000602,東京都練馬区関町北５－７－２２,03-5991-9917,2000-02-01,,平日・土曜日・祝日,,https://senyoukai.or.jp/,35.732446207482610,139.571772698147580
通所介護,練馬区,13120,やすらぎ舎デイサービスセンター,社会福祉法人章佑会,社会福祉法人（社協以外）,1372001394,東京都練馬区大泉学園町７－１２－３２,03-5387-5577,2000-03-01,,平日・土曜日・祝日,,http://www.yasuragi1977.jp/,35.773033700000000,139.591364699999980
通所介護,練馬区,13120,やすらぎミラージュ　デイサービスセンター,社会福祉法人章佑会,社会福祉法人（社協以外）,1372001410,東京都練馬区大泉町　４－２４－７,03-5905-1191,2000-03-01,,平日・土曜日・祝日,40,http://www.yasuragi1977.jp,35.762715800000000,139.597467100000020
通所介護,練馬区,13120,練馬高松園デイサービスセンター,社会福祉法人東京福祉会,社会福祉法人（社協以外）,1372001600,東京都練馬区高松２－９－３,03-3926-8341,2000-05-01,,平日・土曜日・祝日,,http://www.tfk.or.jp/,35.746754392401215,139.630277555819700
通所介護,練馬区,13120,大泉学園デイサービスセンター,社会福祉法人福音会,社会福祉法人（社協以外）,1372002442,東京都練馬区大泉学園町２－２０－２１,03-5933-0742,2002-05-01,,平日・土曜日・祝日,35,http://www.fukuinkai.or.jp,35.759779700000000,139.587484899999940
通所介護,練馬区,13120,豊玉南しあわせの里デイサービスセンター,社会福祉法人安心会,社会福祉法人（社協以外）,1372003499,東京都練馬区豊玉南２－２６－６,03-5946-2323,2004-05-01,,平日・土曜日・祝日,40,https://anshinkai-gr.jp/anshinkai/toyotamaminamishiawasenosato,35.728682500000000,139.654413200000020
通所介護,練馬区,13120,さくら,有限会社ツノダシステム,営利法人,1372003887,東京都練馬区貫井４－４７－６１ＫＭエンゼルハイム中村橋１０１号,03-3577-5365,2004-11-01,,平日・土曜日・祝日,,,35.743958487801610,139.629908339881130
通所介護,練馬区,13120,練馬区立高野台デイサービスセンター,社会福祉法人安心会,社会福祉法人（社協以外）,1372004786,東京都練馬区高野台５－２４－１,03-5923-0831,2006-04-01,,平日,48,https://anshinkai-gr.jp/anshinkai/takanodaidayservice,35.746527100000000,139.609765800000000
通所介護,練馬区,13120,株式会社ケアサービス　デイサービスセンターさくら,株式会社ケアサービス,営利法人,1372004851,東京都練馬区桜台１－１２－５栖鳳ビル,03-5946-5530,2006-04-01,,平日・土曜日・祝日,34,http://www.care.co.jp/,35.739583796859290,139.662971210450700
通所介護,練馬区,13120,練馬区立錦デイサービスセンター,社会福祉法人練馬区社会福祉事業団,社会福祉法人（社協以外）,1372004919,東京都練馬区錦２－６－１４,03-3937-5031,2006-04-01,,平日・土曜日・祝日,,http://www.nerima-swf.jp/office/30?c=12,35.761598500000000,139.666205600000000
通所介護,練馬区,13120,大泉デイサービスセンター,社会福祉法人練馬区社会福祉事業団,社会福祉法人（社協以外）,1372004943,東京都練馬区東大泉２－１１－２１,03-5387-2201,2006-04-01,,平日・土曜日・祝日,,http://www.nerima-swf.jp/,35.751125500000000,139.596170400000000
通所介護,練馬区,13120,練馬区立豊玉デイサービスセンター,社会福祉法人練馬区社会福祉事業団,社会福祉法人（社協以外）,1372004950,東京都練馬区豊玉南３－９－１３,03-3993-1341,2006-04-01,,平日・土曜日・祝日,,http://www.nerima-swf.jp/service/tsusyo/toyotamaday/,35.727704700000000,139.652643899999930
通所介護,練馬区,13120,練馬区立土支田デイサービスセンター,社会福祉法人練馬区社会福祉事業団,社会福祉法人（社協以外）,1372004968,東京都練馬区土支田２－４０－１８,03-5387-6760,2006-04-01,,平日・土曜日・祝日,35,http://www.nerima-swf.jp/office/21?c=7,35.764243800000000,139.611396000000000
通所介護,練馬区,13120,練馬区立練馬デイサービスセンター,社会福祉法人練馬区社会福祉事業団,社会福祉法人（社協以外）,1372004992,東京都練馬区練馬２－２４－３,03-5984-1701,2006-04-01,,平日・土曜日・祝日,5,https://www.nerima-swf.jp/office/28?c=11,35.744116900000000,139.654140500000040
通所介護,練馬区,13120,富士見台デイサービスセンター,社会福祉法人練馬区社会福祉事業団,社会福祉法人（社協以外）,1372005007,東京都練馬区富士見台１－２２－４,03-5241-6010,2006-04-01,,平日・土曜日・祝日,,http://www.nerima-swf.jp/,35.733347800000000,139.621132699999970
通所介護,練馬区,13120,石神井クラシック・コミュニティ　そよ風,株式会社ＳＯＹＯＫＡＺＥ,営利法人,1372005239,東京都練馬区石神井台７－１６－１１,03-5927-5140,2006-08-01,,平日・土曜日・祝日,,http://www.sykz.co.jp,35.731244000000000,139.578383600000050
通所介護,練馬区,13120,カルチャー倶楽部練馬北町,株式会社ウェルファー,営利法人,1372006013,東京都練馬区北町２－３９－３　ダイエイビルディング１Ｆ,03-5939-6988,2008-01-01,,平日・土曜日・祝日,20,http://www.culture-club.net,35.768239300000000,139.662380699999970
通所介護,練馬区,13120,デイサービス　ほほえみ,有限会社イシワタ,営利法人,1372006096,東京都練馬区小竹町１－３５－４,03-5917-5766,2008-03-01,,平日,,https://ishiwata-kaigo.com,35.738253800000020,139.676763599999960
通所介護,練馬区,13120,パナソニック　エイジフリーケアセンター練馬春日町・デイサービス,パナソニックエイジフリー株式会社,営利法人,1372006138,東京都練馬区春日町３－３３－２７　サンヴェリー真野１Ｆ,03-3999-6505,2008-04-01,,平日・土曜日・日曜日・祝日,28,http://panasonic.biz/healthcare/elderlycare/,35.752898900000000,139.643635499999960
通所介護,練馬区,13120,ケアパートナー大泉,ケアパートナー株式会社,営利法人,1372007086,東京都練馬区西大泉６－１１－１,03-5947-2161,2010-03-01,,平日・土曜日・日曜日・祝日,64,https://www.care-partner.com/place/oizumi/,35.761609500000000,139.568927600000050
通所介護,練馬区,13120,ヒューマンライフケアあいぞめの湯,ヒューマンライフケア株式会社,営利法人,1372007342,東京都練馬区豊玉北６－７－２第二愛染ビル１階,03-5912-3358,2010-07-01,,平日・土曜日・日曜日・祝日,,http://kaigo.human-lifecare.jp/facilities/ds004_Aizome/summary.html,35.734011600000000,139.653120500000000
通所介護,練馬区,13120,ジョイリハＳＰＡ光ヶ丘,株式会社ヤマウチ,営利法人,1372007391,東京都練馬区田柄３－４－１４,03-3577-9211,2010-08-01,,平日・土曜日・祝日,310,http://www.okamoto-group.co.jp/joyreha/index.html,35.759970200000000,139.642299200000020
通所介護,練馬区,13120,練馬ケアセンターそよ風,株式会社ＳＯＹＯＫＡＺＥ,営利法人,1372008753,東京都練馬区北町５－３－６,03-5922-4165,2012-07-01,,平日・土曜日・日曜日・祝日,28,http://www.unimat-rc.co.jp/,35.762714700000000,139.655337100000000
通所介護,練馬区,13120,アズハイムテラス練馬,株式会社アズパートナーズ,営利法人,1372009108,東京都練馬区土支田２－２１－５,03-3867-3200,2012-12-01,,平日・土曜日・祝日,,http://www.as-heim.com,35.761677500000000,139.614234700000000
通所介護,練馬区,13120,ツクイ練馬春日町,株式会社ツクイ,営利法人,1372009389,東京都練馬区春日町２－９－３３,03-3577-9265,2013-05-01,,平日・土曜日・日曜日・祝日,60,http://www.tsukui.net,35.754561989235896,139.645631291540520
通所介護,練馬区,13120,デイサービス　ヨウコー練馬北町,株式会社ヨウコーアソシエイツ,営利法人,1372009835,東京都練馬区北町１－４４－３,03-5922-4131,2013-10-01,,平日・土曜日・祝日,,https://rehabili-youko.com,35.765653600000014,139.668688600000000
通所介護,練馬区,13120,かがやきデイサービス練馬大泉,株式会社やまねメディカル,営利法人,1372010254,東京都練馬区大泉町１－５１－９,03-5947-4802,2014-05-01,,平日・土曜日・祝日,,http://www.nagoyakaclub.jp/nerimaoizumi,35.769659600000004,139.603910499999980
通所介護,練馬区,13120,デイサービスセンター　ケアサポートねりま,ケアサポート株式会社,営利法人,1372010452,東京都練馬区南大泉１－２２－５０,03-6865-1165,2014-08-01,,平日・土曜日・祝日,,http://www.care-support.biz/,35.738003520363000,139.574136370639050
通所介護,練馬区,13120,マイ・ハート　リハ倶楽部　石神井公園,株式会社ライフアシスト,営利法人,1372011039,東京都練馬区石神井台２－１３－１４,03-5923-9576,2015-06-01,,平日・祝日,24,https://my-heart-club.com/,35.736227500000000,139.592437900000050
通所介護,練馬区,13120,エンジョイ音楽デイサービスひばり桜台,株式会社ひばりケア,営利法人,1372011088,東京都練馬区豊玉北４－１３－２－１０１,03-6914-6039,2015-08-01,,平日・土曜日・祝日,,http://hibari-care.jp/,35.736687299999986,139.659604100000020
通所介護,練馬区,13120,医療法人社団平真会　薬師堂デイサービスみのる,医療法人社団平真会,医療法人,1372011229,東京都練馬区富士見台３－５５－３　１階,03-6915-9622,2015-10-01,,平日・土曜日・祝日,90,https://sites.google.com/view/yakushidodayminoru、http://www.yakushido.jp/,35.739269300000000,139.621054700000060
通所介護,練馬区,13120,デイフォレスト練馬錦,スミリンフィルケア株式会社,営利法人,1372011344,東京都練馬区錦２－１３－１２,03-6281-0812,2016-03-01,,平日・土曜日・祝日,35,http://www.fillcare.co.jp/,35.762584499999990,139.666055900000000
通所介護,練馬区,13120,歌笑デイサービスセンター笑いの北町,株式会社ひばりケア,営利法人,1372011435,東京都練馬区北町１－１９－１５リュミエール１０５,03-6906-6090,2016-05-01,,平日・土曜日・祝日,,http://hibari-care.jp/,35.764298200000000,139.667455400000000
通所介護,練馬区,13120,デイサービスセンターなごやか練馬,なごやかケアリンク株式会社,営利法人,1372011450,東京都練馬区早宮１－３２－１２サンサン豊島園１Ｆ,03-5912-1025,2016-06-01,,平日・土曜日・祝日,29,http://www.nagoyaka-link.co.jp/club/nerima/,35.749755200000000,139.656476200000040
通所介護,練馬区,13120,ジョイリハプラス北町,株式会社ヤマウチ,営利法人,1372012250,東京都練馬区北町１－１１－１２,03-6913-0541,2017-12-01,,平日・土曜日・祝日,35,https://joyreha.co.jp/shop/%E3%82%B8%E3%83%A7%E3%82%A4%E3%83%AA%E3%83%8F%E3%83%97%E3%83%A9%E3%82%B9%E5%8C%97%E7%94%BA/,35.763798200000000,139.666080500000020
通所介護,練馬区,13120,らいおんハートリハビリ温泉デイサービス練馬,株式会社カスケード東京,営利法人,1372012300,東京都練馬区東大泉７－３６－１１大泉サンヒルズいがしら,03-5935-8035,2018-02-01,,平日・土曜日・祝日,,https://lion-heart.co/html/notfound.html,35.747044899999985,139.579794099999960
通所介護,練馬区,13120,ＳＯＭＰＯケア　桜台　デイサービス,ＳＯＭＰＯケア株式会社,営利法人,1372012557,東京都練馬区桜台２－２９－１１,03-5912-6701,2018-07-01,,平日・土曜日・祝日,,https://www.sompocare.com,35.743079016004550,139.665259742327860
通所介護,練馬区,13120,ゆとり庵,株式会社ゆとりな,営利法人,1372012615,東京都練馬区南大泉１－１３－１５,03-5935-6263,2018-08-01,,平日・土曜日・祝日,23,http://yutorina.org/,35.738856900000000,139.575169599999980
通所介護,練馬区,13120,デイサービス　スマイル大学,株式会社スマイルケアねりま,営利法人,1372012623,東京都練馬区高松２－１５－２２,03-5848-8315,2018-08-01,,平日・土曜日・祝日,30,https://www.smilecarenerima.jp/,35.748693500000000,139.632847600000000
通所介護,練馬区,13120,みちなかの里　南大泉店,株式会社維新ネット,営利法人,1372012748,東京都練馬区南大泉１－４８－１,03-5935-6382,2018-12-01,,平日・土曜日・日曜日・祝日,25,https://ameblo.jp/michinakashakujii/,35.743095200000000,139.573866800000020
通所介護,練馬区,13120,ルネサンス　元氣ジム練馬,株式会社ルネサンス,営利法人,1372012847,東京都練馬区豊玉中３－１７－６サンフラワー豊玉１階,03-5912-2855,2019-04-01,,平日・祝日,27,https://kaigo.s-re.jp/kg/store/,35.731640500000005,139.653983700000030
通所介護,練馬区,13120,シンシアリハビリデイサービス田柄店,株式会社シンシア,営利法人,1372012912,東京都練馬区田柄４－３３－２０,03-6909-9050,2019-05-01,,平日・祝日,490,http://hp.kaipoke.biz/zfu/131060/index_0004.html,35.767315599999996,139.639590199999930
通所介護,練馬区,13120,カインドケア練馬関町,カインドケア株式会社,営利法人,1372013316,東京都練馬区関町北４－１－６ハイクレスト関１階,03-5903-8330,2020-09-01,,平日・土曜日,,https://www.kind-care.biz,35.727834100000000,139.577683100000000
通所介護,練馬区,13120,リハビリデイサービスｎａｇｏｍｉプラス高松店,株式会社ｎＣＳ,営利法人,1372013571,東京都練馬区高松６－８－１９,03-5923-9919,2021-04-01,,平日・土曜日・祝日,216,https://ncs.my-nagomi.com,35.757584200000000,139.617318900000000
通所介護,練馬区,13120,富士見台ケアーズ,株式会社ケアギバー・ジャパン,営利法人,1372013696,東京都練馬区貫井４－１４－１５ＬＥＧＡＭＥ　１Ｆ,03-5848-6277,2021-07-01,,平日・土曜日・日曜日・祝日,,https://caregiver.co.jp/facility/day_fujimidai_cares.php,35.742568700000000,139.632531800000000
通所介護,練馬区,13120,ルネサンス　元氣ジム石神井公園,株式会社ルネサンス,営利法人,1372013720,東京都練馬区下石神井３－９－８,03-5910-3980,2021-08-01,,平日・祝日,27,http://www.s-re.jp,35.735281400000000,139.607380100000000
通所介護,練馬区,13120,デイサービス健楽　氷川台,株式会社トラストライフ,営利法人,1372013779,東京都練馬区氷川台４－２９－１コーポＳＳ１階１０１号室,03-6906-9917,2021-11-01,,平日・土曜日・日曜日・祝日,,http://trustlife2021.com,35.754616600000000,139.666021400000000
通所介護,練馬区,13120,株式会社ケアサービス　デイサービスセンター大泉学園,株式会社ケアサービス,営利法人,1372013837,東京都練馬区東大泉６－５２－５,03-5935-8122,2021-12-01,,平日・土曜日・祝日,,https://www.care.co.jp/office/ds_ooizumigakuen,35.749412900000010,139.585005700000000
通所介護,練馬区,13120,らいおんハートリハビリデイサービス光が丘,医療法人社団緑友会,医療法人,1372014165,東京都練馬区旭町１－８－７フォレスト上原１Ｆ,03-6904-2126,2022-08-01,,平日・土曜日・祝日,,,35.762558370909220,139.620173843768750
通所介護,練馬区,13120,ウェルビスタ　ケアスタジオ　練馬北町,株式会社ＳＯＹＯＫＡＺＥ,営利法人,1372014272,東京都練馬区北町３－１６－１０ソライエアイル練馬北町,03-5945-2061,2023-01-01,,平日,,https://www.sykz.co.jp/shisetsu-zaitaku/134711,35.764229800000000,139.657963100000000
通所介護,練馬区,13120,ジョイリハＳＰＡ東武練馬,株式会社ヤマウチ,営利法人,1372014462,東京都練馬区北町１－３５－３池上ビル１Ｆ,03-6906-6185,2023-07-01,,平日・祝日,,https://joyreha.co.jp/,35.766419100000000,139.666035500000000
通所介護,練馬区,13120,デイサービス　牌の彩　練馬,株式会社アルバンケアサービス,営利法人,1372014470,東京都練馬区貫井４－４５－１８,03-5933-9885,2023-07-01,,平日・祝日,,https://www.alban-care.co.jp/,35.744722500000000,139.625943600000000
通所介護,練馬区,13120,ビーナスプラス吉祥寺,株式会社ビーナス,営利法人,1372014512,東京都練馬区立野町１４－２１ライオンズマンション吉祥寺北１階,03-5903-8847,2023-09-01,,平日・祝日,19,,35.717171600000015,139.582713400000000
通所介護,練馬区,13120,ルネサンス元氣ジム大泉学園,株式会社ルネサンス,営利法人,1372014736,東京都練馬区大泉町４－３４－２７レーベンハウス大泉１Ｆ,03-5935-8782,2024-05-01,,平日・祝日,27,https://kaigo.s-re.jp/kg/,35.763298200000000,139.594506800000000
通所介護,練馬区,13120,デイサービスひまわり,医療法人社団真成会,医療法人,1372014785,東京都練馬区豊玉北１－１２－１６－２階、３階,03-5999-6355,2024-08-01,,平日・土曜日,33,http://www.shinseikai-cc.jp,35.764226400000000,139.665776800000000
通所介護,練馬区,13120,レッツ倶楽部練馬,株式会社コムウェル,営利法人,1372014959,東京都練馬区高松５－２１－５,03-6913-3211,2025-04-01,,平日・土曜日・祝日,,https://www.lets-club.jp/shop/nerima/,35.761068600000000,139.623186100000000
通所介護,練馬区,13120,みちなかの里　春日町店,株式会社維新ネット,営利法人,1372014983,東京都練馬区春日町６－１２－２０ラトールシノダ１Ｆ,03-5848-8465,2025-04-01,,平日・祝日,,https://ameblo.jp/kasugatyou4/,35.751104000000000,139.634061300000000
通所介護,練馬区,13120,らいおんハートデイサービス中村橋,株式会社カスケード東京,営利法人,1372015253,東京都練馬区中村南３－１９－１１,03-3926-8511,2026-04-01,,,,,,
通所介護,足立区,13121,デイサービスセンター六月,社会福祉法人聖風会,社会福祉法人（社協以外）,1372101434,東京都足立区六月１－６－１,03-5242-0301,2000-03-01,,平日・土曜日・祝日,25,http://www.seifuukai.or.jp/,35.785121600000000,139.800523300000000
通所介護,足立区,13121,高齢者在宅サービスセンター　西新井本町友興の園,社会福祉法人友興会,社会福祉法人（社協以外）,1372101459,東京都足立区西新井本町四丁目１３番１６号,03-3890-0705,2000-03-01,,平日・土曜日・祝日,35,https://yukokai.or.jp/gracehome/,35.773008800000000,139.778561800000030
通所介護,足立区,13121,足立区日の出デイ・サービスセンター,社会福祉法人東京蒼生会,社会福祉法人（社協以外）,1372101491,東京都足立区日ノ出町２７－３－１０１,03-3870-1121,2000-03-01,,平日・土曜日・祝日,,http://www.t-souseikai.or.jp/adachi2/nursing_hinode.html,35.751775899999990,139.808885599999940
通所介護,足立区,13121,社会福祉法人　愛寿会　西綾瀬在宅サービスセンター,社会福祉法人愛寿会,社会福祉法人（社協以外）,1372101525,東京都足立区西綾瀬３－２－１,03-5681-2020,2000-03-01,,平日・土曜日・祝日,,http://www.aijukai.com/,35.761763500000000,139.815656399999970
通所介護,足立区,13121,デイサービスセンターはなはた,社会福祉法人聖風会,社会福祉法人（社協以外）,1372101574,東京都足立区花畑四丁目３９番１０号,03-3885-4864,2000-04-01,,平日・土曜日・祝日,,http://www.seifuukai.or.jp,35.806363400000000,139.809833000000030
通所介護,足立区,13121,足立ケアコミュニティ　そよ風,株式会社ＳＯＹＯＫＡＺＥ,営利法人,1372101582,東京都足立区梅島２－３１－１４,03-5888-9260,2005-11-01,,平日・土曜日・日曜日・祝日,35,https://www.sykz.co.jp/,35.778289099999990,139.801723400000010
通所介護,足立区,13121,デイサービスセンターさくら,社会福祉法人足立邦栄会,社会福祉法人（社協以外）,1372101889,東京都足立区皿沼二丁目８番８号,03-5691-7150,2000-04-01,,平日・土曜日・祝日,,https://www.houeikai.gr.jp,35.790458900000000,139.768267700000020
通所介護,足立区,13121,高齢者在宅サービスセンター中央本町,社会福祉法人杉の子,社会福祉法人（社協以外）,1372102309,東京都足立区中央本町４－１４－２０,03-3886-0002,2001-04-01,,平日・土曜日・祝日,,https://s-suginoko.or.jp/,35.776447600000000,139.808522900000070
通所介護,足立区,13121,ウエルガーデン　伊興園,社会福祉法人ウエルガーデン,社会福祉法人（社協以外）,1372102366,東京都足立区伊興３－７－４,03-5691-9501,2001-05-01,,平日・土曜日・祝日,,https://welgarden.or.jp/facilities/ikoen/common-day-service/,35.792117277922660,139.783713361901870
通所介護,足立区,13121,デイサービスゆいまーる,株式会社トータルケアサービス加島,営利法人,1372102689,東京都足立区千住仲町１６－４ゆいまーるビル,03-3881-1250,2002-02-01,,平日・土曜日・祝日,48,http://www.kaigo-yuimaru.co.jp/,35.746531999999990,139.799147800000010
通所介護,足立区,13121,医療法人社団　容生会　デイサービス　ゆとり,医療法人社団容生会,医療法人,1372102945,東京都足立区保塚町１５－１９ようせいメディカルコート１Ｆ,03-5831-3190,2002-08-01,,平日・土曜日,40,http://www.yosei.or.jp,35.787504210833570,139.811406655854400
通所介護,足立区,13121,ツクイ足立西新井,株式会社ツクイ,営利法人,1372103711,東京都足立区西新井４－３８－２７,03-5839-3535,2003-10-01,,平日・土曜日・日曜日・祝日,10,http://www.tsukui.net,35.789840242293020,139.774993158051760
通所介護,足立区,13121,ケアセンターつどい　谷中,メディカル・ケア・プランニング株式会社,営利法人,1372104040,東京都足立区谷中３-８-１９,03-5613-8332,2004-03-01,,平日・土曜日・祝日,,http://www.mcp-net.jp,35.778542100000000,139.834845500000030
通所介護,足立区,13121,ふちえデイサービスセンター,株式会社明昭,営利法人,1372105096,東京都足立区保木間４－３１－１,03-5851-2300,2005-09-01,,平日・土曜日・祝日,20,,35.798220000000000,139.806425200000030
通所介護,足立区,13121,ツクイ足立入谷,株式会社ツクイ,営利法人,1372105179,東京都足立区入谷５－３－２,03-5839-6372,2005-10-01,,平日・土曜日・日曜日・祝日,,https://www.tsukui.net/home-care/2321/,35.802766100000000,139.764928400000000
通所介護,足立区,13121,デイサービスセンターハピネスあだち,社会福祉法人ファミリー,社会福祉法人（社協以外）,1372105443,東京都足立区江北３－１４－１,03-5839-1560,2006-04-01,,平日・土曜日・祝日,,http://family-wf.jp,35.774122100000000,139.763085400000020
通所介護,足立区,13121,デイサービスあおば　蜜柑の家,有限会社あおば,営利法人,1372105773,東京都足立区辰沼２－４－１７,03-5613-8911,2006-07-01,,平日・土曜日・祝日,24,https://aoba-day.co.jp/,35.787432600000000,139.835756400000040
通所介護,足立区,13121,百笑はるかぜ,社会福祉法人はとせふ,社会福祉法人（社協以外）,1372106094,東京都足立区東保木間１－１９－５,03-3883-8918,2007-01-01,,平日・祝日,30,http://www.haruhato.jp/,35.788818400000000,139.815844100000050
通所介護,足立区,13121,おしどりデイサービスセンター,医療法人社団福寿会,医療法人,1372106391,東京都足立区鹿浜７-２５-１５シャトーセブン鹿浜１階,03-5839-3371,2007-06-01,,平日・祝日,,http://fukujukaigr.or.jp,35.785553800000000,139.762901699999930
通所介護,足立区,13121,千住桜花苑,社会福祉法人聖風会,社会福祉法人（社協以外）,1372106425,東京都足立区千住元町１８－１９,03-5244-6884,2007-06-01,,平日・土曜日・祝日,,http://www.seifuukai.or.jp,35.755422500000000,139.793369799999940
通所介護,足立区,13121,株式会社ケアサービス　デイサービスセンターたくみ,株式会社ケアサービス,営利法人,1372106466,東京都足立区南花畑２－６－８,03-5851-1580,2007-07-01,,平日・土曜日・祝日,35,http://www.care.co.jp/,35.788757300000000,139.818929900000060
通所介護,足立区,13121,デイサービスえくぼ,有限会社えくぼ,営利法人,1372106557,東京都足立区保木間２－２３－２,03-3858-0450,2007-10-01,,平日・土曜日・日曜日・祝日,,http://www.ekubo-care.jp,35.794314900000000,139.807758499999980
通所介護,足立区,13121,株式会社ケアサービス　デイサービスセンター江北,株式会社ケアサービス,営利法人,1372106987,東京都足立区江北３－３８－２３,03-5838-2511,2008-11-01,,平日・土曜日・祝日,37,http://www.care.co.jp,35.777743699999990,139.761374299999940
通所介護,足立区,13121,ジョイリハ西新井,株式会社ヤマウチ,営利法人,1372107191,東京都足立区江北７－２２－１５,03-5838-1851,2009-06-01,,平日・土曜日・祝日,35,http://www.okamoto-group.co.jp/joyreha/,35.782520800000000,139.761490800000050
通所介護,足立区,13121,フィットネス　デイ　ハンド・イン・ハンド,株式会社ハンド・イン・ハンド,営利法人,1372107316,東京都足立区西新井５－１３－８,03-3855-9010,2009-09-01,,平日・祝日,,http://www.hand-in-hand.co.jp/,35.783474100000000,139.777389299999980
通所介護,足立区,13121,ニチイケアセンター中川,株式会社ニチイ学館,営利法人,1372107373,東京都足立区中川１－３－１０,03-5629-6721,2009-10-01,,平日・土曜日・日曜日・祝日,,http://www.nichiigakkan.co.jp,35.767266400000000,139.853199799999970
通所介護,足立区,13121,健遊館　大平湯,株式会社健遊館,営利法人,1372107811,東京都足立区青井６－２１－３,03-5888-3500,2010-11-01,,平日・土曜日・祝日,30,http://taiheiyu.kenyu.co.jp/,35.777955800000000,139.814105700000030
通所介護,足立区,13121,ハートデイサービスセンター,株式会社エイ・ブレイン,営利法人,1372107936,東京都足立区大谷田５－２８－１５,03-5856-0291,2011-04-01,,平日・祝日,80,http://www.ayaseheart.or.jp/abrain/,35.784151576985410,139.838767178851270
通所介護,足立区,13121,デイサービスセンター谷中翔裕園,社会福祉法人長寿村,社会福祉法人（社協以外）,1372107951,東京都足立区谷中１－１７－７,03-5613-5503,2011-04-01,,平日・土曜日・祝日,29,http://www.chojumura.or.jp,35.771548500000000,139.832104200000000
通所介護,足立区,13121,ベストリハ五反野,ベストリハ株式会社,営利法人,1372108272,東京都足立区足立３－７－１６グリーンパーク第５五反野１階,03-3880-1755,2011-09-01,,平日・土曜日・祝日,35,http://bestreha.com,35.763668700000000,139.809109600000060
通所介護,足立区,13121,ベストリハ西新井,ベストリハ株式会社,営利法人,1372108769,東京都足立区西新井栄町１－１７－２０レコシティ・プライム１階,03-3852-3171,2012-06-01,,平日・土曜日・祝日,40,http://www.bestreha.com,35.774609334891990,139.789266083114630
通所介護,足立区,13121,デイサービスきたえるーむ竹ノ塚,株式会社ヤマチコーポレーション,営利法人,1372109098,東京都足立区六月２－１－１,03-5856-4713,2013-01-01,,平日,30,http://kitaeroom.com/,35.785354900000000,139.797423600000000
通所介護,足立区,13121,ベストリハ北千住,ベストリハ株式会社,営利法人,1372109221,東京都足立区千住旭町９－１３宝マンション１階,03-5284-1150,2013-03-01,,平日・土曜日・祝日,29,http://www.bestreha.com/store/03/,35.747032100000000,139.808766500000050
通所介護,足立区,13121,ベストケア・デイサービスセンター足立六町,ベストケア株式会社,営利法人,1372109395,東京都足立区一ツ家３－１７－５プレミールタニノ１階,03-3885-7580,2013-05-01,,平日・土曜日・祝日,43,http://www.best-care.jp,35.780782299999990,139.811146000000040
通所介護,足立区,13121,癒しのデイサービス足立,株式会社リエイケア,営利法人,1372109684,東京都足立区青井５－１１－２７綾瀬グランドハイツ１階,03-5888-6548,2013-08-01,,平日・土曜日・祝日,45,http://www.riei.co.jp/communicare/,35.777631564336520,139.820522506082170
通所介護,足立区,13121,平成デイサービスセンター足立,社会福祉法人道心会,社会福祉法人（社協以外）,1372110120,東京都足立区入谷１－８－１５,03-3853-6800,2014-04-01,,平日・土曜日・祝日,22,http://www.adachi.tokuyou.jp,35.803657141533250,139.769815817196670
通所介護,足立区,13121,デイサービスセンター　ル・ソラリオン綾瀬,社会福祉法人敬仁会,社会福祉法人（社協以外）,1372110716,東京都足立区東綾瀬３－９－１,03-5613-1176,2015-04-01,,平日・土曜日・祝日,24,https://www.med-wel.jp,35.769821100000000,139.834803999999960
通所介護,足立区,13121,デイサービス絆の家,合同会社愛心倶楽部,営利法人,1372110948,東京都足立区佐野２－３２－１４－１０２号,03-5856-2352,2015-07-01,,平日・祝日,19,https://kizunanoie.hp.peraichi.com/site,35.788857499999985,139.837231299999980
通所介護,足立区,13121,セカンドジムプラス　西新井,株式会社プレジデントガーデン,営利法人,1372111243,東京都足立区西新井４－３１－１４,03-5647-5600,2016-01-01,,平日・土曜日・祝日,45,http://plus.2-gym.com,35.787637600000000,139.779200200000000
通所介護,足立区,13121,株式会社ケアサービス　デイサービスセンター島根,株式会社ケアサービス,営利法人,1372112332,東京都足立区島根４－５－２４,03-5831-0211,2018-05-01,,平日・土曜日・祝日,40,,35.782308100000000,139.794576700000000
通所介護,足立区,13121,サンライズのデイサービス陽光,サンライズ・メイト・バート株式会社,営利法人,1372112514,東京都足立区西綾瀬２－７－６レミカーサ１階,03-6807-2600,2018-09-01,,平日・土曜日,20,http://www.samaba.jp,35.763643800000000,139.813856399999960
通所介護,足立区,13121,ベストリハステイ西新井,ベストリハ株式会社,営利法人,1372112621,東京都足立区加賀２－２－２,03-5837-4672,2018-12-01,,平日・土曜日・祝日,30,https://service.bestreha.com/facility/facility-18588/,35.790898776578835,139.760953151626300
通所介護,足立区,13121,ａｋａｒｉ舎人,株式会社ヒューマンサポート,営利法人,1372112670,東京都足立区舎人５－２－２１,03-6807-1273,2019-02-01,,平日・祝日,,http://humansupport-welfare.co.jp,35.809558500000000,139.768063300000000
通所介護,足立区,13121,デイホームゆりの木竹ノ塚,株式会社日本エルダリーケアサービス,営利法人,1372112886,東京都足立区竹の塚２－２３－５ヴィルヌーブ１階,03-3885-7191,2019-04-01,,平日・土曜日・日曜日・祝日,,http://www.elderly.jp,35.790876100000000,139.794240900000000
通所介護,足立区,13121,ルネサンス　元氣ジム綾瀬,株式会社ルネサンス,営利法人,1372113074,東京都足立区綾瀬６－５－１２アドラブール綾瀬１階,03-5849-6760,2020-03-01,,平日・祝日,27,https://kaigo.s-re.jp/kg/,35.768906500000010,139.824283599999970
通所介護,足立区,13121,コンパスウォーク保木間,株式会社フォー・ツリーズ,営利法人,1372113157,東京都足立区保木間１－１９－２,03-5856-6649,2020-05-01,,平日・祝日,35,https://keigo-group.co.jp/shop/tokyoto/10985/,35.791463100000000,139.802855400000000
通所介護,足立区,13121,シンシア足立,株式会社グローバル総合研究所,営利法人,1372113215,東京都足立区扇２－４２－８,03-5647-0968,2020-06-01,,平日・土曜日・祝日,,https://www.sincere-gri.com/044_adachids/index.html,35.768310015726065,139.769194336770620
通所介護,足立区,13121,コンパスウォーク北綾瀬,株式会社フォー・ツリーズ,営利法人,1372113355,東京都足立区神明南２－１２－１３,03-6320-8981,2021-01-01,,平日・祝日,,https://kinoukaifuku.com/?p=4107,35.789137700000000,139.832154500000000
通所介護,足立区,13121,ジョイリハプラス大師前,株式会社ヤマウチ,営利法人,1372113504,東京都足立区栗原３－１０－１９－１０９,03-6806-3351,2021-04-01,,平日・祝日,30,https://joyreha.co.jp/shop/%e3%82%b8%e3%83%a7%e3%82%a4%e3%83%aa%e3%83%8f%e3%83%97%e3%83%a9%e3%82%b9%e5%a4%a7%e5%b8%ab%e5%89%8d/,35.778315500000000,139.783201800000000
通所介護,足立区,13121,クレア足立デイサービスセンター,株式会社元気な介護,営利法人,1372113587,東京都足立区入谷２－１９－１０,03-5647-8050,2021-07-01,,平日・土曜日・祝日,,,35.809125300000000,139.763371100000000
通所介護,足立区,13121,デイサービス　さぽると,株式会社ＡＣＱＵＡ＆ＳＵＰＰＯＲＴＯ,営利法人,1372113785,東京都足立区栗原１－１４－１９宮内サンハイツＡ棟１階,03-5831-5485,2022-06-01,,平日・祝日,,https://a-supporto.com/,35.781270600000000,139.789039800000000
通所介護,足立区,13121,リハプライド　足立区入谷,株式会社ＨＡＲＵ,営利法人,1372114007,東京都足立区入谷２－１９－１４ホワイトハイツ市川　１Ｆ店舗（１０１号室）,03-5647-6146,2023-04-01,,平日・祝日,,,35.809404400000010,139.763344900000000
通所介護,足立区,13121,ヒューマンライフケア西新井,ヒューマンライフケア株式会社,営利法人,1372114213,東京都足立区栗原１－２５－８ジュナラル１階,03-6853-5651,2023-09-01,,平日・土曜日・祝日,23,https://kaigo.human-lifecare.jp/facilities/ds014_NishiArai/summary.html,35.781330736652530,139.791242617196620
通所介護,足立区,13121,こまどりデイサービスセンター関原,医療法人社団福寿会,医療法人,1372114387,東京都足立区関原３－１－１１－３階,03-5888-5900,2024-03-01,,平日・土曜日・祝日,,https://www.fukujukaigr.or.jp/shisetsu/komadori-dayservice-sekihara/,35.769870000000000,139.791669900000000
通所介護,足立区,13121,デイサービスセンター　ｏｎｅＨｅａｒｔ,株式会社ＮＥＸＴＯｎｅ,営利法人,1372114775,東京都足立区花畑３－１２－４メゾンクレール１Ｆ,03-5851-6033,2025-06-01,,平日・土曜日・祝日,,https://nextone-hanahata.com/,35.801976800000000,139.813317500000000
通所介護,足立区,13121,デイサービスセンター福寿あだち保木間,株式会社日本アメニティライフ協会,営利法人,1372114981,東京都足立区保木間５－１６－１２,03-5851-2274,2025-12-01,,,,,,
通所介護,足立区,13121,まゆら北綾瀬店,ＡＬ１株式会社,営利法人,1372115079,東京都足立区北加平町９－２５ユヌ・リュミエール１階,03-5809-4561,2026-03-01,,平日・祝日,,https://mayura-al1.com/,35.785482600000000,139.830983400000000
通所介護,足立区,13121,ヒーローいきいき,合同会社認知症総合研究所,営利法人,1372115194,東京都足立区谷中３－２０－１２,03-3605-7826,2026-04-01,,,,,,
通所介護,足立区,13121,デイサービスセンターエクラシア足立保木間,株式会社エクラシア,営利法人,1372115236,東京都足立区保木間５－２４－４０,05068619190,2026-06-01,,,,,,
通所介護,足立区,13121,デイサービスセンター　バンビ　足立店,株式会社ワールドケアサービス,営利法人,1372205276,東京都足立区神明南１－３－１５,03-5856-2930,2011-11-01,,平日・土曜日・祝日,25,http://wcs-bambi.jp/,35.787959909710350,139.829095185952700
通所介護,葛飾区,13122,こまどり・フェニックスデイサービスセンター亀有,医療法人社団福寿会,医療法人,1372101772,東京都葛飾区新宿４－２－２,03-5672-9741,2000-04-01,,平日・祝日,30,http://www.fukujukaigr.or.jp/,35.761594437130020,139.859543226126020
通所介護,葛飾区,13122,かつしかケアセンター,社会福祉法人仁生社,社会福祉法人（社協以外）,1372200772,東京都葛飾区西水元４－５－１,03-3607-4060,2000-01-04,,平日・土曜日・祝日,,http://www.jinseisya.jp,35.793998500000000,139.845980599999960
通所介護,葛飾区,13122,奥戸在宅サービスセンター,社会福祉法人仁生社,社会福祉法人（社協以外）,1372200780,東京都葛飾区奥戸三丁目２５番１号,03-5670-1269,2001-04-01,,平日・土曜日・祝日,,,35.732173300000000,139.862775999999940
通所介護,葛飾区,13122,水元在宅サービスセンター,社会福祉法人仁生社,社会福祉法人（社協以外）,1372200806,東京都葛飾区水元１－２６－２０,03-3607-7881,2001-04-01,,平日・土曜日・祝日,,http://www.jinseisha.jp,35.783544500000000,139.859771300000030
通所介護,葛飾区,13122,東新小岩在宅サービスセンター,社会福祉法人仁生社,社会福祉法人（社協以外）,1372200814,東京都葛飾区東新小岩三丁目８番６号１０１,03-5698-1611,2002-04-01,,平日・土曜日・祝日,40,http://www.jinseisha.jp/top/index.htm,35.721654900000000,139.859918500000050
通所介護,葛飾区,13122,亀有在宅サービスセンター,社会福祉法人仁生社,社会福祉法人（社協以外）,1372200822,東京都葛飾区亀有１－１０－１４－１０１,03-5680-5001,2002-04-01,,平日・土曜日・祝日,45,https://jinseisha.com/kameari_zaitaku/,35.757382519313660,139.848222830688400
通所介護,葛飾区,13122,東四つ木在宅サービスセンター,社会福祉法人厚生福祉会,社会福祉法人（社協以外）,1372200848,東京都葛飾区東四つ木四丁目４４番２号１０１,03-5670-3531,2000-01-04,,平日・土曜日・祝日,30,https://care-net.biz/13/higashiyotugi/,35.734706400000000,139.841203200000000
通所介護,葛飾区,13122,西新小岩在宅サービスセンター,社会福祉法人清遊の家,社会福祉法人（社協以外）,1372200913,東京都葛飾区西新小岩３－３７－２７,03-5670-1666,2000-02-01,,平日・土曜日,,http://www.seiyunoie.or.jp/,35.722746200000000,139.846817000000000
通所介護,葛飾区,13122,新宿在宅サービスセンター,社会福祉法人すこやか福祉会,社会福祉法人（社協以外）,1372201499,東京都葛飾区新宿３－４－１０,03-5648-8250,2001-04-01,,平日・土曜日・日曜日・祝日,45,http://www.sukoyaka-fu.or.jp/jigyosho/day/sinjyuku.html,35.758992300000000,139.862038500000040
通所介護,葛飾区,13122,ニチイケアセンターせせらぎ,株式会社ニチイ学館,営利法人,1372201549,東京都葛飾区細田２－２－４,03-5671-8801,2001-05-01,,平日・土曜日・祝日,32,http://www.nichiigakkan.co.jp,35.739553000000000,139.865480899999970
通所介護,葛飾区,13122,癒しの里青戸　デイサービスセンター,社会福祉法人三幸福祉会,社会福祉法人（社協以外）,1372201788,東京都葛飾区青戸８－１８－１３,03-5629-5843,2002-04-01,,平日・土曜日・日曜日・祝日,32,http://www.sanko-fukusi.or.jp,35.758500800000000,139.853666900000000
通所介護,葛飾区,13122,友愛デイサービス,有限会社友愛,営利法人,1372202075,東京都葛飾区東四つ木３－３８－１２,03-3692-8075,2002-12-01,,平日・土曜日・祝日,20,http://www1.odn.ne.jp/yu-ai/,35.730956600000000,139.838023199999950
通所介護,葛飾区,13122,デイサービスセンターかつしか苑,社会福祉法人葛飾会,社会福祉法人（社協以外）,1372202380,東京都葛飾区白鳥二丁目９番１８号,03-6662-2220,2003-06-01,,,,,,
通所介護,葛飾区,13122,癒しの森　堀切,株式会社癒しの森,営利法人,1372202554,東京都葛飾区堀切１－２０－２０,03-5672-1732,2003-11-01,,平日・土曜日・祝日,,https://www.iyashi-m.jp,35.738519800000000,139.830540299999940
通所介護,葛飾区,13122,デイサービスセンターすこやか,社会福祉法人すこやか福祉会,社会福祉法人（社協以外）,1372202620,東京都葛飾区青戸３－１３－１９,03-5650-3826,2004-01-01,,平日・土曜日・祝日,35,http://www.sukoyaka-fu.or.jp,35.747685400000000,139.849823600000040
通所介護,葛飾区,13122,ツクイ葛飾細田,株式会社ツクイ,営利法人,1372202679,東京都葛飾区細田３－１－４,03-5612-1230,2004-03-01,,平日・土曜日・日曜日・祝日,60,https://www.tsukui.net,35.740158200000000,139.867366000000000
通所介護,葛飾区,13122,ケアリゾート　お茶のみともだち,株式会社サンハート,営利法人,1372202927,東京都葛飾区細田４－２－８,03-5693-9269,2004-11-01,,平日・土曜日・祝日,43,http://www.sunheart-care.jp/ochanomi.html,35.741030599999990,139.872194100000000
通所介護,葛飾区,13122,ジョイリハＳＰＡ新小岩,株式会社ヤマウチ,営利法人,1372203008,東京都葛飾区奥戸８－７－３　１Ｆ,03-5672-2031,2004-12-01,,平日・土曜日・祝日,35,http://www.okamoto-group.co.jp/joyreha/,35.735125800000000,139.867439300000000
通所介護,葛飾区,13122,ウェル森永　デイサービス和,株式会社ウェル森永,営利法人,1372203065,東京都葛飾区西新小岩４－８－１　コーポマスダ１Ｆ,03-5671-7530,2005-02-01,,平日・土曜日・祝日,,https://www.wel-morinaga.co.jp/,35.721757500000010,139.850039000000040
通所介護,葛飾区,13122,きらら介護サービス,株式会社グッドスタッフ,営利法人,1372203198,東京都葛飾区小菅３－５－１４,03-5629-1235,2005-04-01,,平日・土曜日・祝日,30,http://kirara-kaigo.net/,35.755021033960100,139.821872286231100
通所介護,葛飾区,13122,デイサービストーリツ　新小岩,株式会社トーリツ,営利法人,1372203255,東京都葛飾区東新小岩７－３１－１１,03-5671-8102,2005-06-01,,平日・土曜日・祝日,40,http://www.to-ritsu.co.jp,35.725568400000000,139.857335199999970
通所介護,葛飾区,13122,ＤａｙＲｏｏｍエフ・ティー介護,株式会社エフ・ティー介護サービス,営利法人,1372203479,東京都葛飾区金町３－２１－１２,03-5660-0268,2006-01-01,,平日・土曜日・祝日,,,35.767238100000000,139.874276199999940
通所介護,葛飾区,13122,株式会社　ケアサービス　デイサービスセンター堀切,株式会社ケアサービス,営利法人,1372203743,東京都葛飾区堀切７－８－１８,03-5629-3855,2006-08-01,,平日・土曜日・祝日,100,http://www.care.co.jp/,35.754100900000000,139.830547400000000
通所介護,葛飾区,13122,亀有デイサービスさくらんぼ,社会福祉法人北養会,社会福祉法人（社協以外）,1372203826,東京都葛飾区亀有３－３４－１０,03-5650-5335,2007-01-01,,平日・土曜日・日曜日・祝日,28,https://hokuyoukai.jp/ds-sakuranbo/,35.764230500000000,139.849725300000040
通所介護,葛飾区,13122,デイサービスあおぞら,株式会社青空,営利法人,1372203982,東京都葛飾区柴又３－６－１８,03-5648-5888,2007-08-01,,平日・土曜日・祝日,24,https://www.aozora2007.com,35.761346837659650,139.871494302082600
通所介護,葛飾区,13122,癒しのデイサービス葛飾,株式会社リエイケア,営利法人,1372204204,東京都葛飾区奥戸２－１６－７　米山ビル３０１号室,03-5672-2631,2008-06-01,,平日・土曜日・祝日,48,http://www.c-24.jp/,35.735728500000000,139.856470800000000
通所介護,葛飾区,13122,ニチイケアセンター奥戸,株式会社ニチイ学館,営利法人,1372204618,東京都葛飾区奥戸５－１６－１０,03-5698-7061,2009-10-01,,平日・土曜日・祝日,,http://www.nichiigakkan.co.jp,35.731987300000000,139.866706199999950
通所介護,葛飾区,13122,癒しの森　いきいきデイ,株式会社癒しの森,営利法人,1372204832,東京都葛飾区南水元１－１１－７,03-5648-7184,2010-05-01,,平日・土曜日・祝日,,https://www.iyashi-m.jp/,35.790656411104970,139.853959047393520
通所介護,葛飾区,13122,いろりの里,株式会社いろり,営利法人,1372204931,東京都葛飾区堀切１－２３－２１,03-5654-7178,2010-08-01,,平日・土曜日・祝日,30,,35.740336000000000,139.829915700000000
通所介護,葛飾区,13122,デイサービス茶々,合同会社はつらつ本舗,営利法人,1372204964,東京都葛飾区西亀有１－２－１３,03-5680-8272,2010-09-01,,平日・土曜日・祝日,34,https://www.chacha-dayservice.com,35.756625700000000,139.837263099999970
通所介護,葛飾区,13122,デイサービスリゾート　ハナマウイ　パームス,株式会社ハナマウイ,営利法人,1372205094,東京都葛飾区立石５－４－７,03-5654-6539,2011-04-01,,平日・土曜日・祝日,45,http://hanamaui.co.jp,35.743709101580656,139.844641337434350
通所介護,葛飾区,13122,デイサービス　ヨウコー新小岩,株式会社揚工舎,営利法人,1372205300,東京都葛飾区新小岩１－２６－１９,03-5879-6760,2011-12-01,,平日・土曜日・日曜日・祝日,20,http://rehabili-youko.com,35.715094300000000,139.856971899999960
通所介護,葛飾区,13122,デイサロンむさしの郷,株式会社愛和,営利法人,1372205318,東京都葛飾区細田４－３－９,03-3673-0634,2011-12-01,,平日・土曜日・祝日,30,http://www.aiwa-fukushi.com,35.741638900000010,139.871966299999940
通所介護,葛飾区,13122,デイサービスこの道,有限会社ライフステージ,営利法人,1372205581,東京都葛飾区細田５－１７－１０,03-6657-8370,2012-09-01,,平日・土曜日・祝日,25,https://www.lifestage-tokyo.jp,35.737464800000000,139.876076800000000
通所介護,葛飾区,13122,ほのぼのデイホーム　燈,株式会社ほのぼの,営利法人,1372205615,東京都葛飾区金町１－２３－１６,03-5648-2558,2012-09-01,,平日・土曜日・日曜日・祝日,,http://hp.kaipoke.biz/yg3/,35.761725100000000,139.868762899999980
通所介護,葛飾区,13122,デイサービス　フルール細田,スミカフルール・ケア株式会社,営利法人,1372205722,東京都葛飾区細田１－１６－９,03-5889-8732,2012-11-01,,平日・祝日,26,http://smica-fleur.com,35.740230029389370,139.870211636106900
通所介護,葛飾区,13122,ミアヘルサ　デイサービス東新小岩,ミアヘルサ株式会社,営利法人,1372206373,東京都葛飾区東新小岩４－１１－１０,03-5654-7462,2014-04-01,,平日・土曜日・祝日,35,http://www.merhalsa.jp,35.725871200000000,139.861801400000000
通所介護,葛飾区,13122,ベストリハ立石,ベストリハ株式会社,営利法人,1372206555,東京都葛飾区立石８－４３－８コージュ立石１階,03-5671-0161,2014-08-01,,平日・土曜日・祝日,30,http://www.bestreha.com/,35.739587378777280,139.857374076057450
通所介護,葛飾区,13122,デイサービスきたえるーむ西亀有,株式会社リバティホーム,営利法人,1372206662,東京都葛飾区西亀有１－１４－４レクセル綾瀬１Ｆ,03-6662-4685,2014-09-01,,平日・土曜日,,http://kitaeroom.com/,35.756642400000000,139.838460200000000
通所介護,葛飾区,13122,デイサービスあゆみ,株式会社ソラスト,営利法人,1372207363,東京都葛飾区東新小岩８－８－１１,03-5672-2678,2016-02-01,,平日・土曜日・祝日,,http://www.solasto.co.jp,35.727184800000000,139.849416499999960
通所介護,葛飾区,13122,デイサービスセンターなごやか新小岩,なごやかケアリンク株式会社,営利法人,1372207512,東京都葛飾区新小岩１－３３－９　栄大ビル１階,03-5678-5828,2016-06-01,,平日・土曜日・祝日,30,https://www.nagoyaka-link.co.jp/club/shinkoiwa/,35.714812400000000,139.859176828836100
通所介護,葛飾区,13122,デイサービスセンターなごやか亀有,なごやかケアリンク株式会社,営利法人,1372207520,東京都葛飾区亀有５－３４－６レジデンス・フォンテーヌ１階,03-5697-9350,2016-06-01,,平日・土曜日・祝日,38,http://www.nagoyaka-link.co.jp,35.767257900000000,139.848264100000050
通所介護,葛飾区,13122,ＳＯＭＰＯケア　ハッピーデイズ立石,ＳＯＭＰＯケア株式会社,営利法人,1372207660,東京都葛飾区立石２－１６－３,03-6657-6105,2017-03-01,,平日・祝日,,https://www.sompocare.com,53.412910000000000,-8.243889999999964
通所介護,葛飾区,13122,わたんくる新小岩,医療法人社団靖元会,医療法人,1372207678,東京都葛飾区新小岩４－１１－１１,03-5879-4472,2017-03-01,,平日・土曜日・祝日,25,https://www.watancl.com/,35.718172000000020,139.862154499999970
通所介護,葛飾区,13122,生活リハビリデイサービス　りふり,シグニフィ株式会社,営利法人,1372207918,東京都葛飾区柴又５－１０－１コスモ柴又１Ｆ,03-6801-7741,2018-03-01,,平日・土曜日,,http://rifuri.jp/,35.753066100000000,139.878207599999970
通所介護,葛飾区,13122,ベストリハ小岩,ベストリハ株式会社,営利法人,1372207991,東京都葛飾区細田４－３７－１６永福ハイム細田１階,03-5694-0206,2018-05-01,,平日・土曜日・祝日,50,http://bestreha.com,35.744107500000010,139.873566699999970
通所介護,葛飾区,13122,脳トレ麻雀デイサービス・ウェルチャオ西亀有,株式会社スリアロプロダクツ,営利法人,1372208015,東京都葛飾区西亀有２－２０－５ミューズ綾瀬１階,03-6662-7825,2018-07-01,,平日・土曜日・日曜日・祝日,24,https://www.welchao.com/,35.762271179858320,139.832137028547860
通所介護,葛飾区,13122,ルネサンス 元氣ジム青砥,株式会社ルネサンス,営利法人,1372208106,東京都葛飾区青戸５－３１－８,03-5629-0177,2018-12-01,,平日・祝日,27,https://kaigo.s-re.jp,35.748110400000016,139.855731200000040
通所介護,葛飾区,13122,ツクイ葛飾柴又,株式会社ツクイ,営利法人,1372208114,東京都葛飾区新宿３－３２－１１,03-3826-6201,2018-12-01,,平日・土曜日・日曜日・祝日,,http://www.tsukui.net/,35.757743100000000,139.867269099999930
通所介護,葛飾区,13122,ベストリハ亀有,ベストリハ株式会社,営利法人,1372208189,東京都葛飾区亀有３－１１－１Ｄ´ｓ ＶＡＲＩＥ 亀有レジデンス,03-3601-3236,2019-03-01,,平日・土曜日・祝日,,https://bestreha.com/,35.763505200000000,139.847236000000070
通所介護,葛飾区,13122,シルバー茶論　パークハイム,株式会社シルバー茶論,営利法人,1372208254,東京都葛飾区堀切７－７－１７,03-6662-5912,2019-06-01,,平日・土曜日・日曜日・祝日,,http://silver-salons.com,35.754602200000000,139.830304399999930
通所介護,葛飾区,13122,菜の花葛飾デイサービス,株式会社いずみ,営利法人,1372208304,東京都葛飾区奥戸９－１６－２,03-3657-1970,2019-12-01,,平日・土曜日・日曜日・祝日,45,https://katsushika.nanohana-group.net/,35.737625699999995,139.869500900000000
通所介護,葛飾区,13122,デイサービスセンターウェルフォース白鳥,株式会社ウェルフォース,営利法人,1372208585,東京都葛飾区白鳥２－１０－７,03-6662-5285,2021-02-01,,平日・土曜日・日曜日・祝日,,,35.748559900000000,139.844008200000000
通所介護,葛飾区,13122,生活リハビリデイサービス　りふり亀有店,シグニフィ株式会社,営利法人,1372208866,東京都葛飾区亀有４－３２－７足立屋ビル１Ｆ,03-5647-7066,2022-08-01,,平日・土曜日,30,https://kameari-d.rifuri.jp/,35.764335700000000,139.843951900000000
通所介護,葛飾区,13122,ミモザ葛飾奥戸,ミモザ株式会社,営利法人,1372208882,東京都葛飾区奥戸７－１６－８,03-5654-9551,2022-08-01,,平日・土曜日・祝日,,https://mimoza-care.com/facility/day-service/post-1115/,35.738158400000000,139.863182500000000
通所介護,葛飾区,13122,ＢＥＳＴジム花瑞季,株式会社ベスト・ケアー,営利法人,1372209500,東京都葛飾区細田４－４０－９,03-6657-8878,2025-04-01,,平日・土曜日,70,https://hanamizuki-web.jimdosite.com/,35.743112272017680,139.874630647885140
通所介護,葛飾区,13122,エバーウォークお花茶屋,株式会社エバーウォーク,営利法人,1372209534,東京都葛飾区お花茶屋１－１５－８みつやビル１階,03-6662-7626,2025-09-01,,平日・祝日,25,https://everwalk.net/shop/ohana-chaya,35.748874399999984,139.839511000000000
通所介護,葛飾区,13122,エバーウォーク金町,株式会社エバーウォーク,営利法人,1372209542,東京都葛飾区金町４－１－９久間ビル１階,03-5876-4271,2025-09-01,,平日,,https://everwalk.net/,35.763694800000000,139.863679900000000
通所介護,葛飾区,13122,エルケア　ヒーロー,株式会社ｅｌｌｉｐｓｅ,営利法人,1372209666,東京都葛飾区奥戸４－２３－２６ＫＹビル１Ｆ,03-5672-1105,2026-02-01,,平日・土曜日・祝日,,,35.727921762519120,139.869097127647400
通所介護,葛飾区,13122,アルクラボ水元,株式会社ＰｒｕｎＺＣａｒＥ,営利法人,1372209682,東京都葛飾区西水元１－２１－６ＭＥＲ弐番館１Ｆ－Ｂ,03-5876-9555,2026-03-01,,平日・土曜日・祝日,,https://www.prunzcare.com/cont1/9.html,35.782495599999990,139.851841600000000
通所介護,江戸川区,13123,小岩デイサービスセンター,社会福祉法人厚生会,社会福祉法人（社協以外）,1372300507,東京都江戸川区南小岩５－１１－１０,03-5694-0101,1999-12-01,,平日・土曜日・祝日,,https://www.koiwahome.com/,35.724868900000000,139.879769099999980
通所介護,江戸川区,13123,清心苑ケアセンター,社会福祉法人健修会,社会福祉法人（社協以外）,1372300614,東京都江戸川区西一之江４－９－２４,03-3655-5963,2000-02-01,,平日・土曜日・祝日,25,http://kenshukai.kir.jp/,35.695619600000000,139.874034700000040
通所介護,江戸川区,13123,暖心苑デイサービスセンター,社会福祉法人東京清音会,社会福祉法人（社協以外）,1372300655,東京都江戸川区北葛西４－３－１６,03-3877-0100,2000-02-01,,平日・土曜日・祝日,,http://www.danshinen.org,35.671532900000000,139.862533500000040
通所介護,江戸川区,13123,瑞江在宅サービスセンター,社会福祉法人瑞光会,社会福祉法人（社協以外）,1372300705,東京都江戸川区瑞江１－３－１２,03-3679-3759,2000-03-01,,平日,,http://zuikoukai.jp/,35.699467400000000,139.893968699999960
通所介護,江戸川区,13123,高齢者在宅サービスセンター江戸川光照苑,社会福祉法人光照園,社会福祉法人（社協以外）,1372300754,東京都江戸川区北小岩５－７－２,03-5612-7193,2000-03-01,,平日・土曜日・祝日,,https://e-kousyoen.or.jp/,35.740247300000000,139.887865000000030
通所介護,江戸川区,13123,コスモス　通所介護サービスセンター,医療法人社団三和会,医療法人,1372301224,東京都江戸川区中央三丁目２０番２２号,03-5663-3030,2000-12-01,,平日・土曜日・祝日,,http://www.mitsuwakai.jp/cosmossc/index.html,35.713198000000000,139.874864500000060
通所介護,江戸川区,13123,高齢者介護まつしまリハビリホーム,株式会社メディウェル,営利法人,1372301513,東京都江戸川区松島４－４６－１６　２Ｆ,03-3674-6660,2001-10-01,,平日・土曜日・祝日,20,https://care-net.biz/13/mediwel/,35.713623243901210,139.860251693254100
通所介護,江戸川区,13123,なぎさ和楽苑通所介護,社会福祉法人東京栄和会,社会福祉法人（社協以外）,1372301620,東京都江戸川区西葛西八丁目１番１号,03-3675-1201,2002-04-01,,平日・土曜日・祝日,,http://www.tokyoeiwakai.or.jp,35.655079100000000,139.859420700000000
通所介護,江戸川区,13123,みどりの郷福楽園デイサービスセンター,社会福祉法人江戸川豊生会,社会福祉法人（社協以外）,1372301679,東京都江戸川区臨海町一丁目４番４,03-5659-4122,2002-04-01,,平日・土曜日・祝日,,https://e-houseikai.or.jp,35.653234600000000,139.852490699999970
通所介護,江戸川区,13123,ケアセンターつどい,メディカル・ケア・プランニング株式会社,営利法人,1372301869,東京都江戸川区北葛西１－２２－１７,03-6663-6330,2002-08-01,,平日・土曜日・祝日,,http://www.mcp-tudoi.com/,35.679967900000000,139.860636300000000
通所介護,江戸川区,13123,在宅サービスセンター「きく」,社会福祉法人協和会,社会福祉法人（社協以外）,1372301950,東京都江戸川区鹿骨３－１６－６,03-3677-3030,2002-09-01,,平日・土曜日・祝日,30,http://www.kyowakai-kiku.jp/,35.715515000000000,139.891479399999980
通所介護,江戸川区,13123,介護サポート　コンパス,有限会社　コンパス,営利法人,1372302396,東京都江戸川区東葛西６－２９－１７,03-3688-6887,2006-11-01,,平日・土曜日・祝日,25,https://www.compass-kaigo.co.jp/,35.659868016015650,139.877532067395150
通所介護,江戸川区,13123,ツクイ江戸川宇喜田,株式会社ツクイ,営利法人,1372302891,東京都江戸川区宇喜田町１２３７番1,03-5878-3270,2004-06-01,,平日・土曜日・日曜日・祝日,,https://www.tsukui.net,35.675987700000015,139.861336000000000
通所介護,江戸川区,13123,コミュニティガーデン東京アネックス別館,株式会社ケアレジデンス,営利法人,1372302982,東京都江戸川区南篠崎町３－８－１５,03-5243-1781,2004-07-01,,平日・土曜日・祝日,,http://www.hokusuikai.or.jp,35.695126300000000,139.898804800000000
通所介護,江戸川区,13123,あおぞらデイサービス,有限会社大千,営利法人,1372303519,東京都江戸川区船堀６－３－２０－１階つばめガーデン船堀,03-5878-3032,2005-04-01,,平日・土曜日・祝日,30,http://www.daisen-aozora.com,35.679140600000000,139.866899699999980
通所介護,江戸川区,13123,デイサービスきらら一之江,スターツケアサービス株式会社,営利法人,1372304277,東京都江戸川区一之江７丁目５０番地６号,03-5678-6139,2006-07-01,,平日・土曜日・祝日,40,http://www.starts.co.jp/s-careservice/s_ichinoe/ds/,35.685690500000000,139.877740300000030
通所介護,江戸川区,13123,いきいき神鹿,ワーカーズいきいきサポート労働者協同組合,その他法人,1372304376,東京都江戸川区鹿骨３－１２－１７ロンジェヴィテえどがわ１階,03-6638-8901,2006-09-01,,平日・土曜日・祝日,20,http://www.ikiikisupport.org/,35.713830345230406,139.891800435581960
通所介護,江戸川区,13123,ツクイ江戸川大杉,株式会社ツクイ,営利法人,1372304491,東京都江戸川区大杉１丁目１９番８号,03-5678-8888,2007-01-01,,平日・土曜日・日曜日・祝日,25,http://www.tsukui.net/search/2380/detail.html,35.705900997213270,139.877320693037740
通所介護,江戸川区,13123,やさしい手デイサービス　ゆめふる　小岩店,株式会社やさしい手,営利法人,1372304665,東京都江戸川区南小岩６－４－７,05017538188,2007-09-01,,平日・土曜日・祝日,35,http://www.yasashiite.com,35.729468200000000,139.876847000000000
通所介護,江戸川区,13123,デイサービス　リゾート　ハナマウイ　ジョイ,株式会社ハナマウイ,営利法人,1372304806,東京都江戸川区船堀２－２２－１４　ＮＳセントラルビル２Ｆ,03-5878-3217,2008-04-01,,平日・祝日,,,35.682978800000000,139.862619499999940
通所介護,江戸川区,13123,ジョイリハＳＰＡ葛西,株式会社ヤマウチ,営利法人,1372304921,東京都江戸川区中葛西１－８－６　大高ハイツ１０３号室,03-6663-7351,2008-09-01,,平日・祝日,35,http://www.okamoto-group.co.jp/joyreha/,35.671308300000000,139.868860899999960
通所介護,江戸川区,13123,デイサービス　さくら茶房,株式会社仙寿,営利法人,1372305266,東京都江戸川区北小岩８－２１－６仙寿庵１階,03-6458-9123,2009-09-01,,平日・土曜日・祝日,25,http://www.sakurasabou.co.jp,35.748432200000000,139.885723300000000
通所介護,江戸川区,13123,ジョイリハＳＰＡ春江,株式会社ヤマウチ,営利法人,1372305456,東京都江戸川区春江町１－１－２２,03-5636-1775,2010-04-01,,平日・祝日,,http://www.okamoto-group.co.jp/joyreha/,35.702033700000000,139.891963199999960
通所介護,江戸川区,13123,ヒューマンライフケア風鈴の湯,ヒューマンライフケア株式会社,営利法人,1372305654,東京都江戸川区中央３－２３－７橋本ビル１階,03-5661-5709,2010-07-01,,平日・土曜日・祝日,30,https://kaigo.human-lifecare.jp/facilities/ds006_Fuurin/summary.html,35.710631700000000,139.874264700000030
通所介護,江戸川区,13123,株式会社ケアサービス　デイサービスセンター東葛西,株式会社ケアサービス,営利法人,1372306033,東京都江戸川区東葛西５－９－１９,03-5667-6331,2011-07-01,,平日・土曜日・祝日,35,http://www.care.co.jp,35.665553700000000,139.873938599999970
通所介護,江戸川区,13123,デイサービストーリツ西一之江,株式会社トーリツ,営利法人,1372306090,東京都江戸川区西一之江３－３６－１１,03-5663-0055,2011-08-01,,平日・土曜日・祝日,30,http://www.to-ritsu.co.jp,35.692167400000000,139.876606800000000
通所介護,江戸川区,13123,デイサービスリゾート　ハナマウイ　グレース,株式会社ハナマウイ,営利法人,1372306892,東京都江戸川区瑞江４－２２－１３,03-5879-8155,2013-04-01,,平日・土曜日・祝日,50,http://hanamaui.co.jp,35.692020289404205,139.894509185983220
通所介護,江戸川区,13123,アゼリーリハビリ倶楽部,社会福祉法人江寿会,社会福祉法人（社協以外）,1372307098,東京都江戸川区中央１－８－２１,03-5678-4388,2013-07-01,,平日・土曜日・祝日,65,http://koujukai.azalee.or.jp,35.709326000000000,139.869507000000000
通所介護,江戸川区,13123,デイサービス　たけのこ平井,株式会社ライコム・コーポレーション,営利法人,1372307114,東京都江戸川区平井７－１７－６,03-6657-5890,2013-08-01,,平日・土曜日・祝日,25,http://raycom.co.jp/,35.713766300000000,139.838060000000040
通所介護,江戸川区,13123,デイサービス　江戸川邸,株式会社パソナライフケア,営利法人,1372307239,東京都江戸川区南葛西６－３４－１２グロリア参番館１０１,03-6808-8101,2013-11-01,,平日・土曜日・祝日,25,https://www.pasona-lc.co.jp/kaigo/office/edogawa/,35.650430500000000,139.879502700000000
通所介護,江戸川区,13123,デイサービス夢楽瑞江,株式会社我喜大笑,営利法人,1372307361,東京都江戸川区谷河内２－４－６メゾンエスユー１Ｆ,03-6638-7363,2014-01-01,,平日・土曜日・祝日,33,http://yumeraku.net/mizue/,35.701320100000000,139.898179499999970
通所介護,江戸川区,13123,ケア　ラウンジ　キョウエイ,株式会社共英,営利法人,1372307395,東京都江戸川区江戸川５－１７－７,03-3680-1310,2014-01-01,,平日・祝日,189,https://kyoei1971.jp/,35.675275752250506,139.880258021724700
通所介護,江戸川区,13123,機能回復リハセンター　篠崎,Ｂｏｄｙ　Ｐｉｏｎｅｅｒ株式会社,営利法人,1372307718,東京都江戸川区鹿骨２－３７－８ニットーハイツ１Ｆ,03-5879-8998,2014-05-01,,平日・土曜日・祝日,25,http://www.bodypioneer.net/,35.705913800000000,139.896076699999980
通所介護,江戸川区,13123,デイサービス　ソラスト船堀,株式会社ソラスト,営利法人,1372308054,東京都江戸川区松江５－１２－１４,03-5678-8031,2014-10-01,,平日・土曜日・祝日,35,http://www.solasto.co.jp,35.688872900000000,139.869221499999980
通所介護,江戸川区,13123,かがやきデイサービス一之江北,株式会社やまねメディカル,営利法人,1372308484,東京都江戸川区一之江３－９－９,03-5607-7251,2015-11-01,,平日・土曜日・日曜日・祝日,44,http://www.ymmd.co.jp,35.688665605702250,139.884170317119950
通所介護,江戸川区,13123,デイサービスセンターなごやか小岩,なごやかケアリンク株式会社,営利法人,1372308724,東京都江戸川区東小岩５－４－１０日電小岩コーポ１階,03-5612-2156,2016-06-01,,平日・土曜日・祝日,40,http://club.nagoyaka-link.co.jp/koiwa/,35.732873399999995,139.886154300000040
通所介護,江戸川区,13123,デイサービスセンターなごやか葛西,なごやかケアリンク株式会社,営利法人,1372308740,東京都江戸川区東葛西８－３－１ヴィルメゾン葛西,03-5667-4794,2016-06-01,,平日・土曜日・祝日,29,http://www.nagoyaka-link.co.jp/,35.657382300000000,139.873133400000030
通所介護,江戸川区,13123,デイサービス夢楽船堀,株式会社我喜大笑,営利法人,1372308757,東京都江戸川区船堀５－１１－２２ヴェトヴィ船堀１Ｆ,03-6808-7754,2016-07-01,,平日・土曜日・祝日,,,35.680715600000000,139.870163300000060
通所介護,江戸川区,13123,株式会社みなみ北葛西ケアセンター,株式会社みなみ,営利法人,1372309060,東京都江戸川区北葛西２－２３－１４,03-3686-3730,2017-05-01,,平日・土曜日・祝日,,http://minamicare.co.jp/,35.676012700000000,139.859203100000060
通所介護,江戸川区,13123,にっこりデイサービス,株式会社マネージメントオフィス金子,営利法人,1372309151,東京都江戸川区上一色２－１６－６イーストビル３階,03-5889-8233,2017-07-01,,平日・土曜日・祝日,25,https://mgtoffice.j9-inc.com/,35.742542612933180,139.884829367459130
通所介護,江戸川区,13123,スウィング仁,有限会社ベアーヴァレイ,営利法人,1372309201,東京都江戸川区西瑞江３－２４－１６　１階　店舗,03-5664-6031,2017-09-01,,平日・土曜日・祝日,,http://bearvalley.co.jp,35.686852172005590,139.890265245368940
通所介護,江戸川区,13123,ＳＯＭＰＯケア　ハッピーデイズ船堀,ＳＯＭＰＯケア株式会社,営利法人,1372309599,東京都江戸川区東小松川３－２４－１３,03-5678-4184,2018-07-01,,平日・土曜日・祝日,30,https://www.sompocare.com/service/zaitaku/dayservice/Z000002/message/,35.693580837705010,139.866736863159870
通所介護,江戸川区,13123,アースサポート江戸川,アースサポート株式会社,営利法人,1372309672,東京都江戸川区船堀６－４－８,03-5696-9211,2018-09-01,,平日・土曜日・祝日,,https://www.earthsupport.co.jp,35.679990500000000,139.866958100000030
通所介護,江戸川区,13123,デイサービスこまつな,野口株式会社,営利法人,1372309797,東京都江戸川区松江６－４－２０　２Ｆ,03-6231-4839,2019-01-01,,平日・祝日,35,https://www.noguchi-net.co.jp/service/service07/,35.686465900000016,139.871522199999960
通所介護,江戸川区,13123,デイサービスほっとホームえがお,株式会社陽明,営利法人,1372309821,東京都江戸川区下篠崎町９－１２,03-5879-8221,2019-04-01,,平日・土曜日・祝日,,,35.698342000000000,139.912434699999950
通所介護,江戸川区,13123,デイホームゆりの木江戸川,株式会社日本エルダリーケアサービス,営利法人,1372309854,東京都江戸川区松島１－２７－１８,03-5879-6337,2019-04-01,,平日・土曜日・祝日,,http://www.elderly.jp,35.706162299999974,139.865332600000000
通所介護,江戸川区,13123,ベストリハ一之江,ベストリハ株式会社,営利法人,1372309896,東京都江戸川区江戸川６－８－３ブライトステージ１Ｆ,03-6663-9035,2019-07-01,,平日・土曜日・祝日,15,https://www.bestreha.com,35.676402199999984,139.877973600000020
通所介護,江戸川区,13123,ともいきケア一之江,株式会社ともいきケア,営利法人,1372310076,東京都江戸川区一之江７－６６－１イーストイン１階,03-5661-3667,2019-12-01,,平日・土曜日・祝日,,http://tomoikicare.com/,35.683354600000000,139.877043200000000
通所介護,江戸川区,13123,フィッツリハ　小岩,株式会社三友社,営利法人,1372310092,東京都江戸川区南小岩８－１１－１オークプレイス小岩　２階,03-6657-9044,2019-12-01,,平日・祝日,25,https://fitsriha.com/,35.733072882249940,139.883993552778600
通所介護,江戸川区,13123,生活リハビリデイサービス　りふり春江店,シグニフィ株式会社,営利法人,1372310183,東京都江戸川区春江町２－３１－９ニューキャネル須賀１０１,03-5879-7966,2020-04-01,,平日・土曜日,,http://rifuri.jp,35.701178100000000,139.889928500000000
通所介護,江戸川区,13123,ベストリハ葛西,ベストリハ株式会社,営利法人,1372310233,東京都江戸川区中葛西８－２２－８フローラル中葛西Ⅵ１階,03-5878-1656,2020-05-01,,平日・土曜日・祝日,,https://bestreha.com/,35.657178179205840,139.872136355155900
通所介護,江戸川区,13123,脳トレ麻雀デイサービス・ウェルチャオ平井,株式会社スリアロプロダクツ,営利法人,1372310282,東京都江戸川区平井３－１９－２０,03-5858-8559,2020-07-01,,平日・土曜日・祝日,20,https://www.welchao.com,35.702285900000000,139.842509800000000
通所介護,江戸川区,13123,リハデイ　Ｂｒａｉｎ,Ｂｏｄｙ　Ｐｉｏｎｅｅｒ株式会社,営利法人,1372310571,東京都江戸川区北小岩４－３９－７,03-6806-9929,2021-05-01,,平日・祝日,,https://www.bodypioneer.net,35.741217900000000,139.895813300000000
通所介護,江戸川区,13123,一笑苑　江戸川,ＳＺＤ商事株式会社,営利法人,1372310662,東京都江戸川区平井４－２２－７,03-5875-5180,2021-09-01,,平日・土曜日・祝日,,http://isshoen.org/index.php/Build/view/bId/6,35.707086700000000,139.846665000000000
通所介護,江戸川区,13123,デイサービスセンター　コンパスプラス西一之江,有限会社コンパス,営利法人,1372310712,東京都江戸川区西一之江１－１２－１５,03-5661-1231,2021-11-01,,平日・土曜日・祝日,20,https://compass-kaigo.co.jp/,35.700540300000010,139.877167300000000
通所介護,江戸川区,13123,菜の花小岩リハビリデイサービス,株式会社いずみ,営利法人,1372310878,東京都江戸川区西小岩２－１９－１１,03-6657-9122,2022-05-01,,平日・土曜日,25,http://nanohana-group.net/company/,35.734269500000000,139.877070000000000
通所介護,江戸川区,13123,東京リハビリデイゆうあい,株式会社アブレイズ,営利法人,1372310894,東京都江戸川区中央１－１２－１７セントラーレ十二番館,03-5678-1540,2022-06-01,,平日・土曜日・祝日,,,35.705786000000000,139.869452900000000
通所介護,江戸川区,13123,デイサービスＴＯＵＳＥＩ,株式会社藤成,営利法人,1372310936,東京都江戸川区西一之江２－２６－１０田澤ビル１Ｆ,03-3654-0202,2022-09-01,,平日,19,https://d-tousei.co.jp/,35.697669448144920,139.881669564418020
通所介護,江戸川区,13123,すこやかホーム瑞江,株式会社すこやか,営利法人,1372311165,東京都江戸川区南篠崎町２－５１－２－１階,03-6638-7766,2023-09-01,,平日・土曜日・祝日,,https://www.sukoyaka-home.com,35.694109735015154,139.902011077909830
通所介護,江戸川区,13123,Ｔｅｎｏｎ北小岩,健齢ヘルスケア株式会社,営利法人,1372311306,東京都江戸川区北小岩１－７－６,03-5612-5180,2024-04-01,,平日・土曜日・祝日,,https://tenon-crosslife.co.jp/kitakoiwa-base/,35.736858800000014,139.887756100000020
短期入所生活介護,千代田区,13101,千代田区立岩本町高齢者在宅サービスセンター,社会福祉法人多摩同胞会,社会福祉法人（社協以外）,1370100578,東京都千代田区岩本町２－１５－３岩本町ほほえみプラザ３階,03-5825-3407,2003-10-01,単独型,,,http://www.tama-dhk.or.jp,35.694531200000000,139.777860299999930
短期入所生活介護,千代田区,13101,かんだ連雀高齢者在宅サービスセンター,社会福祉法人多摩同胞会,社会福祉法人（社協以外）,1370100644,東京都千代田区神田淡路町２－８－１,03-3252-8815,2004-04-01,特養の空床利用型,,,,,
短期入所生活介護,千代田区,13101,フォーユーショートステイ　淡路,社会福祉法人奉優会,社会福祉法人（社協以外）,1370101352,東京都千代田区神田淡路町２－１０９,03-5298-6028,2013-06-01,単独型,,21,https://www.foryou.or.jp/facility/awajicho/,35.696875000000000,139.766988699999960
短期入所生活介護,千代田区,13101,ザ番町ハウス,社会福祉法人平成会,社会福祉法人（社協以外）,1370101626,東京都千代田区二番町７番地６,03-3238-0088,2021-04-01,特養の併設事業所型,,12,https://swct.or.jp/swct.html,35.685334442843484,139.734983008528900
短期入所生活介護,千代田区,13101,千代田区立一番町特別養護老人ホーム,社会福祉法人カメリア会,社会福祉法人（社協以外）,1370101717,東京都千代田区一番町１２,03-3265-6131,2023-04-01,特養の併設事業所型,,,http://camellia-kai.com,35.686900800000000,139.739576100000000
短期入所生活介護,中央区,13102,新とみ,社会福祉法人シルヴァーウィング,社会福祉法人（社協以外）,1370200642,東京都中央区新富１－４－６,03-3553-5228,2002-04-01,特養の併設事業所型,,6,http://www.silver-w.jp/,35.672736400000000,139.772647399999980
短期入所生活介護,中央区,13102,特別養護老人ホーム「マイホーム新川」,社会福祉法人賛育会,社会福祉法人（社協以外）,1370201210,東京都中央区新川２－２７－３,03-3552-5670,2006-04-01,特養の併設事業所型,,8,http://www.san-ikukai.or.jp/chuo/shinkawa,35.673100600000000,139.783977300000060
短期入所生活介護,中央区,13102,ショートステイ　晴海苑,社会福祉法人トーリケアネット,社会福祉法人（社協以外）,1370201350,東京都中央区晴海１－１－２６,03-3533-7592,2007-05-01,特養の併設事業所型,,18,http://www.harumien.or.jp,35.661657075395310,139.787160358197070
短期入所生活介護,中央区,13102,短期入所生活介護　つきしま,社会福祉法人長岡福祉協会,社会福祉法人（社協以外）,1370201996,東京都中央区月島１－５－２キャピタルゲートプレイス３階、４階,03-6204-9905,2013-11-01,特養の併設事業所型,,6,http://www.fukushiplazasakuragawa.com/,35.663812600000000,139.783338700000060
短期入所生活介護,中央区,13102,短期入所生活介護　十思,社会福祉法人長岡福祉協会,社会福祉法人（社協以外）,1370202077,東京都中央区日本橋小伝馬町５－１９十思スクエア別館　４階,03-6264-9981,2014-09-01,特養の併設事業所型,,,http://www.nagaokafukusi.com/,35.691106600000000,139.777549300000030
短期入所生活介護,中央区,13102,中央区立特別養護老人ホームマイホームはるみ,社会福祉法人奉優会,社会福祉法人（社協以外）,1370202200,東京都中央区晴海１－５－１,03-3531-7635,2015-07-01,特養の併設事業所型,,,http://www.foryou.or.jp,35.659779700000000,139.784455400000070
短期入所生活介護,中央区,13102,ショートステイ　わとなーる桜川,社会福祉法人わとなーる,社会福祉法人（社協以外）,1370202523,東京都中央区入船１－１－１３,03-6275-2714,2021-04-01,特養の併設事業所型,,,http://www.watona-ru.com/,35.673745600000000,139.778220500000000
短期入所生活介護,港区,13103,特別養護老人ホーム　慶福育児会　麻布慶福苑,社会福祉法人恩賜財団慶福育児会,社会福祉法人（社協以外）,1370300616,東京都港区南麻布五丁目１番２０号,03-3446-5501,2000-03-01,特養の併設事業所型,,,http://www.azabukeifukuen.com/,35.653712200000000,139.721838100000000
短期入所生活介護,港区,13103,特別養護老人ホーム新橋さくらの園,社会福祉法人長岡福祉協会,社会福祉法人（社協以外）,1370302364,東京都港区新橋６－１９－２,03-3433-0180,2006-05-01,特養の併設事業所型,,,http://www.fukushiplazasakuragawa.com/sakura_short,35.661206700000000,139.753779500000060
短期入所生活介護,港区,13103,ショートステイ　洛和ヴィラ南麻布,社会福祉法人洛和福祉会,社会福祉法人（社協以外）,1370303172,東京都港区南麻布４－６－１,03-6408-8677,2010-04-01,特養の併設事業所型,,11,http://www.rakuwa.or.jp,35.650218300000000,139.726873900000000
短期入所生活介護,港区,13103,ショートステイ　ありすの杜きのこ南麻布,社会福祉法人新生寿会,社会福祉法人（社協以外）,1370303180,東京都港区南麻布４－６－１,03-5739-0585,2010-04-01,特養の併設事業所型,,,http://www.kinoko-group.jp,35.650218300000000,139.726873900000000
短期入所生活介護,港区,13103,港区立特別養護老人ホーム　白金の森,社会福祉法人奉優会,社会福祉法人（社協以外）,1370303479,東京都港区白金台５－２０－５,03-3449-9611,2011-04-01,特養の併設事業所型,,,https://www.foryou.or.jp/facility/shirokane/w009/,35.637197374048630,139.722061137434400
短期入所生活介護,港区,13103,港区立特別養護老人ホーム港南の郷,社会福祉法人恩賜財団済生会支部東京都済生会,社会福祉法人（社協以外）,1370304568,東京都港区港南３－３－２３,03-3450-5571,2016-04-01,特養の併設事業所型,,,http://www.kounannosato.hello-net.info/,35.633217299999990,139.749276600000000
短期入所生活介護,港区,13103,港区立特別養護老人ホームサン・サン赤坂,社会福祉法人東京聖労院,社会福祉法人（社協以外）,1370304576,東京都港区赤坂６－６－１４,03-5561-7833,2016-04-01,特養の併設事業所型,,,http://www.seirouin.or.jp/sunsun/,35.669966200000000,139.737630699999950
短期入所生活介護,港区,13103,特別養護老人ホーム　南麻布シニアガーデン　アリス,社会福祉法人健誠会,社会福祉法人（社協以外）,1370305151,東京都港区南麻布４－６－１３,03-5843-0975,2020-05-01,特養の併設事業所型,,,https://f-kenseikai.or.jp/facility/minamiazabu-a/,35.650590600000000,139.727203300000000
短期入所生活介護,港区,13103,地域密着型　特別養護老人ホーム　南麻布シニアガーデン　アリス,社会福祉法人健誠会,社会福祉法人（社協以外）,1370305169,東京都港区南麻布４－６－１３,03-5843-0975,2020-05-01,特養の空床利用型,,,,,
短期入所生活介護,港区,13103,青山スクウェアー,社会福祉法人平成会,社会福祉法人（社協以外）,1370305797,東京都港区南青山１－１８－８,03-3796-0088,2025-10-01,特養の併設事業所型,,,https://swat.or.jp/tatuokag/html?page=facility_aoyama,35.667647000000000,139.753179300000000
短期入所生活介護,新宿区,13104,原町ホーム,社会福祉法人恩賜財団東京都同胞援護会,社会福祉法人（社協以外）,1370400341,東京都新宿区原町３－８,03-3359-5651,2000-04-01,特養の併設事業所型,,2,https://douen.jp,35.699646700000000,139.722404599999980
短期入所生活介護,新宿区,13104,特別養護老人ホーム　聖母ホーム,社会福祉法人聖母会,社会福祉法人（社協以外）,1370401430,東京都新宿区中落合２－５－２１,03-3953-4028,2001-09-01,特養の空床利用型,,,,,
短期入所生活介護,新宿区,13104,短期入所施設　聖母ホーム,社会福祉法人聖母会,社会福祉法人（社協以外）,1370401448,東京都新宿区中落合二丁目５番２１号,03-3953-4028,2001-09-01,特養の併設事業所型,,,http://www.seibohome.jp,35.719023000000000,139.694621399999960
短期入所生活介護,新宿区,13104,北新宿特別養護老人ホーム,社会福祉法人新宿区社会福祉事業団,社会福祉法人（社協以外）,1370402966,東京都新宿区北新宿３－２７－６,03-3363-3291,2005-04-01,特養の併設事業所型,,,http://www.shinjuku-sj.jp/,35.704791200000000,139.689861599999970
短期入所生活介護,新宿区,13104,特別養護老人ホームあかね苑,社会福祉法人アゼリヤ会,社会福祉法人（社協以外）,1370402974,東京都新宿区北山伏町２－１２,03-3266-1811,2005-04-01,特養の併設事業所型,,,http://www.azeriya-akane.com,35.700131800000000,139.729682599999930
短期入所生活介護,新宿区,13104,ショートステイ新宿けやき園,社会福祉法人邦友会,社会福祉法人（社協以外）,1370403766,東京都新宿区百人町４－５－１,03-3367-1601,2008-06-01,特養の併設事業所型,,,http://hoyukai.iuhw.ac.jp/keyakien,35.708157700000000,139.698107700000040
短期入所生活介護,新宿区,13104,ショートステイ　神楽坂,社会福祉法人三篠会,社会福祉法人（社協以外）,1370404335,東京都新宿区矢来町１０４,03-3269-7555,2011-02-01,特養の併設事業所型,,,http://www.misasakai.or.jp/kagurazaka/,35.703703124500880,139.734238983467100
短期入所生活介護,新宿区,13104,ショートステイもみの樹園,社会福祉法人園盛会,社会福祉法人（社協以外）,1370405688,東京都新宿区上落合１－１７－８,03-6915-3001,2015-06-01,特養の併設事業所型,,20,http://www.enseikai.com/,35.716070899305470,139.694328182278440
短期入所生活介護,新宿区,13104,優っくりショートステイ新宿西落合,社会福祉法人奉優会,社会福祉法人（社協以外）,1370405977,東京都新宿区西落合２－８－７,03-3565-6283,2016-07-01,単独型,,20,https://www.foryou.or.jp/corp1/nishiochiaiss/,35.719003200000020,139.678178399999980
短期入所生活介護,新宿区,13104,ショートステイ下落合幸朋苑,社会福祉法人こうほうえん,社会福祉法人（社協以外）,1370406082,東京都新宿区下落合１－９－１０,03-3365-1335,2017-04-01,単独型,,27,http://www.kohoen.jp,35.715877315682135,139.698702781614660
短期入所生活介護,新宿区,13104,みさよはうす富久,社会福祉法人シルヴァーウィング,社会福祉法人（社協以外）,1370406504,東京都新宿区富久町３５－７,03-6822-9282,2019-07-01,特養の併設事業所型,,,http://www.silver-w.jp/,35.694800900000000,139.712806900000000
短期入所生活介護,新宿区,13104,ショート新宿和光園,社会福祉法人大和会,社会福祉法人（社協以外）,1370407049,東京都新宿区市谷薬王寺町１９－３８,03-3355-8555,2022-09-01,特養の併設事業所型,,12,https://www.yamatokai-tokyo.or.jp/nursing_homes/shinjuku-wakoen/,35.696696600000000,139.723372200000000
短期入所生活介護,新宿区,13104,小規模特別養護老人ホーム　マザアス新宿,社会福祉法人マザアス,社会福祉法人（社協以外）,1374801106,東京都新宿区新宿７－３－３１,03-5285-2531,2010-05-01,特養の併設事業所型,,3,http://www.moth.or.jp,35.701064500000000,139.713122900000030
短期入所生活介護,文京区,13105,短期入所施設　ゆしまの郷,社会福祉法人東六会,社会福祉法人（社協以外）,1370501510,東京都文京区湯島３－２９－１０,03-3836-2566,2004-12-01,特養の併設事業所型,,,http://www.yushimanosato.jp/,35.707010000000000,139.768385500000020
短期入所生活介護,文京区,13105,特別養護老人ホーム　文京くすのきの郷,社会福祉法人フロンティア,社会福祉法人（社協以外）,1370501940,東京都文京区大塚４－１８－１,03-3947-2801,2007-12-01,特養の併設事業所型,,8,http://frontier-sw.or.jp,35.724135000000000,139.734698100000060
短期入所生活介護,文京区,13105,ショートステイ洛和ヴィラ文京春日（地域密着）,社会福祉法人洛和福祉会,社会福祉法人（社協以外）,1370503144,東京都文京区春日１－９－２１,03-5804-6511,2017-04-01,特養の空床利用型,,,https://kaigo.rakuwa.or.jp/service/station/tokuyou-bunkyo/,35.708125515041246,139.746201240475470
短期入所生活介護,文京区,13105,ショートステイ洛和ヴィラ文京春日,社会福祉法人洛和福祉会,社会福祉法人（社協以外）,1370503151,東京都文京区春日１－９－２１,03-5804-6511,2017-04-01,特養の併設事業所型,,12,http://www.rakuwa.or.jp/,35.708042500000000,139.746020199999970
短期入所生活介護,文京区,13105,小石川ヒルサイドテラス,社会福祉法人龍岡会,社会福祉法人（社協以外）,1370503508,東京都文京区春日２－４－８,03-5804-0088,2020-03-01,特養の併設事業所型,,,http://www.swct.or.jp,35.709650500000000,139.744013900000000
短期入所生活介護,文京区,13105,特別養護老人ホーム文京小日向の家,社会福祉法人奉優会,社会福祉法人（社協以外）,1370503516,東京都文京区小日向1－２３－２６,03-5810-1756,2020-03-01,特養の空床利用型,,24,https://www.foryou.or.jp/facility/kohinata/w125/,35.714203900000000,139.737300900000000
短期入所生活介護,文京区,13105,ショートステイ文京大塚みどりの郷,社会福祉法人洛和福祉会,社会福祉法人（社協以外）,1370503532,東京都文京区大塚4－５０－１,03-3941-6669,2020-04-01,特養の併設事業所型,,10,http://www.rakuwa.or.jp/kaigo/tokuyou/midori/index.html,35.724743700000000,139.730824800000000
短期入所生活介護,文京区,13105,福寿ぶんきょう小石川　あけぼし,株式会社日本アメニティライフ協会,営利法人,1370503607,東京都文京区小石川５－１１－８,03-3868-2240,2021-07-01,単独型,,,https://fuku-kaigo.jala.co.jp/jrh/bunkyo-koishikawa-akeboshi/,35.716954400000000,139.741287100000000
短期入所生活介護,文京区,13105,特別養護老人ホーム文京千駄木の郷,社会福祉法人奉優会,社会福祉法人（社協以外）,1370504043,東京都文京区千駄木５－１９－２,03-3827-5420,2026-04-01,特養の併設事業所型,,,,,
短期入所生活介護,台東区,13106,特別養護老人ホーム浅草ほうらい,社会福祉法人清峰会,社会福祉法人（社協以外）,1370602649,東京都台東区清川２－１４－７,03-5824-5632,2010-06-01,特養の併設事業所型,,20,http://care-net.biz/13/seihoukai-hourai/,35.727200800000000,139.801279300000030
短期入所生活介護,台東区,13106,フレスコ浅草,社会福祉法人フレスコ会,社会福祉法人（社協以外）,1370603753,東京都台東区浅草５－３３－７,03-5824-0255,2016-09-01,特養の併設事業所型,,11,http://www.fresco-group.jp/,35.721892800000000,139.796066099999960
短期入所生活介護,台東区,13106,ショートステイ　橋場すみれ園,社会福祉法人すみれ福祉会,社会福祉法人（社協以外）,1370603829,東京都台東区橋場１－１－１０,03-5808-9942,2017-04-01,特養の併設事業所型,,23,http://www.sumire.or.jp/co_search03.html,35.723967800000000,139.807884599999960
短期入所生活介護,台東区,13106,東京都台東区立特別養護老人ホーム三ノ輪,社会福祉法人台東区社会福祉事業団,社会福祉法人（社協以外）,1370603910,東京都台東区三ノ輪１－２７－１１,03-5603-2231,2017-09-01,特養の併設事業所型,,,,,
短期入所生活介護,台東区,13106,東京都台東区立特別養護老人ホーム谷中,社会福祉法人台東区社会福祉事業団,社会福祉法人（社協以外）,1370603985,東京都台東区谷中２－１７－２０,03-3824-1094,2017-09-01,特養の併設事業所型,,,http://taitoswc.org/yanaka/,35.724052400000000,139.764326699999970
短期入所生活介護,台東区,13106,東京都台東区立特別養護老人ホーム浅草,社会福祉法人フレスコ会,社会福祉法人（社協以外）,1370604611,東京都台東区浅草４－２６－２,03-3876-1094,2024-04-01,特養の併設事業所型,,,https://www.fresco-group.jp/home-asakusa,35.719040099999990,139.793527700000000
短期入所生活介護,台東区,13106,東京都台東区立特別養護老人ホーム台東,社会福祉法人健修会,社会福祉法人（社協以外）,1370604629,東京都台東区台東１－２５－５,03-3834-4435,2024-04-01,特養の併設事業所型,,,http://kenshukai.kir.jp/taitou/,35.701733000000000,139.777760600000000
短期入所生活介護,台東区,13106,東京都台東区立特別養護老人ホーム竜泉,社会福祉法人台東区社会福祉事業団,社会福祉法人（社協以外）,1370604678,東京都台東区竜泉２－１０－８,03-6458-1303,2025-03-01,特養の空床利用型,,,https://ryusen.taitoswc.org,35.725540900000000,139.789972000000000
短期入所生活介護,台東区,13106,東京都台東区立特別養護老人ホーム竜泉,社会福祉法人台東区社会福祉事業団,社会福祉法人（社協以外）,1370604686,東京都台東区竜泉２－１０－８,03-6458-1303,2025-03-01,特養の空床利用型,,,https://ryusen.taitoswc.org,35.725540900000000,139.789972000000000
短期入所生活介護,墨田区,13107,東京清風園,社会福祉法人賛育会,社会福祉法人（社協以外）,1370700245,東京都墨田区立花１－２５－１２,03-6861-8771,2000-03-01,特養の併設事業所型,,20,http://www.san-ikukai.or.jp/sumida/seifu/index.html,35.704925100000000,139.831466600000000
短期入所生活介護,墨田区,13107,和翔苑,社会福祉法人八広会,社会福祉法人（社協以外）,1370700286,東京都墨田区八広6-55-17,03-3617-1501,2000-02-01,特養の併設事業所型,,,http://www.washouen.com,35.724004300000000,139.830982599999970
短期入所生活介護,墨田区,13107,特別養護老人ホーム同愛記念ホーム,社会福祉法人同愛記念病院財団,社会福祉法人（社協以外）,1370700468,東京都墨田区横網２－１－１１,03-3625-6391,2000-02-01,特養の併設事業所型,,,,35.699542100000000,139.794143400000000
短期入所生活介護,墨田区,13107,墨田区立特別養護老人ホームたちばなホーム,社会福祉法人賛育会,社会福祉法人（社協以外）,1370701920,東京都墨田区立花３－１０－１,03-3613-8718,2006-04-01,特養の併設事業所型,,6,http://www.san-ikukai.or.jp/sumida/tachibana/,35.705333400000000,139.833116400000000
短期入所生活介護,墨田区,13107,墨田区特別養護老人ホームはなみずきホーム,社会福祉法人賛育会,社会福祉法人（社協以外）,1370701987,東京都墨田区八広三丁目２２番１４号,03-3617-8734,2006-04-01,特養の併設事業所型,,,http://www.san-ikukai.or.jp,35.718454600000000,139.827966400000040
短期入所生活介護,墨田区,13107,ケアホームズ両国,社会福祉法人奉優会,社会福祉法人（社協以外）,1370702621,東京都墨田区両国２－５－１３,03-5624-4165,2009-07-01,特養の空床利用型,,6,http://www.jusankai.or.jp,35.692823300000000,139.792453799999970
短期入所生活介護,墨田区,13107,せらび　両国,株式会社ソラスト,営利法人,1370703421,東京都墨田区石原２－７－４,03-5608-4165,2012-07-01,単独型,,43,https://solasto-kaigo.com/service/shortstay/ryogoku,35.699921000000000,139.801387100000000
短期入所生活介護,墨田区,13107,墨田区特別養護老人ホームなりひらホーム,社会福祉法人カメリア会,社会福祉法人（社協以外）,1370704551,東京都墨田区業平５－６－２,03-5819-3741,2016-04-01,特養の併設事業所型,,,http://www.camellia-kai.com,35.707060800000000,139.818009399999940
短期入所生活介護,墨田区,13107,特別養護老人ホーム寿老の里,社会福祉法人寿老福祉会,社会福祉法人（社協以外）,1370704601,東京都墨田区東墨田３－１３－４,03-6657-0310,2016-05-01,特養の空床利用型,,,,,
短期入所生活介護,墨田区,13107,特別養護老人ホーム しらひげ,社会福祉法人玄武会,社会福祉法人（社協以外）,1370705509,東京都墨田区東向島４丁目２番１１号,03-6657-2300,2022-04-01,特養の併設事業所型,,,http://hakuho.or.jp/ako/genbukai/index/,35.727933000000000,139.814096900000000
短期入所生活介護,江東区,13108,あそか園,社会福祉法人あそか会,社会福祉法人（社協以外）,1370800235,東京都江東区住吉１－９－５,03-3632-3615,2000-03-01,特養の空床利用型,,10,https://www.asokakai.or.jp/intro/intro01_01/,35.687627977630450,139.812248306724000
短期入所生活介護,江東区,13108,深川愛の園(指定短期入所生活介護事業所）,社会福祉法人聖救主福祉会,社会福祉法人（社協以外）,1370800516,東京都江東区冬木１６番７号,03-3641-1905,2000-02-01,特養の併設事業所型,,,http://f-ainosono.com/,35.675057565794230,139.801012611639400
短期入所生活介護,江東区,13108,寿園短期入所施設,社会福祉法人江東ことぶき会,社会福祉法人（社協以外）,1370800607,東京都江東区北砂２－１－１６,03-3615-4850,2000-03-01,特養の併設事業所型,,,http://www.kotokotobukikai.com,35.679022000000000,139.826854900000000
短期入所生活介護,江東区,13108,らん花園,社会福祉法人爛柯会,社会福祉法人（社協以外）,1370800789,東京都江東区塩浜２－７－２,03-5617-6060,2000-07-01,単独型,,,,,
短期入所生活介護,江東区,13108,コスモス短期入所施設,社会福祉法人江東ことぶき会,社会福祉法人（社協以外）,1370801373,東京都江東区大島９－６－１６,03-5836-5121,2002-05-01,単独型,,20,,35.693149000000000,139.844829399999980
短期入所生活介護,江東区,13108,三井陽光苑,社会福祉法人三井記念病院,社会福祉法人（社協以外）,1370801399,東京都江東区新砂三丁目３番３７号,03-5632-3211,2002-05-01,特養の併設事業所型,,,https://www.mitsuihosp.or.jp/youkouen/,35.664938100000000,139.832497300000000
短期入所生活介護,江東区,13108,北砂ホーム,社会福祉法人あそか会,社会福祉法人（社協以外）,1370802686,東京都江東区北砂６－２０－３０,03-5606-1731,2005-04-01,特養の併設事業所型,,,,,
短期入所生活介護,江東区,13108,老人短期入所事業　あじさい,社会福祉法人愛郷会,社会福祉法人（社協以外）,1370803064,東京都江東区東砂４－２０－１５,03-5857-8231,2006-02-01,特養の併設事業所型,,10,http://ajisai-kaigo.jp/,35.678147800000000,139.838157700000000
短期入所生活介護,江東区,13108,特別養護老人ホーム芳香苑,社会福祉法人桜栄会,社会福祉法人（社協以外）,1370803403,東京都江東区東雲２－２－２９,03-3527-7189,2007-04-01,特養の併設事業所型,,,http://www.oheikai.or.jp,35.642465000000000,139.801326400000000
短期入所生活介護,江東区,13108,ショートステイ　カメリア,社会福祉法人カメリア会,社会福祉法人（社協以外）,1370804070,東京都江東区亀戸３－３６－５,03-5836-2314,2010-03-01,特養の併設事業所型,,20,http://kameido.camellia-kai.com/,35.706978700000000,139.819866400000000
短期入所生活介護,江東区,13108,特別養護老人ホームあかつき苑,社会福祉法人暁会,社会福祉法人（社協以外）,1370805168,東京都江東区大島７－３８－１５,03-5875-5255,2014-04-01,特養の併設事業所型,,10,http://m-caretown.com/service/short/,35.691267977726420,139.842008377909900
短期入所生活介護,江東区,13108,ショートステイ 故郷の家・東京,社会福祉法人こころの家族,社会福祉法人（社協以外）,1370806315,東京都江東区塩浜１－４－４８,03-3644-0555,2019-07-01,特養の併設事業所型,,,https://www.kokorono.or.jp/,35.663765800000000,139.802174700000020
短期入所生活介護,江東区,13108,あそか園,社会福祉法人あそか会,社会福祉法人（社協以外）,1370806786,東京都江東区住吉１－９－５,03-3632-3615,2022-06-01,特養の併設事業所型,,12,http://www.asokakai.or.jp/asoka/,35.687622000000000,139.812268400000000
短期入所生活介護,江東区,13108,江東ホーム指定短期入所生活介護事業所,社会福祉法人あそか会,社会福祉法人（社協以外）,1370807032,東京都江東区東陽２－１－２,03-3647-5081,2023-11-01,特養の併設事業所型,,,https://www.asokakai.or.jp/intro/intro02_01/,35.665880600000000,139.814706400000000
短期入所生活介護,江東区,13108,特別養護老人ホーム　タムスさくらの杜　亀戸,社会福祉法人春和会,社会福祉法人（社協以外）,1370807339,東京都江東区亀戸９－６－２７,03-6807-0680,2025-12-01,特養の併設事業所型,,,https://kameido-sakuranomori.tums-kaigo.com/,35.696262399999990,139.842209900000000
短期入所生活介護,江東区,13108,特別養護老人ホーム　タムスさくらの杜　亀戸,社会福祉法人春和会,社会福祉法人（社協以外）,1370807347,東京都江東区亀戸９－６－２７,03-6807-0680,2025-12-01,特養の空床利用型,,,https://kameido-sakuranomori.tums-kaigo.com/,35.696262399999990,139.842209900000000
短期入所生活介護,品川区,13109,晴楓ホーム,社会福祉法人福栄会,社会福祉法人（社協以外）,1370900316,東京都品川区東品川３－１－８,03-5479-2981,2000-03-01,特養の併設事業所型,,,http://www.fukueikai.or.jp/syoukai/short/short.htm,35.617142817255910,139.746834835581920
短期入所生活介護,品川区,13109,成幸ホーム,社会福祉法人三徳会,社会福祉法人（社協以外）,1370900621,東京都品川区中延１－８－７,03-3787-7482,2000-03-01,特養の併設事業所型,,8,https://www.santokukai.com/,35.612083500000000,139.711837500000000
短期入所生活介護,品川区,13109,品川区立戸越台特別養護老人ホーム,社会福祉法人三徳会,社会福祉法人（社協以外）,1370900779,東京都品川区戸越１－１５－２３,03-5750-1054,2000-03-01,特養の併設事業所型,,8,http://www.santokukai.com/,35.615533800000000,139.717955400000000
短期入所生活介護,品川区,13109,品川区立荏原特別養護老人ホーム,社会福祉法人三徳会,社会福祉法人（社協以外）,1370900787,東京都品川区荏原２－９－６,03-5750-2941,2000-03-01,特養の空床利用型,,,,,
短期入所生活介護,品川区,13109,品川区立荏原老人短期入所施設,社会福祉法人三徳会,社会福祉法人（社協以外）,1370900795,東京都品川区荏原２－９－６,03-5750-3706,2000-03-01,単独型,,,http://www.santokukai.com/,35.617091200000000,139.711112400000050
短期入所生活介護,品川区,13109,品川区中延特別養護老人ホーム,社会福祉法人　品川総合福祉センター,社会福祉法人（社協以外）,1370900852,東京都品川区中延６－８－８,03-3787-2951,2000-03-01,特養の併設事業所型,,,http://shinafuku.com,35.601812500000000,139.711190699999970
短期入所生活介護,品川区,13109,ロイヤルサニー,社会福祉法人春光福祉会,社会福祉法人（社協以外）,1370900985,東京都品川区西大井２－４－４,03-5743-6111,2000-04-01,特養の併設事業所型,,15,http://www.shunkoufukushikai.or.jp,35.599929700000000,139.722531500000060
短期入所生活介護,品川区,13109,かえで荘短期入所生活介護事業,社会福祉法人　品川総合福祉センター,社会福祉法人（社協以外）,1370902189,東京都品川区八潮５－１－１,03-3790-4729,2004-10-01,特養の併設事業所型,,6,http://www.shinafuku.com,35.605118999999990,139.752510400000000
短期入所生活介護,品川区,13109,品川区立八潮南特別養護老人ホーム,社会福祉法人　品川総合福祉センター,社会福祉法人（社協以外）,1370903617,東京都品川区八潮５－９－２,03-5755-9361,2011-05-01,特養の併設事業所型,,,http://www.shinafuku.com,35.598953000000000,139.752204700000000
短期入所生活介護,品川区,13109,品川区立平塚橋特別養護老人ホーム,社会福祉法人三徳会,社会福祉法人（社協以外）,1370904623,東京都品川区西中延１－２－８,03-5750-3632,2016-05-01,特養の併設事業所型,,,http://www.santokukai.com,35.614147100000000,139.709784799999970
短期入所生活介護,品川区,13109,品川区立上大崎特別養護老人ホーム,社会福祉法人愛生福祉会,社会福祉法人（社協以外）,1370904763,東京都品川区上大崎３－１０－７,03-5447-5363,2017-06-01,特養の併設事業所型,,39,http://www.aiseifukusikai.jp/,35.631948000000000,139.717908600000000
短期入所生活介護,品川区,13109,グランアークみづほショートステイ事業所,社会福祉法人慈雲福祉会,社会福祉法人（社協以外）,1370905059,東京都品川区南品川４－２－３２,03-6717-6022,2019-04-01,特養の併設事業所型,,9,http://www.jiunfukushikai.com/houjin/,35.614615171521260,139.739020031352200
短期入所生活介護,品川区,13109,品川区立杜松特別養護老人ホーム,社会福祉法人奉優会,社会福祉法人（社協以外）,1370905455,東京都品川区豊町４－２４－１５,03-6426-8213,2024-12-01,特養の併設事業所型,,,https://www.foryou.or.jp/corp1/toshoss/,35.605989000000044,139.722614000000000
短期入所生活介護,目黒区,13110,青葉台さくら苑,社会福祉法人三交会,社会福祉法人（社協以外）,1371000298,東京都目黒区青葉台三丁目２１番６号,03-3791-3503,2000-03-01,特養の併設事業所型,,15,http://www.sakuraen.or.jp,35.649606200000000,139.692002000000000
短期入所生活介護,目黒区,13110,特別養護老人ホーム　清徳苑,社会福祉法人清徳会,社会福祉法人（社協以外）,1371000488,東京都目黒区目黒本町４－２－１,03-3794-5577,2000-01-04,特養の併設事業所型,,,http://seitoku.or.jp,35.622823500000000,139.698299499999960
短期入所生活介護,目黒区,13110,目黒区立特別養護老人ホーム東が丘,社会福祉法人目黒区社会福祉事業団,社会福祉法人（社協以外）,1371003789,東京都目黒区東が丘１－６－４,03-5481-5639,2014-04-01,特養の併設事業所型,,,http://www.meguro-fukushi.jp,35.626355600000000,139.670513000000030
短期入所生活介護,目黒区,13110,目黒区立特別養護老人ホーム東山,社会福祉法人目黒区社会福祉事業団,社会福祉法人（社協以外）,1371003805,東京都目黒区東山３－２４－６,03-3791-8451,2014-04-01,特養の併設事業所型,,,http://www.meguro-fukushi.jp/,35.647350700000000,139.685435999999980
短期入所生活介護,目黒区,13110,目黒区立特別養護老人ホーム中目黒,社会福祉法人目黒区社会福祉事業団,社会福祉法人（社協以外）,1371003813,東京都目黒区中目黒５－７－３５,03-5704-3631,2014-04-01,特養の併設事業所型,,,https://www.meguro-fukushi.jp/,35.635982900000000,139.700909800000000
短期入所生活介護,目黒区,13110,特別養護老人ホーム目黒中央の家,社会福祉法人奉優会,社会福祉法人（社協以外）,1371004936,東京都目黒区中央町２－３２－２３,03-5734-1620,2019-07-01,特養の併設事業所型,,12,https://www.foryou.or.jp,35.631568500000000,139.688082300000000
短期入所生活介護,目黒区,13110,こぶしえん,社会福祉法人徳心会,社会福祉法人（社協以外）,1371005214,東京都目黒区下目黒６－１８－２,03-5722-5550,2021-04-01,特養の併設事業所型,,,https://tokushinkai.jp,35.628665800000000,139.696836200000000
短期入所生活介護,目黒区,13110,さんホーム目黒,社会福祉法人目黒区社会福祉事業団,社会福祉法人（社協以外）,1371005248,東京都目黒区目黒３－２０－８,03-6303-3137,2021-08-01,特養の併設事業所型,,10,https://www.meguro-fukushi.jp/,35.633984300000000,139.704061200000000
短期入所生活介護,大田区,13111,好日苑,社会福祉法人響会,社会福祉法人（社協以外）,1371100841,東京都大田区上池台５－７－１,03-3748-6193,2000-02-01,特養の併設事業所型,,19,http://www.hibikikai-tokyo.or.jp,35.594535500000000,139.702244899999980
短期入所生活介護,大田区,13111,ゴールデン鶴亀ホーム,社会福祉法人白陽会,社会福祉法人（社協以外）,1371101344,東京都大田区矢口１－２３－１２,03-3758-1810,2000-04-01,特養の併設事業所型,,10,http://www.hakuyokai.org/,35.565870000000000,139.694700600000030
短期入所生活介護,大田区,13111,大田翔裕園,社会福祉法人長寿村,社会福祉法人（社協以外）,1371103811,東京都大田区東六郷１－１２－１２,03-3736-1211,2004-04-01,特養の併設事業所型,,12,http://www.chojumura.or.jp,35.553469100000000,139.720084499999980
短期入所生活介護,大田区,13111,特別養護老人ホームいずみえん,社会福祉法人徳心会,社会福祉法人（社協以外）,1371104157,東京都大田区矢口３－１－５,03-3759-5550,2004-08-01,特養の併設事業所型,,10,http://www.tokushinkai.jp,35.561176300000000,139.696111699999960
短期入所生活介護,大田区,13111,ショートステイ　フロース東糀谷,社会福祉法人善光会,社会福祉法人（社協以外）,1371105550,東京都大田区東糀谷６－４－１７,03-5735-8080,2007-04-01,特養の併設事業所型,,,http://www.zenkoukai.jp/,35.559241400000000,139.751026599999930
短期入所生活介護,大田区,13111,ショートステイココファン六郷,株式会社学研ココファン,営利法人,1371106301,東京都大田区仲六郷４－１６－１２,03-5703-2163,2008-11-01,単独型,,20,http://www.cocofump.co.jp/,35.542059700000000,139.708522400000000
短期入所生活介護,大田区,13111,大田区立特別養護老人ホームたまがわ,社会福祉法人池上長寿園,社会福祉法人（社協以外）,1371106483,東京都大田区下丸子４－２３－１,03-5732-1021,2009-04-01,特養の併設事業所型,,,https://www.ikegami.or.jp,35.571016500000000,139.679046400000060
短期入所生活介護,大田区,13111,特別養護老人ホーム大森,社会福祉法人池上長寿園,社会福祉法人（社協以外）,1371106582,東京都大田区大森西１－１６－１８,03-5471-2701,2009-04-01,特養の併設事業所型,,4,https://www.ikegami.or.jp,35.575310327369000,139.725274603704860
短期入所生活介護,大田区,13111,特別養護老人ホーム池上,社会福祉法人池上長寿園,社会福祉法人（社協以外）,1371106590,東京都大田区仲池上２－２４－８,03-5700-1235,2009-04-01,特養の空床利用型,,,,,
短期入所生活介護,大田区,13111,ショートステイ　バタフライヒル大森南,社会福祉法人善光会,社会福祉法人（社協以外）,1371108448,東京都大田区大森南１－１７－６,03-5735-3336,2012-05-01,特養の併設事業所型,,10,http://www.zenkoukai.jp,35.563187600000000,139.739474299999980
短期入所生活介護,大田区,13111,千里,社会福祉法人桜花,社会福祉法人（社協以外）,1371108455,東京都大田区東糀谷１－１３－６,03-6423-2860,2012-05-01,特養の併設事業所型,,,http://www.ooka.or.jp,35.559035500000000,139.738705200000030
短期入所生活介護,大田区,13111,ショートステイ生寿園,社会福祉法人久盛福祉会,社会福祉法人（社協以外）,1371111152,東京都大田区萩中２－３－１０,03-6423-9200,2016-04-01,特養の併設事業所型,,,http://www.amasagi.or.jp/seijyuen/,35.552438634778130,139.731819329499780
短期入所生活介護,大田区,13111,特別養護老人ホーム馬込,社会福祉法人池上長寿園,社会福祉法人（社協以外）,1371111160,東京都大田区西馬込２－１１－２,03-6303-8307,2016-04-01,特養の併設事業所型,,,http://www.ikegami.or.jp/facility/magome/tabid/195/Default.aspx,35.589794500000000,139.701598099999950
短期入所生活介護,大田区,13111,特別養護老人ホーム　花みずき,社会福祉法人松風会,社会福祉法人（社協以外）,1371111319,東京都大田区大森西４－１２－１,03-6436-8899,2016-07-01,特養の併設事業所型,,,http://hanamizuki-syohukai.jp/,35.572629845974530,139.723191633065770
短期入所生活介護,大田区,13111,特別養護老人ホームさくらのみち紫苑,社会福祉法人櫻灯会,社会福祉法人（社協以外）,1371111657,東京都大田区矢口３－１１－３,03-6715-4373,2017-06-01,特養の併設事業所型,,30,http://outoukai.com,35.559590400000000,139.694095299999960
短期入所生活介護,大田区,13111,介護老人福祉施設　ケアホーム千鳥,社会福祉法人兵庫福祉会,社会福祉法人（社協以外）,1371111913,東京都大田区千鳥２－３４－２５,03-5741-8500,2018-04-01,特養の併設事業所型,,12,https://www.chidori.tokuyou.jp/,35.568650200000000,139.694980999999980
短期入所生活介護,大田区,13111,ショートステイ誠心園,社会福祉法人久盛福祉会,社会福祉法人（社協以外）,1371112754,東京都大田区西糀谷１－１－１２,03-6423-8026,2020-08-01,特養の併設事業所型,,,https://amasagi.or.jp/seishinen/,35.559393256868690,139.728469340748350
短期入所生活介護,大田区,13111,特別養護老人ホーム羽田,社会福祉法人池上長寿園,社会福祉法人（社協以外）,1371113125,東京都大田区本羽田３－２３－４５,03-3745-5351,2021-07-01,特養の併設事業所型,,,https://www.ikegami.or.jp/,35.545861653604724,139.735898419573970
短期入所生活介護,世田谷区,13112,有隣ホーム,社会福祉法人東京有隣会,社会福祉法人（社協以外）,1371200583,東京都世田谷区船橋2-15-38,03-3484-0600,2000-04-01,特養の併設事業所型,,,,,
短期入所生活介護,世田谷区,13112,久我山園,社会福祉法人康和会,社会福祉法人（社協以外）,1371200609,東京都世田谷区北烏山２－１４－１４,03-3309-3211,2000-04-01,特養の併設事業所型,,2,http://www.kugayama-en.org/,35.681313800000000,139.598416899999960
短期入所生活介護,世田谷区,13112,第２有隣ホーム,社会福祉法人東京有隣会,社会福祉法人（社協以外）,1371200625,東京都世田谷区船橋2-15-38,03-3482-3911,2000-04-01,特養の併設事業所型,,10,https://www.tokyoyurinkai.or.jp/,35.651023900000000,139.619191499999940
短期入所生活介護,世田谷区,13112,フレンズホーム,社会福祉法人日本フレンズ奉仕団,社会福祉法人（社協以外）,1371200633,東京都世田谷区下馬二丁目２１番１１号,03-3422-7211,2000-02-01,特養の併設事業所型,,,https://www.n-friends.or.jp,35.640176300000000,139.675889900000010
短期入所生活介護,世田谷区,13112,砧ホーム,社会福祉法人友愛十字会,社会福祉法人（社協以外）,1371200641,東京都世田谷区砧３－９－１１,03-3416-3164,2000-02-01,特養の併設事業所型,,4,http://www.yuai.or.jp/,35.636000900000000,139.613498400000030
短期入所生活介護,世田谷区,13112,千歳敬心苑,社会福祉法人敬心福祉会,社会福祉法人（社協以外）,1371200666,東京都世田谷区給田五丁目９番５号,03-3307-1165,2000-04-01,特養の併設事業所型,,42,http://www.keisinen.or.jp/,35.672106000000000,139.585834900000000
短期入所生活介護,世田谷区,13112,特別養護老人ホーム　成城アルテンハイム,社会福祉法人古木会,社会福祉法人（社協以外）,1371201276,東京都世田谷区成城６－１３－１７,03-3483-8001,2000-03-01,特養の併設事業所型,,,http://www.h2.dion.ne.jp/~furuiki/,35.641755200000000,139.600018699999960
短期入所生活介護,世田谷区,13112,特別養護老人ホーム等々力の家,社会福祉法人奉優会,社会福祉法人（社協以外）,1371202217,東京都世田谷区等々力８丁目２６番１６号,03-5752-0030,2001-04-01,特養の併設事業所型,,12,http://www.foryou.or.jp,35.617334000000010,139.652031699999950
短期入所生活介護,世田谷区,13112,短期入所生活介護　博水の郷,社会福祉法人大三島育徳会,社会福祉法人（社協以外）,1371202894,東京都世田谷区鎌田３－１６－６,03-5491-0340,2002-05-01,特養の併設事業所型,,,http://www.oomishima.jp/,35.619720200000000,139.615935400000000
短期入所生活介護,世田谷区,13112,喜多見ホーム,社会福祉法人南山会,社会福祉法人（社協以外）,1371202910,東京都世田谷区喜多見七丁目２０番２６号,03-5727-1161,2002-05-01,特養の併設事業所型,,10,http://nanzankai-kitami.sakura.ne.jp/,35.632384400000000,139.595972500000020
短期入所生活介護,世田谷区,13112,東京敬寿園,社会福祉法人敬寿会,社会福祉法人（社協以外）,1371203587,東京都世田谷区上祖師谷７丁目１番１号,03-5313-0008,2003-07-01,特養の併設事業所型,,4,http://www.keijuen.or.jp/tokyo/index.html,35.658163700000000,139.594779300000030
短期入所生活介護,世田谷区,13112,等々力共愛ホームズ,社会福祉法人老後を幸せにする会,社会福祉法人（社協以外）,1371204858,東京都世田谷区等々力一丁目２４番１１号,03-5706-6588,2004-10-01,特養の空床利用型,,3,http://rougo-happy.or.jp/,35.603913500000000,139.648402000000030
短期入所生活介護,世田谷区,13112,老人短期入所事業フォーライフ桃郷,社会福祉法人寿心会,社会福祉法人（社協以外）,1371205673,東京都世田谷区北烏山７－８－１１,03-3300-1600,2005-10-01,特養の併設事業所型,,,https://www.jyusinkai.or.jp,35.677252900000000,139.592334199999980
短期入所生活介護,世田谷区,13112,せたがや給田乃杜（ショートステイ）,社会福祉法人七日会,社会福祉法人（社協以外）,1371208537,東京都世田谷区給田５－３－５,03-5384-7277,2010-05-01,特養の併設事業所型,,15,http://www.nanokakai.jp,35.673147600000000,139.588262500000040
短期入所生活介護,世田谷区,13112,特別養護老人ホーム　エリザベート成城,社会福祉法人緑風会,社会福祉法人（社協以外）,1371212612,東京都世田谷区成城８－２７－２４,03-3789-8100,2014-12-01,特養の併設事業所型,,20,http://www.ryokufu1984.or.jp/,35.648051056336300,139.594352941595400
短期入所生活介護,世田谷区,13112,特別養護老人ホーム　深沢共愛ホームズ,社会福祉法人老後を幸せにする会,社会福祉法人（社協以外）,1371214592,東京都世田谷区深沢１－３２－２１,03-5760-6331,2017-08-01,特養の併設事業所型,,,http://rougo-happy.or.jp/,35.618892400000000,139.665788700000000
短期入所生活介護,世田谷区,13112,特別養護老人ホーム下馬の家,社会福祉法人奉優会,社会福祉法人（社協以外）,1371215425,東京都世田谷区下馬２－２５－８,03-6805-5620,2019-01-01,特養の空床利用型,,,https://www.foryou.or.jp/facility/shimouma/w114/,35.641964600000000,139.678320400000000
短期入所生活介護,世田谷区,13112,短期入所生活介護施設馬事公苑,社会福祉法人恵神会,社会福祉法人（社協以外）,1371215540,東京都世田谷区上用賀４－１５－１２,03-6804-4835,2019-05-01,特養の併設事業所型,,8,http://f-keishinkai.jp/,35.635642877048050,139.631108345368940
短期入所生活介護,世田谷区,13112,短期入所生活介護　ときわぎ世田谷,社会福祉法人常盤会,社会福祉法人（社協以外）,1371215680,東京都世田谷区下馬２－３－１０,03-6413-8571,2019-09-01,特養の併設事業所型,,10,https://www.tokiwakai.tokyo,35.638213100000000,139.677376200000000
短期入所生活介護,世田谷区,13112,介護老人福祉施設　ラペ二子玉川,社会福祉法人緑樹会,社会福祉法人（社協以外）,1371215755,東京都世田谷区瀬田４－５－５,03-6805-6678,2019-10-01,特養の併設事業所型,,,https://ryokujyukai.com,35.619368600000000,139.624383399999940
短期入所生活介護,世田谷区,13112,老人短期入所施設さくらほうむ,社会福祉法人ケアネット,社会福祉法人（社協以外）,1371215854,東京都世田谷区弦巻３－３－１７,03-6809-7603,2020-01-01,特養の併設事業所型,,10,http://www.yayoi-home.com,35.635534600000014,139.648299600000000
短期入所生活介護,世田谷区,13112,ケアプラスホテル　瀬田ステイ,株式会社ＳＯＹＯＫＡＺＥ,営利法人,1371216043,東京都世田谷区瀬田１－２５－４,03-5491-7017,2020-06-01,単独型,,24,https://www.sykz.co.jp/shisetsu-zaitaku/134183,35.615901500000014,139.633747300000000
短期入所生活介護,世田谷区,13112,特別養護老人ホーム芦花ホーム,社会福祉法人世田谷区社会福祉事業団,社会福祉法人（社協以外）,1371216332,東京都世田谷区粕谷２－２３－１,03-5317-1094,2021-04-01,特養の併設事業所型,,,https://www.setagayaj.or.jp/service/nursinghome/roka,35.665858700000000,139.609965000000000
短期入所生活介護,世田谷区,13112,特別養護老人ホーム上北沢ホーム,社会福祉法人世田谷区社会福祉事業団,社会福祉法人（社協以外）,1371216340,東京都世田谷区上北沢１－２８－１７,03-3306-5155,2021-04-01,特養の併設事業所型,,,https://www.setagayaj.or.jp/,35.663520400000000,139.626159800000000
短期入所生活介護,世田谷区,13112,短期入所生活介護きたざわ苑,社会福祉法人正吉福祉会,社会福祉法人（社協以外）,1371216357,東京都世田谷区北沢５－２４－１８,03-5453-5620,2021-04-01,特養の併設事業所型,,,http://www.shoukichi.org/kitazawa/,35.670227000000000,139.671049400000000
短期入所生活介護,世田谷区,13112,特別養護老人ホーム　ハートハウス成城,社会福祉法人青藍会,社会福祉法人（社協以外）,1371216985,東京都世田谷区成城３－２－９,03-3416-5820,2023-07-01,特養の空床利用型,,,,,
短期入所生活介護,世田谷区,13112,世田谷希望丘ホーム　ショートステイ,社会福祉法人楽晴会,社会福祉法人（社協以外）,1371216993,東京都世田谷区船橋６－２５－２５,03-5316-5383,2023-07-01,特養の併設事業所型,,,https://www.rakuseikai.or.jp/,35.659379400000000,139.621533600000000
短期入所生活介護,世田谷区,13112,特別養護老人ホーム　弦巻の家,社会福祉法人奉優会,社会福祉法人（社協以外）,1371217025,東京都世田谷区弦巻５－３４－５,03-6413-7811,2023-08-01,特養の併設事業所型,,,https://foryou.or.jp,35.636220511866880,139.636859896295160
短期入所生活介護,世田谷区,13112,地域密着型特別養護老人ホーム寿満ホームかみきたざわ,社会福祉法人世田谷区社会福祉事業団,社会福祉法人（社協以外）,1371217322,東京都世田谷区上北沢１－３２－１１,03-6824-9080,2024-08-01,特養の併設事業所型,,,https://www.setagayaj.or.jp/,35.664101462526260,139.623308882209000
短期入所生活介護,世田谷区,13112,特別養護老人ホーム代田の家,社会福祉法人奉優会,社会福祉法人（社協以外）,1371217694,東京都世田谷区代田１－２１－１１,03-5787-6057,2025-05-01,特養の空床利用型,,,,,
短期入所生活介護,世田谷区,13112,特別養護老人ホーム上用賀の家,社会福祉法人奉優会,社会福祉法人（社協以外）,1371218015,東京都世田谷区上用賀６－２－９,03-6804-4591,2026-06-01,特養の空床利用型,,,,,
短期入所生活介護,渋谷区,13113,渋谷区あやめの苑・代々木,渋谷区,地方公共団体（市町村）,1371300235,東京都渋谷区代々木３－３５－１,03-3372-1103,2000-03-01,特養の併設事業所型,,,https://shibuyaswc.jp,35.682560600000000,139.693128700000000
短期入所生活介護,渋谷区,13113,つるとかめ,社会福祉法人中都,社会福祉法人（社協以外）,1371300243,東京都渋谷区笹塚２丁目３１番８号,03-3376-1341,2000-04-01,特養の併設事業所型,,,http://www.nakato.or.jp/,35.674468999999990,139.663781500000030
短期入所生活介護,渋谷区,13113,パール代官山,社会福祉法人パール,社会福祉法人（社協以外）,1371300250,東京都渋谷区鉢山町３番２７号,03-5458-4811,1999-12-01,特養の併設事業所型,,10,http://www.shibuya-pearl.or.jp,35.652733874913460,139.698681562565670
短期入所生活介護,渋谷区,13113,特別養護老人ホーム　渋谷区美竹の丘・しぶや,渋谷区,地方公共団体（市町村）,1371301688,東京都渋谷区渋谷１－１８－９,03-5464-6800,2005-12-01,特養の併設事業所型,,,https://shibuyaswc.jp/,35.661795200000000,139.704581200000000
短期入所生活介護,渋谷区,13113,渋谷区けやきの苑・西原,社会福祉法人武蔵野療園,社会福祉法人（社協以外）,1371301902,東京都渋谷区西原二丁目１９番１号,03-5453-0515,2007-04-01,特養の併設事業所型,,,http://www.m-keyaki.jp/,35.674075100000000,139.679519100000000
短期入所生活介護,渋谷区,13113,日本赤十字総合福祉センター　特別養護老人ホーム　レクロス広尾　短期入所生活介護事業兼介護,日本赤十字社,その他法人,1371302637,東京都渋谷区広尾４－１－２３,03-6861-4800,2012-04-01,特養の併設事業所型,,10,https://hiroo.jrc.or.jp/,35.654520326111230,139.718956953303520
短期入所生活介護,渋谷区,13113,渋谷区総合ケアコミュニティ・せせらぎ高齢者在宅サービスセンター,社会福祉法人奉優会,社会福祉法人（社協以外）,1371302710,東京都渋谷区西原１－４０－１０,03-5790-0887,2012-04-01,特養の併設事業所型,,7,http://www.foryou.or.jp,35.675299300000000,139.681844100000000
短期入所生活介護,渋谷区,13113,杜の風・上原　短期入所生活介護正吉苑,社会福祉法人正吉福祉会,社会福祉法人（社協以外）,1371302843,東京都渋谷区上原２－２－１７,03-6407-4233,2013-04-01,特養の併設事業所型,,,http://www.shoukichi.org,35.667826394080954,139.684090423278800
短期入所生活介護,渋谷区,13113,渋谷区つばめの里・本町東,社会福祉法人奉優会,社会福祉法人（社協以外）,1371303981,東京都渋谷区本町３－４６－１,03-6383-3872,2023-04-01,特養の併設事業所型,,,https://www.foryou.or.jp/,35.687472500000000,139.682004800000000
短期入所生活介護,中野区,13114,中野友愛ホーム,社会福祉法人武蔵野療園,社会福祉法人（社協以外）,1371400282,東京都中野区江古田2-24-11,03-3389-5515,2000-01-04,特養の空床利用型,,,,35.727277099999990,139.664156899999970
短期入所生活介護,中野区,13114,中野区かみさぎ特別養護老人ホーム,社会福祉法人武蔵野療園,社会福祉法人（社協以外）,1371400290,東京都中野区上鷺宮３－１７－４,03-3926-8443,2001-04-01,特養の併設事業所型,,,https://kamisagi.studio.site/,35.735195100000000,139.631395600000020
短期入所生活介護,中野区,13114,ベタニアホーム,社会福祉法人慈生会,社会福祉法人（社協以外）,1371400308,東京都中野区江古田３－１５－２,03-3387-3388,2000-02-01,特養の併設事業所型,,8,,35.729094500000000,139.664012700000000
短期入所生活介護,中野区,13114,浄風園,社会福祉法人浄風園,社会福祉法人（社協以外）,1371400316,東京都中野区江古田四丁目１９番９号,03-3386-3751,2000-02-01,特養の併設事業所型,,,http://johu-en.server-shared.com,35.727382700000000,139.663204200000000
短期入所生活介護,中野区,13114,老人短期入所施設　弥生ホーム,社会福祉法人ケアネット,社会福祉法人（社協以外）,1371401231,東京都中野区弥生町２－４２－２,03-5342-0820,2002-02-01,特養の併設事業所型,,5,http://www.yayoi-home.com,35.691950500000000,139.672455000000000
短期入所生活介護,中野区,13114,特別養護老人ホーム　しらさぎホーム,社会福祉法人中野区福祉サービス事業団,社会福祉法人（社協以外）,1371401546,東京都中野区白鷺二丁目５１番５号,03-3336-6511,2003-04-01,特養の併設事業所型,,9,https://www.nakano-fj.jp/,35.720019000000000,139.631982099999960
短期入所生活介護,中野区,13114,特別養護老人ホーム　小淀ホーム,社会福祉法人中野区福祉サービス事業団,社会福祉法人（社協以外）,1371401561,東京都中野区中央１－１８－３,03-3366-6511,2003-04-01,特養の併設事業所型,,4,http://www.nakano-fj.jp,35.700236100000010,139.687212000000040
短期入所生活介護,中野区,13114,短期入所生活介護事業所　江古田の森,社会福祉法人南東北福祉事業団,社会福祉法人（社協以外）,1371402841,東京都中野区江古田３－１４－１９,03-5318-3711,2007-04-01,特養の併設事業所型,,,http://www.kaigo-egota.com/,35.729588000000010,139.665365000000060
短期入所生活介護,中野区,13114,老人短期入所施設　おたきほうむ,社会福祉法人ケアネット,社会福祉法人（社協以外）,1371404243,東京都中野区東中野５－１７－３０,03-5937-2160,2013-04-01,特養の空床利用型,,,http://care-net.biz/13/carenet/,35.709487800000000,139.688492000000000
短期入所生活介護,中野区,13114,特別養護老人ホーム　中野すみれ園,社会福祉法人すみれ福祉会,社会福祉法人（社協以外）,1371405836,東京都中野区弥生町６－７－１６,03-6382-6511,2019-07-01,特養の併設事業所型,,12,https://nakano-sumire.jp/,35.685837000000000,139.661477400000000
短期入所生活介護,中野区,13114,東京令和館　中野,社会福祉法人東京武尊会,社会福祉法人（社協以外）,1371405976,東京都中野区江古田４－４３－５,03-3386-8038,2020-04-01,特養の併設事業所型,,,http://tokyo-busonkai.or.jp/,35.725310900000025,139.659037100000000
短期入所生活介護,中野区,13114,ショートステイひなぎくの丘,社会福祉法人武蔵野療園,社会福祉法人（社協以外）,1371509165,東京都中野区弥生町５－１１－１５,03-3381-1711,2016-06-01,特養の併設事業所型,,68,http://hinagikuno-oka.org,35.687425900000000,139.668080499999970
短期入所生活介護,杉並区,13115,南陽園,社会福祉法人浴風会,社会福祉法人（社協以外）,1371500222,東京都杉並区高井戸西1-12-1,03-3334-2159,2000-03-01,特養の併設事業所型,,12,https://www.yokufuukai.or.jp/facility/nanyo_en.html,35.679750313145170,139.609749131877150
短期入所生活介護,杉並区,13115,第二南陽園,社会福祉法人浴風会,社会福祉法人（社協以外）,1371500230,東京都杉並区高井戸西１－１２－１,03-3334-2197,2000-03-01,特養の併設事業所型,,6,http://www.yokufuukai.or.jp,35.680386500000000,139.609904700000010
短期入所生活介護,杉並区,13115,さんじゅ阿佐谷,社会福祉法人杉樹会,社会福祉法人（社協以外）,1371500248,東京都杉並区阿佐谷北1-2-1,03-5373-3911,2000-02-01,特養の併設事業所型,,5,http://www.sanjyukai.jp/,35.705176200000000,139.640084600000020
短期入所生活介護,杉並区,13115,和田堀ホーム,社会福祉法人真松之会,社会福祉法人（社協以外）,1371500958,東京都杉並区和田２－２７－８,03-3316-2943,2000-04-01,特養の空床利用型,,,http://www.shinsyounokai.or.jp,35.690275199999990,139.655145200000000
短期入所生活介護,杉並区,13115,社会福祉法人　浴風会特別養護老人ホーム第三南陽園,社会福祉法人浴風会,社会福祉法人（社協以外）,1371501758,東京都杉並区高井戸西１－１２－１,03-3334-2193,2002-04-01,特養の併設事業所型,,,https://www.yokufuukai.or.jp/facility/nanyo_en3.html,35.680386500000000,139.609904700000010
短期入所生活介護,杉並区,13115,さんじゅ久我山,社会福祉法人杉樹会,社会福祉法人（社協以外）,1371502335,東京都杉並区久我山３－４７－１６,03-5346-5351,2003-04-01,特養の併設事業所型,,6,http://www.sanjyukai.jp,35.689901800000010,139.593233700000040
短期入所生活介護,杉並区,13115,特別養護老人ホームすぎなみ正吉苑,社会福祉法人正吉福祉会,社会福祉法人（社協以外）,1371502988,東京都杉並区清水２－１５－２４,03-5303-5822,2004-04-01,特養の併設事業所型,,60,http://www.shoukichi.org/,35.714277800000000,139.617794700000000
短期入所生活介護,杉並区,13115,特別養護老人ホーム上井草園,社会福祉法人サンフレンズ,社会福祉法人（社協以外）,1371503036,東京都杉並区上井草３丁目３３番１０号,03-3394-1094,2004-04-01,特養の併設事業所型,,9,http://www.3friends.or.jp,35.724223399999990,139.602965199999970
短期入所生活介護,杉並区,13115,特別養護老人ホームサンフレンズ善福寺,社会福祉法人サンフレンズ,社会福祉法人（社協以外）,1371504968,東京都杉並区善福寺３－２７－１１,03-5303-0756,2007-08-01,特養の併設事業所型,,4,https://www.3friends.or.jp,35.715410100000000,139.587397400000000
短期入所生活介護,杉並区,13115,指定介護老人福祉施設　マイルドハート高円寺,社会福祉法人鵜足津福祉会,社会福祉法人（社協以外）,1371505635,東京都杉並区高円寺北１－２８－１,03-5345-5981,2009-07-01,特養の併設事業所型,,21,http://www.utazufukushikai.or.jp,35.709042600000000,139.657783000000000
短期入所生活介護,杉並区,13115,せらび荻窪,株式会社ソラスト,営利法人,1371506021,東京都杉並区今川４－８－８,03-3301-6541,2010-06-01,単独型,,25,https://www.solasto.co.jp/,35.715450000000000,139.598224600000000
短期入所生活介護,杉並区,13115,救世軍恵みの家,社会福祉法人救世軍社会事業団,社会福祉法人（社協以外）,1371507813,東京都杉並区和田１－４１－１１,03-3381-7243,2013-05-01,特養の併設事業所型,,,http://www.salvationarmy.or.jp/,35.691775200000000,139.659425400000030
短期入所生活介護,杉並区,13115,特別養護老人ホーム　和泉サナホーム,社会福祉法人仁愛会,社会福祉法人（社協以外）,1371508290,東京都杉並区和泉４－１６－１０,03-6379-3195,2014-05-01,特養の併設事業所型,,6,http://www.jinaikai.jp,35.678503088172460,139.649617150926250
短期入所生活介護,杉並区,13115,特別養護老人ホーム　愛敬苑,社会福祉法人慈雲会,社会福祉法人（社協以外）,1371508357,東京都杉並区和田１－３－７,03-6304-8746,2014-06-01,特養の併設事業所型,,10,http://jiunkai.org/,35.689689400000000,139.663950200000040
短期入所生活介護,杉並区,13115,特別養護老人ホーム　沓掛ホーム,社会福祉法人奉優会,社会福祉法人（社協以外）,1371508472,東京都杉並区本天沼３－３４－２８,03-3395-0900,2014-10-01,特養の併設事業所型,,12,http://www.foryou.or.jp,35.716222100000000,139.622085900000000
短期入所生活介護,杉並区,13115,特別養護老人ホームおぎくぼ紫苑,社会福祉法人櫻灯会,社会福祉法人（社協以外）,1371509397,東京都杉並区荻窪３－７－３０,03-6915-1593,2016-11-01,特養の併設事業所型,,10,http://outoukai.com,35.703368100000000,139.621011400000040
短期入所生活介護,杉並区,13115,永福南社会福祉ガーデン,社会福祉法人健誠会,社会福祉法人（社協以外）,1371509801,東京都杉並区永福１－７－６,03-6379-3011,2018-03-01,特養の併設事業所型,,,,,
短期入所生活介護,杉並区,13115,特別養護老人ホーム新泉サナホーム,社会福祉法人仁愛会,社会福祉法人（社協以外）,1371510148,東京都杉並区和泉１－４４－１９,03-6379-0182,2018-11-01,特養の併設事業所型,,,https://www.jinaikai.jp,35.676192794283380,139.656160833766420
短期入所生活介護,杉並区,13115,リバービレッジ杉並,社会福祉法人真光会,社会福祉法人（社協以外）,1371510221,東京都杉並区清水３－３－１３,03-6913-8185,2019-03-01,特養の併設事業所型,,10,https://rvsuginami.jp/,35.706252700000000,139.609004199999960
短期入所生活介護,杉並区,13115,山河短期入所生活介護,社会福祉法人さわらび会,社会福祉法人（社協以外）,1371510403,東京都杉並区高井戸東３－３０－１３,03-5935-8806,2019-09-01,特養の併設事業所型,,21,https://www.sawarabikai..or.jp,35.686935200000000,139.618274899999960
短期入所生活介護,杉並区,13115,ショートステイかえで園,社会福祉法人桐仁会,社会福祉法人（社協以外）,1371510619,東京都杉並区宮前５－５－１,03-5344-7117,2020-09-01,特養の併設事業所型,,78,http://www.tojinkai.or.jp,35.692644500000000,139.598747300000000
短期入所生活介護,杉並区,13115,短期入所生活介護　プライムガーデンズ高円寺,社会福祉法人三養福祉会,社会福祉法人（社協以外）,1371510635,東京都杉並区高円寺南５－３３－７,03-5377-3333,2020-11-01,特養の併設事業所型,,,http://sanyoufukushikai.com,35.705109200000000,139.655571800000000
短期入所生活介護,杉並区,13115,特別養護老人ホーム　フェニックス杉並,社会福祉法人暁会,社会福祉法人（社協以外）,1371510825,東京都杉並区天沼３－１９－１４,03-5335-5100,2021-12-01,特養の併設事業所型,,,https://suginami.akatsukikai.com/,35.709962399999990,139.620226800000040
短期入所生活介護,豊島区,13116,特別養護老人ホーム池袋ほんちょうの郷,社会福祉法人フロンティア,社会福祉法人（社協以外）,1371600519,東京都豊島区池袋本町１‐２９‐１２,03-3971-6541,2000-01-04,特養の空床利用型,,,http://www.frontier-sw.or.jp/,35.739780506309735,139.714879695327650
短期入所生活介護,豊島区,13116,ゆたか苑,社会福祉法人恩賜財団東京都同胞援護会,社会福祉法人（社協以外）,1371600766,東京都豊島区長崎３－２６－４,03-3959-2129,2000-03-01,特養の併設事業所型,,4,http://www.yutakaen-douen.com/,35.731526800000000,139.687949099999970
短期入所生活介護,豊島区,13116,特別養護老人ホームシオンとしま,社会福祉法人清栄会,社会福祉法人（社協以外）,1371602077,東京都豊島区池袋１－４－１１,03-3984-7477,2004-08-01,特養の併設事業所型,,2,http://www.seiei-kai.jp/,35.734683500000000,139.713365999999950
短期入所生活介護,豊島区,13116,特別養護老人ホーム菊かおる園,社会福祉法人豊島区社会福祉事業団,社会福祉法人（社協以外）,1371602457,東京都豊島区西巣鴨２－３０－１９,03-3576-2266,2005-04-01,特養の併設事業所型,,,https://www.toshimaj.or.jp/kourei/k_shisetsu/s_kiku/,35.739325099999990,139.728478600000020
短期入所生活介護,豊島区,13116,特別養護老人ホーム　アトリエ村,社会福祉法人豊島区社会福祉事業団,社会福祉法人（社協以外）,1371602523,東京都豊島区長崎４－２３－１,03-5965-3400,2005-04-01,特養の併設事業所型,,8,https://www.toshimaj.or.jp,35.730321400000000,139.686265999999930
短期入所生活介護,豊島区,13116,池袋敬心苑,社会福祉法人敬心福祉会,社会福祉法人（社協以外）,1371602531,東京都豊島区南池袋３－７－８,03-5958-1165,2005-04-01,特養の併設事業所型,,,http://www.keishinen.or.jp/ikebukuro/home/index.html,35.723551100000000,139.712099900000000
短期入所生活介護,豊島区,13116,特別養護老人ホーム　風かおる里,社会福祉法人豊島区社会福祉事業団,社会福祉法人（社協以外）,1371602549,東京都豊島区南長崎６－１５－６,03-5982-1021,2005-04-01,特養の併設事業所型,,,http://www.toshimaj.or.jp,35.730943500000000,139.679044300000000
短期入所生活介護,豊島区,13116,特別養護老人ホーム　山吹の里,社会福祉法人フロンティア,社会福祉法人（社協以外）,1371602564,東京都豊島区高田３－３７－１７,03-3981-5051,2005-04-01,特養の併設事業所型,,4,http://frontier-sw.or.jp,35.715987600672870,139.710525433729570
短期入所生活介護,豊島区,13116,ショートステイ　しあわせの灯,社会福祉法人櫻灯会,社会福祉法人（社協以外）,1371604826,東京都豊島区南池袋４－５－１,03-5927-8050,2014-07-01,単独型,,,http://www.outoukai.or.jp,35.721568200000000,139.716643999999970
短期入所生活介護,豊島区,13116,短期入所生活介護　千川の杜,社会福祉法人七日会,社会福祉法人（社協以外）,1371605013,東京都豊島区要町３－５４－９,03-5917-0370,2015-04-01,特養の併設事業所型,,12,http://www.nanokakai.jp/senkawa-no-mori/,35.740659200000000,139.689187500000000
短期入所生活介護,豊島区,13116,東池袋桑の実園ショートステイ,社会福祉法人桑の実園福祉会,社会福祉法人（社協以外）,1371605203,東京都豊島区東池袋５－３９－１８,03-5928-1360,2015-11-01,特養の併設事業所型,,10,,35.728192900000000,139.725704100000030
短期入所生活介護,北区,13117,王子光照苑,社会福祉法人光照園,社会福祉法人（社協以外）,1371700251,東京都北区王子3-3-1,03-3927-9851,2000-03-01,特養の併設事業所型,,2,http://www.o-kousyoen.com,35.760442300000000,139.732963599999950
短期入所生活介護,北区,13117,ウエルガーデン西が丘園,社会福祉法人ウエルガーデン,社会福祉法人（社協以外）,1371700764,東京都北区西が丘三丁目１６番地２７,03-5924-7711,2000-02-01,特養の併設事業所型,,,http://www.welgarden.or.jp/nishigaokaen/,35.767268500000000,139.706854499999960
短期入所生活介護,北区,13117,みずべの苑,社会福祉法人うらら,社会福祉法人（社協以外）,1371701408,東京都北区志茂３－６－５,03-3598-0130,2001-04-01,特養の併設事業所型,,,http://www.urara.or.jp,35.776679199999980,139.735976599999960
短期入所生活介護,北区,13117,東京都北区立特別養護老人ホーム桐ケ丘やまぶき荘,社会福祉法人東京聖労院,社会福祉法人（社協以外）,1371703305,東京都北区浮間３－１１－２６,03-6454-5130,2006-04-01,特養の併設事業所型,,,http://www.seirouin.or.jp/yamabuki/,35.778719700000000,139.706526400000030
短期入所生活介護,北区,13117,赤羽北さくら荘,社会福祉法人東京都福祉事業協会,社会福祉法人（社協以外）,1371703354,東京都北区赤羽北３－６－１０,03-3900-3901,2006-04-01,特養の併設事業所型,,,https://www.ak-sakurasou.org/,35.783063654981230,139.707072648471000
短期入所生活介護,北区,13117,東京都北区立特別養護老人ホーム清水坂あじさい荘,社会福祉法人北区社会福祉事業団,社会福祉法人（社協以外）,1371703370,東京都北区中十条４－１６－３２,03-5924-2026,2006-04-01,特養の併設事業所型,,,http://www.kitajigyo.com,35.786576024467735,139.699396815092500
短期入所生活介護,北区,13117,東京都北区立特別養護老人ホーム上中里つつじ荘,社会福祉法人北区社会福祉事業団,社会福祉法人（社協以外）,1371703420,東京都北区上中里２－４５－２,03-5390-6003,2006-04-01,特養の併設事業所型,,,http://kitajigyo.com/aged_service/kaminakazato/short.html,35.744240443665156,139.755033160617730
短期入所生活介護,北区,13117,ユニット型短期入所生活介護　うきま幸朋苑,社会福祉法人こうほうえん,社会福祉法人（社協以外）,1371703776,東京都北区浮間５－１３－１,03-5914-1333,2007-04-01,特養の併設事業所型,,19,http://www.kohoen.jp,35.784710000000000,139.692485800000000
短期入所生活介護,北区,13117,ショートステイサービス　飛鳥晴山苑,社会福祉法人晴山会,社会福祉法人（社協以外）,1371704253,東京都北区西ケ原４－５１－１,03-3940-9177,2008-05-01,特養の併設事業所型,,,https://seizan-kai.or.jp/asuka-seizanen/,35.741436000000000,139.735894700000020
短期入所生活介護,北区,13117,新町光陽苑,社会福祉法人泉陽会,社会福祉法人（社協以外）,1371705474,東京都北区田端新町２－２７－１６,03-5855-1185,2013-04-01,特養の併設事業所型,,10,http://www.senyoukai.or.jp,35.740603600000000,139.767656300000000
短期入所生活介護,北区,13117,新町光陽苑,社会福祉法人泉陽会,社会福祉法人（社協以外）,1371706225,東京都北区田端新町２－２７－１６,03-5855-1185,2015-07-01,特養の空床利用型,,,,,
短期入所生活介護,北区,13117,赤羽北さくら荘,社会福祉法人東京都福祉事業協会,社会福祉法人（社協以外）,1371706654,東京都北区赤羽北３－６－１０,03-3900-3901,2019-04-01,特養の空床利用型,,,,,
短期入所生活介護,荒川区,13118,短期入所生活介護さくら館,社会福祉法人北養会,社会福祉法人（社協以外）,1371801562,東京都荒川区町屋７－１０－６,03-3894-3561,2004-05-01,特養の併設事業所型,,,https://hokuyoukai.jp/sakura/,35.749384200000000,139.786831799999960
短期入所生活介護,荒川区,13118,ＡＬＳＯＫショートステイ荒川西尾久,ＡＬＳＯＫ介護株式会社,営利法人,1371802701,東京都荒川区西尾久３－１５－１,03-3809-7479,2009-01-01,特養以外の併設事業所型,,,,35.753363200000000,139.762697600000020
短期入所生活介護,荒川区,13118,特別養護老人ホーム　癒しの里南千住,社会福祉法人三幸福祉会,社会福祉法人（社協以外）,1371803378,東京都荒川区南千住６－６７－８,03-3803-3700,2012-06-01,特養の空床利用型,,,,,
短期入所生活介護,荒川区,13118,特別養護老人ホーム　癒しの里南千住,社会福祉法人三幸福祉会,社会福祉法人（社協以外）,1371803386,東京都荒川区南千住６－６７－８,03-3803-3700,2012-06-01,特養の併設事業所型,,,https://www.sanko-fukushi.jp/,35.738824600000000,139.794787499999980
短期入所生活介護,荒川区,13118,三河島ケアセンターそよ風,株式会社ＳＯＹＯＫＡＺＥ,営利法人,1371803493,東京都荒川区荒川５－３－３,03-5615-1770,2012-12-01,単独型,,,http://sykz.co.jp,35.737543300000010,139.775457500000020
短期入所生活介護,荒川区,13118,ショートステイ　おたけの郷,社会福祉法人エンゼル福祉会,社会福祉法人（社協以外）,1371803543,東京都荒川区町屋７－１８－１１,03-3894-0310,2013-03-01,特養の併設事業所型,,,http://otakenosato.jp,35.749809050879020,139.789181531877150
短期入所生活介護,荒川区,13118,荒川区立特別養護老人ホームサンハイム荒川,社会福祉法人カメリア会,社会福祉法人（社協以外）,1371804236,東京都荒川区南千住３－１４－７,03-3805-7450,2017-04-01,特養の併設事業所型,,,http://sunheim.camellia-kai.com/,35.730341199999984,139.803117100000000
短期入所生活介護,荒川区,13118,ショートステイ町屋,株式会社ソラスト,営利法人,1371804483,東京都荒川区町屋１－３８－２０,03-5692-5451,2019-06-01,単独型,,,https://www.solasto.co.jp,35.745331817510234,139.786567820762660
短期入所生活介護,荒川区,13118,荒川区立特別養護老人ホーム花の木ハイム荒川,社会福祉法人奉優会,社会福祉法人（社協以外）,1371804756,東京都荒川区荒川５－４７－２,03-5855-3321,2022-04-01,特養の併設事業所型,,6,https://www.foryou.or.jp/corp1/hananokiss/,35.739792500000000,139.776187700000000
短期入所生活介護,荒川区,13118,あそか　のぞみの郷,社会福祉法人あそか会,社会福祉法人（社協以外）,1371804897,東京都荒川区西尾久１－１－１２,03-3893-3517,2024-09-01,特養の併設事業所型,,,https://www.asokakai.or.jp,35.744416500000000,139.764866600000000
短期入所生活介護,板橋区,13119,東京武蔵野ホーム,社会福祉法人小茂根の郷,社会福祉法人（社協以外）,1371900281,東京都板橋区小茂根四丁目１１番１１号,03-3959-7421,2000-03-01,特養の併設事業所型,,9,http://www.komonenosato.com,35.746669600000000,139.675077399999960
短期入所生活介護,板橋区,13119,特別養護老人ホーム　ケアポート板橋,社会福祉法人不二健育会,社会福祉法人（社協以外）,1371900893,東京都板橋区舟渡三丁目４番８号,03-3969-3120,2000-02-01,特養の併設事業所型,,15,http://www.fujikenikukai.or.jp,35.792633500000000,139.681128299999950
短期入所生活介護,板橋区,13119,いずみの苑,社会福祉法人東京援護協会,社会福祉法人（社協以外）,1371900984,東京都板橋区東坂下２－２－２２,03-5970-9101,2000-02-01,特養の併設事業所型,,5,http://www.tokyoengokyokai.or.jp,35.783079600000000,139.689916700000030
短期入所生活介護,板橋区,13119,加賀さくらの杜,社会福祉法人寿栄会,社会福祉法人（社協以外）,1371901479,東京都板橋区加賀２－１－１,03-3579-0661,2000-04-01,特養の併設事業所型,,6,http://jyueikai.sakura.ne.jp,35.754086900000000,139.714920799999960
短期入所生活介護,板橋区,13119,若木ライフ,社会福祉法人信隆会,社会福祉法人（社協以外）,1371901990,東京都板橋区若木一丁目２１番３号,03-3933-3900,2000-05-01,特養の併設事業所型,,,http://shinryukai.org/wakagilife/,35.767878500000000,139.671954899999950
短期入所生活介護,板橋区,13119,ケアタウン成増,社会福祉法人みその福祉会,社会福祉法人（社協以外）,1371902535,東京都板橋区成増四丁目１４番１８号,03-3939-0763,2001-04-01,特養の併設事業所型,,4,http://www.misono-fukushikai.or.jp,35.783233500000000,139.635232399999950
短期入所生活介護,板橋区,13119,ショートステイ　マイライフ徳丸,社会福祉法人北野会,社会福祉法人（社協以外）,1371903525,東京都板橋区徳丸３－３２－２８,03-3933-0039,2003-04-01,特養の空床利用型,,4,http://kitanokai.com/,35.774996500000000,139.657078200000000
短期入所生活介護,板橋区,13119,ブルーポピー,社会福祉法人四葉晃耀会,社会福祉法人（社協以外）,1371904713,東京都板橋区大門８－５,03-5904-0220,2005-04-01,特養の併設事業所型,,,http://www.tshnet.or.jp/,35.783792200000000,139.649900700000000
短期入所生活介護,板橋区,13119,特別養護老人ホーム　音羽台レジデンス,社会福祉法人翠生会,社会福祉法人（社協以外）,1371906361,東京都板橋区成増４－３３－１,03-3939-0200,2008-10-01,特養の空床利用型,,7,http://www.suisei-kai.jp/index.html,35.786358000000000,139.634460100000070
短期入所生活介護,板橋区,13119,特別養護老人ホーム　板橋の里　英智園,社会福祉法人福翠会,社会福祉法人（社協以外）,1371906858,東京都板橋区前野町３－４５－７,03-5915-0225,2010-12-01,特養の併設事業所型,,5,http://care-net.biz/13/eichien/,35.771467600000000,139.693883300000040
短期入所生活介護,板橋区,13119,あずさわの里　短期入所生活介護,社会福祉法人相愛福祉会,社会福祉法人（社協以外）,1371907997,東京都板橋区小豆沢４－１４－３,03-5970-5300,2012-06-01,特養の空床利用型,,,http://www.kawatsuru-g.jp/,35.781024700000000,139.701040700000020
短期入所生活介護,板橋区,13119,メープルヴィラそよ風,株式会社ＳＯＹＯＫＡＺＥ,営利法人,1371908086,東京都板橋区東坂下２－２２－１４,03-5914-0190,2012-07-01,単独型,,33,,35.790021422939470,139.685289793254100
短期入所生活介護,板橋区,13119,クローバーのさと　ショートステイ　カウピリ板橋,社会福祉法人明東会,社会福祉法人（社協以外）,1371909373,東京都板橋区仲町１－４,03-3957-1098,2014-10-01,特養の併設事業所型,,20,http://www.ims.gr.jp/clover,35.751372600000000,139.699830600000040
短期入所生活介護,板橋区,13119,アズハイムテラス成増,株式会社アズパートナーズ,営利法人,1371909704,東京都板橋区成増１－２－３,03-3939-1870,2015-05-01,単独型,,,http://www.as-heim.com,35.774012600000010,139.633996400000000
短期入所生活介護,板橋区,13119,オーネスト成増短期入所生活介護事業所,社会福祉法人紫水会,社会福祉法人（社協以外）,1371909720,東京都板橋区成増４－２９－７,03-6904-3831,2015-05-01,特養の併設事業所型,,,,,
短期入所生活介護,板橋区,13119,三園の里短期入所生活介護,社会福祉法人相愛福祉会,社会福祉法人（社協以外）,1371909985,東京都板橋区三園２－１５－２２,03-5967-1140,2015-12-01,特養の併設事業所型,,,http://www.kawatsuru-g.jp,35.796882200000000,139.642902600000000
短期入所生活介護,板橋区,13119,ゆめの園りあん若葉　ショートステイ事業所,社会福祉法人ハッピーネット,社会福祉法人（社協以外）,1371910512,東京都板橋区若木３－１５－１,03-3935-5780,2017-01-01,特養の空床利用型,,,http://www.happynet.or.jp/,35.772088650820976,139.674205448548970
短期入所生活介護,板橋区,13119,パナソニック　エイジフリーケアセンター板橋大山西町・ショートステイ,パナソニックエイジフリー株式会社,営利法人,1371910744,東京都板橋区大山西町４１－１,03-5986-7056,2017-12-01,単独型,,20,https://panasonic.co.jp/es/pesaf/,35.746251811672366,139.694047678504150
短期入所生活介護,板橋区,13119,介護老人福祉施設ケアホーム板橋,社会福祉法人平成記念会,社会福祉法人（社協以外）,1371911346,東京都板橋区向原３－７－８,03-5964-5600,2019-06-01,特養の併設事業所型,,20,https://itabashi.tokuyou.jp/,35.744891486218820,139.684321236278920
短期入所生活介護,板橋区,13119,介護老人福祉施設ケアホーム板橋,社会福祉法人平成記念会,社会福祉法人（社協以外）,1371911361,東京都板橋区向原三丁目7番8号,03-5964-5600,2020-01-01,特養の空床利用型,,,https://itabashi.tokuyou.jp/,35.744894422020295,139.684308919712830
短期入所生活介護,板橋区,13119,ショートステイ　ケアサポートいたばし,ケアサポート株式会社,営利法人,1371911395,東京都板橋区高島平７－１１－４,03-5968-1765,2019-07-01,単独型,,,https://www.care-support.biz/facilities/itabashi/,35.790208700000000,139.655810999999970
短期入所生活介護,板橋区,13119,特別養護老人ホーム　サニーヒル板橋,社会福祉法人隆徳会,社会福祉法人（社協以外）,1371911437,東京都板橋区大原町６－８,03-5939-8832,2019-10-01,特養の併設事業所型,,11,http://sunnyhill.or.jp,35.769992452969234,139.701165142302500
短期入所生活介護,板橋区,13119,特別養護老人ホーム　みどりの苑,社会福祉法人奉優会,社会福祉法人（社協以外）,1371912245,東京都板橋区前野町５－９－３,03-5994-5927,2023-04-01,特養の空床利用型,,,https://www.foryou.or.jp/facility/midorinosono/w154/,35.771031400000010,139.685125700000000
短期入所生活介護,板橋区,13119,特別養護老人ホーム　ぽっかぽか板橋,社会福祉法人大樹会,社会福祉法人（社協以外）,1371912468,東京都板橋区中台３－２３－２６,03-6281-0051,2024-06-01,特養の併設事業所型,,,https://taijukai.com/,35.772034927071450,139.677543448410060
短期入所生活介護,練馬区,13120,光陽苑,社会福祉法人泉陽会,社会福祉法人（社協以外）,1372000537,東京都練馬区西大泉５－２１－２,03-3923-5264,2000-02-01,特養の併設事業所型,,4,https://senyoukai.or.jp/,35.756760100000000,139.569597199999970
短期入所生活介護,練馬区,13120,やすらぎの里大泉,社会福祉法人章佑会,社会福祉法人（社協以外）,1372000560,東京都練馬区大泉学園町七丁目１２番３２号,03-5387-5577,2000-03-01,特養の空床利用型,,,http://www.yasuragi1977.jp/,35.773033700000000,139.591364699999980
短期入所生活介護,練馬区,13120,第二光陽苑,社会福祉法人泉陽会,社会福祉法人（社協以外）,1372000602,東京都練馬区関町北５－７－２２,03-5991-9917,2000-02-01,特養の併設事業所型,,10,https://senyoukai.or.jp/,35.732677000000000,139.571847800000000
短期入所生活介護,練馬区,13120,やすらぎミラージュ,社会福祉法人章佑会,社会福祉法人（社協以外）,1372000610,東京都練馬区大泉町　４－２４－７,03-5905-1191,2000-03-01,特養の併設事業所型,,,http://www.yasuragi1977.jp,35.762715800000000,139.597467100000020
短期入所生活介護,練馬区,13120,特別養護老人ホーム　育秀苑,社会福祉法人育秀会,社会福祉法人（社協以外）,1372001006,東京都練馬区桜台２－２－８,03-3557-7637,2000-02-01,特養の併設事業所型,,5,http://www.ikushukai.or.jp/,35.742911600000000,139.667711500000000
短期入所生活介護,練馬区,13120,特別養護老人ホーム　第２育秀苑,社会福祉法人育秀会,社会福祉法人（社協以外）,1372001097,東京都練馬区羽沢２－８－１６,03-3991-0523,2000-02-01,特養の併設事業所型,,,https://www.ikushukai.or.jp/,35.743861600000000,139.671122299999980
短期入所生活介護,練馬区,13120,練馬キングス・ガーデン,社会福祉法人キングス・ガーデン東京,社会福祉法人（社協以外）,1372001105,東京都練馬区早宮２－１０－２２,03-5399-2201,2000-02-01,特養の併設事業所型,,8,http://www.kg-tokyo.or.jp,35.755040600000000,139.653209699999930
短期入所生活介護,練馬区,13120,練馬高松園,社会福祉法人東京福祉会,社会福祉法人（社協以外）,1372001592,東京都練馬区高松２－９－３,03-3926-8341,2000-04-01,特養の併設事業所型,,10,http://www.tfk.or.jp/,35.746763100000000,139.630331200000000
短期入所生活介護,練馬区,13120,特別養護老人ホーム土支田創生苑,社会福祉法人創生,社会福祉法人（社協以外）,1372002012,東京都練馬区土支田３－４－２０,03-3978-0801,2001-05-01,特養の併設事業所型,,,https://doshidasosei.com/,35.759536000000000,139.609757500000000
短期入所生活介護,練馬区,13120,短期入所生活介護施設　ｍｏｉ～モア～,社会福祉法人練馬豊成会,社会福祉法人（社協以外）,1372002954,東京都練馬区下石神井３－６－１３,03-3996-6600,2003-05-01,特養の併設事業所型,,10,http://www.nerimahouseikai.com,35.733527900000000,139.607145100000020
短期入所生活介護,練馬区,13120,短期入所生活介護事業所豊玉南しあわせの里,社会福祉法人安心会,社会福祉法人（社協以外）,1372003424,東京都練馬区豊玉南二丁目２６番地の６,03-5946-2323,2004-04-01,特養の併設事業所型,,7,http://www.anshin.or.jp,35.728682500000000,139.654413200000020
短期入所生活介護,練馬区,13120,こぐれの里,社会福祉法人東京雄心会,社会福祉法人（社協以外）,1372004265,東京都練馬区大泉学園町２－２６－２８,03-3925-0477,2005-04-01,特養の併設事業所型,,6,http://www.tokyoyushinkai.jp/kogurenosato/,35.758907500000000,139.584743399999980
短期入所生活介護,練馬区,13120,富士見台特別養護老人ホーム,社会福祉法人練馬区社会福祉事業団,社会福祉法人（社協以外）,1372005015,東京都練馬区富士見台１－２２－４,03-5241-6010,2006-04-01,特養の併設事業所型,,,http://www.nerima-swf.jp,35.733347800000000,139.621132699999970
短期入所生活介護,練馬区,13120,田柄特別養護老人ホーム,社会福祉法人練馬区社会福祉事業団,社会福祉法人（社協以外）,1372005023,東京都練馬区田柄４－１２－１０,03-3825-1551,2006-04-01,特養の併設事業所型,,,http://www.nerima-swf.jp/,35.762889100000000,139.635805000000000
短期入所生活介護,練馬区,13120,大泉特別養護老人ホーム,社会福祉法人練馬区社会福祉事業団,社会福祉法人（社協以外）,1372005049,東京都練馬区東大泉２－１１－２１,03-5387-2201,2006-04-01,特養の併設事業所型,,15,http://www.nerima-swf.jp,35.751125500000000,139.596170400000000
短期入所生活介護,練馬区,13120,特別養護老人ホーム　さくらヶ丘,社会福祉法人北山会,社会福祉法人（社協以外）,1372005494,東京都練馬区大泉学園町５－３０－３６,03-3978-1094,2007-02-01,特養の併設事業所型,,8,https://hokuzankai.or.jp,35.765567700000000,139.580560099999960
短期入所生活介護,練馬区,13120,特別養護老人ホーム　第２練馬高松園,社会福祉法人東京福祉会,社会福祉法人（社協以外）,1372006070,東京都練馬区高松２－９－１９,03-5987-2333,2008-03-01,特養の併設事業所型,,7,https://www.tfk.or.jp/nerimatakamatsu2/,35.747390800000000,139.630336800000000
短期入所生活介護,練馬区,13120,みさよはうす土支田,社会福祉法人シルヴァーウィング,社会福祉法人（社協以外）,1372007169,東京都練馬区土支田３－２７－２７,03-5947-2555,2010-04-01,特養の併設事業所型,,2,http://www.silver-w.jp,35.761505100000000,139.607593700000050
短期入所生活介護,練馬区,13120,こぐれの杜,社会福祉法人東京雄心会,社会福祉法人（社協以外）,1372007318,東京都練馬区大泉学園町５－１８－４１,03-5935-9158,2010-07-01,特養の併設事業所型,,8,http://www.tokyoyushinkai.jp/kogurenomori,35.767195400000000,139.583118300000020
短期入所生活介護,練馬区,13120,練馬ケアセンターそよ風,株式会社ＳＯＹＯＫＡＺＥ,営利法人,1372008753,東京都練馬区北町５－３－６,03-5922-4165,2012-07-01,単独型,,,http://www.unimat-soyokaze.co.jp,35.762714700000000,139.655337100000000
短期入所生活介護,練馬区,13120,特別養護老人ホーム　サンライズ大泉,社会福祉法人　サンライズ,社会福祉法人（社協以外）,1372009009,東京都練馬区西大泉４－２０－１７,03-5935-7401,2012-11-01,特養の併設事業所型,,11,http://www.h-sunrise.com/,35.764428800000000,139.573749499999960
短期入所生活介護,練馬区,13120,アズハイムテラス練馬,株式会社アズパートナーズ,営利法人,1372009090,東京都練馬区土支田２－２１－５,03-3867-3200,2012-12-01,単独型,,,http://www.as-heim.com,35.761677500000000,139.614234700000000
短期入所生活介護,練馬区,13120,秋月短期入所生活介護,社会福祉法人さわらび会,社会福祉法人（社協以外）,1372009256,東京都練馬区石神井台６－１－１１,03-5935-8928,2013-03-01,特養の併設事業所型,,18,http://www.sawarabi.or.jp/,35.739090500000000,139.586293900000000
短期入所生活介護,練馬区,13120,短期入所生活介護事業所　南大泉かがやきの里,社会福祉法人安心会,社会福祉法人（社協以外）,1372009322,東京都練馬区南大泉３－１９－３１,03-3867-2555,2013-04-01,特養の併設事業所型,,5,http://www.anshin.or.jp/,35.744872600000000,139.568342100000000
短期入所生活介護,練馬区,13120,上石神井特別養護老人ホーム,社会福祉法人練馬区社会福祉事業団,社会福祉法人（社協以外）,1372009397,東京都練馬区上石神井２－１７－２３,03-5903-3051,2013-05-01,特養の併設事業所型,,,http://www.nerima-swf.jp,35.729022271726100,139.596239893917870
短期入所生活介護,練馬区,13120,第３育秀苑短期入所生活介護,社会福祉法人育秀会,社会福祉法人（社協以外）,1372009512,東京都練馬区土支田１－３１－５,03-6904-0105,2013-06-01,特養の併設事業所型,,6,http://www.ikushukai.or.jp,35.766210400000000,139.618139499999980
短期入所生活介護,練馬区,13120,エスケアステーション練馬　ショートステイ,株式会社エスケアメイト,営利法人,1372009710,東京都練馬区東大泉１－１８－１３,03-5947-6202,2013-08-01,単独型,,,http://www.s-caremate.co.jp,35.749531100000000,139.593120799999950
短期入所生活介護,練馬区,13120,やすらぎグランデ,社会福祉法人章佑会,社会福祉法人（社協以外）,1372010296,東京都練馬区大泉学園町８－９－３０,03-5947-5580,2014-06-01,特養の併設事業所型,,,http://www.yasuragi1977.jp/,35.773453100000000,139.591642399999950
短期入所生活介護,練馬区,13120,ショートステイ　ケアサポートねりま,ケアサポート株式会社,営利法人,1372010445,東京都練馬区南大泉１－２２－５０,03-6865-1165,2014-08-01,単独型,,,http://www.care-support.biz,35.738016583196490,139.573986166934220
短期入所生活介護,練馬区,13120,ショートステイやすらぎシティ東大泉,社会福祉法人章佑会,社会福祉法人（社協以外）,1372010643,東京都練馬区東大泉７－２７－４９,03-3978-5100,2014-12-01,特養の併設事業所型,,,http://www.yasuragi1977.jp/,35.743665200000000,139.580280700000000
短期入所生活介護,練馬区,13120,医療法人社団平真会　薬師堂ショートステイ,医療法人社団平真会,医療法人,1372011203,東京都練馬区富士見台３－５５－３　２階から４階,03-6915-9661,2015-10-01,単独型,,21,http://www.yakushido.jp/,35.739046880129740,139.621051789248180
短期入所生活介護,練馬区,13120,ショートステイ　タムスさくらの杜　練馬,社会福祉法人春和会,社会福祉法人（社協以外）,1372011997,東京都練馬区土支田２－１６－２７,03-5935-6397,2017-08-01,特養の併設事業所型,,12,https://nerima.sakuranomori.or.jp/,35.761011110378550,139.614886664556930
短期入所生活介護,練馬区,13120,練馬の丘キングス・ガーデン,社会福祉法人キングス・ガーデン東京,社会福祉法人（社協以外）,1372012029,東京都練馬区練馬２－２７－７,03-6629-5552,2017-08-01,特養の併設事業所型,,12,http://www.kg-tokyo.or.jp/,35.743595418040890,139.651574623128200
短期入所生活介護,練馬区,13120,ショートステイ　タムスさくらの杜　練馬アネックス,社会福祉法人春和会,社会福祉法人（社協以外）,1372012854,東京都練馬区土支田２－３６－１６,03-5935-6705,2019-04-01,特養の併設事業所型,,11,https://nerima.annex.sakuranomori.or.jp/,35.761824511902670,139.612808428836020
短期入所生活介護,練馬区,13120,ショートステイ上石神井幸朋苑,社会福祉法人こうほうえん,社会福祉法人（社協以外）,1372013019,東京都練馬区上石神井３－２－１８,03-5991-1331,2019-10-01,特養の併設事業所型,,4,https://www.kohoen.jp/nursingcare/facility-12659/facility-13741/,35.730752000000000,139.597338700000000
短期入所生活介護,練馬区,13120,あおぞら縁小竹テラス　ショートステイ,社会福祉法人宝満福祉会,社会福祉法人（社協以外）,1372013324,東京都練馬区小竹町１－２９－１,03-6909-3932,2020-09-01,特養の併設事業所型,,4,https://homan.or.jp/,35.739717400000030,139.677139100000000
短期入所生活介護,練馬区,13120,第３練馬高松園,社会福祉法人東京福祉会,社会福祉法人（社協以外）,1372013613,東京都練馬区高松二丁目３０番８号,03-5848-8000,2021-06-01,特養の併設事業所型,,12,https://www.tfk.or.jp,35.750727700000000,139.629429600000000
短期入所生活介護,練馬区,13120,特別養護老人ホーム練馬いやし園,社会福祉法人気づき福祉会,社会福祉法人（社協以外）,1372013910,東京都練馬区早宮３－１３－３５,03-5912-0245,2022-02-01,特養の併設事業所型,,11,https://iyashien.com,35.749923600000000,139.653020900000000
短期入所生活介護,練馬区,13120,介護老人福祉施設ケアホーム練馬,社会福祉法人道心会,社会福祉法人（社協以外）,1372014116,東京都練馬区土支田２－１３－１７,03-6311-7000,2022-06-01,特養の併設事業所型,,,https://nerima.tokuyou.jp/,35.760354100000000,139.613410200000000
短期入所生活介護,練馬区,13120,特別養護老人ホーム　おおいずみの里,社会福祉法人香南会,社会福祉法人（社協以外）,1372014157,東京都練馬区大泉町４－２０－７,03-6904-6602,2022-08-01,特養の併設事業所型,,,https://www.kounankai.jp,35.761840800000000,139.598087900000000
短期入所生活介護,練馬区,13120,短期入所生活介護事業所　大泉学園ふれあいの里,社会福祉法人安心会,社会福祉法人（社協以外）,1372014215,東京都練馬区大泉学園町２－３０－４２,03-6904-4670,2022-10-01,特養の併設事業所型,,,https://anshinkai-gr.jp,35.756787100000000,139.583290700000000
短期入所生活介護,足立区,13121,グレイスホーム,社会福祉法人友興会,社会福祉法人（社協以外）,1372100816,東京都足立区西新井本町四丁目１３番１６号,03-3890-0214,2000-04-01,特養の併設事業所型,,8,https://yukokai.or.jp/gracehome/,35.773008800000000,139.778561800000030
短期入所生活介護,足立区,13121,足立翔裕園,社会福祉法人長寿村,社会福祉法人（社協以外）,1372100824,東京都足立区入谷9-15-18,03-3855-6363,2000-03-01,特養の併設事業所型,,20,http://www.chojumura.or.jp,35.808044400000000,139.756021100000000
短期入所生活介護,足立区,13121,特別養護老人ホーム　六月,社会福祉法人聖風会,社会福祉法人（社協以外）,1372101418,東京都足立区六月１－６－１,03-5242-0303,2000-03-01,特養の併設事業所型,,,http://www.seifuukai.or.jp/,35.785121600000000,139.800523300000000
短期入所生活介護,足立区,13121,特別養護老人ホーム　さの,社会福祉法人東京蒼生会,社会福祉法人（社協以外）,1372101467,東京都足立区佐野二丁目３０番１２号,03-5682-0007,2000-03-01,特養の併設事業所型,,6,http://www.t-souseikai.or.jp/,35.788554700000000,139.836214700000030
短期入所生活介護,足立区,13121,特別養護老人ホーム・扇,社会福祉法人聖風会,社会福祉法人（社協以外）,1372101509,東京都足立区扇一丁目５２番２３号,03-3856-1199,2000-03-01,特養の併設事業所型,,,http://www.seifuukai.or.jp/,35.766817800000000,139.773962500000040
短期入所生活介護,足立区,13121,社会福祉法人　愛寿会　特別養護老人ホーム紫磨園,社会福祉法人愛寿会,社会福祉法人（社協以外）,1372101558,東京都足立区入谷３－３－６,03-3857-4165,2000-03-01,特養の併設事業所型,,,http://www.aijukai.com/,35.810594300000000,139.762020500000060
短期入所生活介護,足立区,13121,特別養護老人ホームさくら,社会福祉法人足立邦栄会,社会福祉法人（社協以外）,1372101905,東京都足立区皿沼２－８－８,03-5691-7150,2000-04-01,特養の併設事業所型,,65,http://www.sakura.houeikai.gr.jp,35.790458900000000,139.768267700000020
短期入所生活介護,足立区,13121,特別養護老人ホーム中央本町杉の子園,社会福祉法人杉の子,社会福祉法人（社協以外）,1372102317,東京都足立区中央本町４丁目１４番２０号,03-3886-0002,2001-04-01,特養の併設事業所型,,,https://s-suginoko.or.jp/,35.776447600000000,139.808522900000070
短期入所生活介護,足立区,13121,ウエルガーデン　伊興園,社会福祉法人ウエルガーデン,社会福祉法人（社協以外）,1372102366,東京都足立区伊興３－７－４,03-5691-9500,2001-05-01,特養の併設事業所型,,,https://welgarden.or.jp/facilities/ikoen/short-stay/,35.792104223970625,139.783745548410050
短期入所生活介護,足立区,13121,イーストピア東和,社会福祉法人健修会,社会福祉法人（社協以外）,1372102549,東京都足立区東和４－７－２３,03-5613-1230,2001-11-01,特養の併設事業所型,,,http://kenshukai.kir.jp,35.772709800000000,139.843261600000000
短期入所生活介護,足立区,13121,特別養護老人ホームプレミア扇,社会福祉法人白寿会,社会福祉法人（社協以外）,1372105351,東京都足立区扇１－３－５,03-3890-3333,2006-02-01,特養の併設事業所型,,9,http://www.100.or.jp,35.760038000000000,139.776401500000020
短期入所生活介護,足立区,13121,ショートステイ　ハピネスあだち,社会福祉法人ファミリー,社会福祉法人（社協以外）,1372105450,東京都足立区江北３－１４－１,03-5839-3630,2006-04-01,特養の併設事業所型,,,http://family-wf.jp/happiness_adachi/,35.774122100000000,139.763085400000020
短期入所生活介護,足立区,13121,足立新生苑,社会福祉法人聖風会,社会福祉法人（社協以外）,1372105708,東京都足立区花畑４－３９－１０,03-3885-4868,2006-06-01,特養の併設事業所型,,,http://www.seifuukai.or.jp/,35.806363400000000,139.809833000000030
短期入所生活介護,足立区,13121,日介ケアセンター本木,株式会社日本介護センター,営利法人,1372106052,東京都足立区本木１－２０－５,03-5845-5700,2006-11-01,単独型,,21,http://www.nikkai-center.co.jp,35.762968600000000,139.784561700000040
短期入所生活介護,足立区,13121,特別養護老人ホーム　はるかぜ,社会福祉法人はとせふ,社会福祉法人（社協以外）,1372106110,東京都足立区東保木間１－１９－５,03-5851-7055,2007-01-01,特養の空床利用型,,,http://www.haruhato.jp/,35.788727600000000,139.815857800000000
短期入所生活介護,足立区,13121,千住桜花苑,社会福祉法人聖風会,社会福祉法人（社協以外）,1372106433,東京都足立区千住元町１８－１９,03-5244-6883,2007-06-01,特養の併設事業所型,,,http://www.seifuukai.or.jp/,35.755422500000000,139.793369799999940
短期入所生活介護,足立区,13121,ハッピーライフ足立,メディカル・ケア・プランニング株式会社,営利法人,1372106458,東京都足立区入谷１－２７－１８,03-5647-3033,2007-06-01,単独型,,,http://www.mcp-net.jp,35.805564800000000,139.765289800000000
短期入所生活介護,足立区,13121,特別養護老人ホーム竹の塚翔裕園,社会福祉法人長寿村,社会福祉法人（社協以外）,1372107449,東京都足立区竹の塚７－１９－１４,03-5851-6050,2009-12-01,特養の併設事業所型,,10,http://www.chojumura.or.jp/takenotsuka/,35.801044700000000,139.796692600000030
短期入所生活介護,足立区,13121,ショートステイ　ル・ソラリオン西新井,社会福祉法人敬仁会,社会福祉法人（社協以外）,1372107944,東京都足立区西新井３－１４－３,03-3899-3005,2011-04-01,特養の併設事業所型,,20,https://www.med-wel.jp/,35.787618200000000,139.781455500000000
短期入所生活介護,足立区,13121,ショートステイ　ケアサポートあだち,ケアサポート株式会社,営利法人,1372108819,東京都足立区千住河原町２２－３,03-5284-3865,2012-07-01,単独型,,,http://www.care-support.biz/,35.742250709907495,139.798250223278840
短期入所生活介護,足立区,13121,特別養護老人ホーム　ピオーネ西新井,社会福祉法人桃山福祉会,社会福祉法人（社協以外）,1372109999,東京都足立区西新井１－３３－１５,03-6807-1213,2014-03-01,特養の併設事業所型,,20,https://www.isto.or.jp/pione-nishiarai/,35.780888500000000,139.782461199999940
短期入所生活介護,足立区,13121,特別養護老人ホーム奉優の家,社会福祉法人奉優会,社会福祉法人（社協以外）,1372110021,東京都足立区佐野１－２９－３,03-5613-1556,2014-03-01,特養の併設事業所型,,,https://www.foryou.or.jp/corp1/foryouhomess/,35.789238000000000,139.841494900000040
短期入所生活介護,足立区,13121,介護老人福祉施設　ケアホーム足立,社会福祉法人道心会,社会福祉法人（社協以外）,1372110062,東京都足立区入谷１－８－１５,03-3853-6800,2014-04-01,特養の併設事業所型,,,http://www.adachi.tokuyou.jp,35.803661492218250,139.769848003704850
短期入所生活介護,足立区,13121,古千谷苑　短期入所生活介護事業所,社会福祉法人　孝慈会,社会福祉法人（社協以外）,1372110096,東京都足立区古千谷本町１－３－１９,03-3856-7257,2014-04-01,特養の併設事業所型,,20,http://kojikai.org/,35.803418428963280,139.777237351589970
短期入所生活介護,足立区,13121,特別養護老人ホーム　足立万葉苑,社会福祉法人射水万葉会,社会福祉法人（社協以外）,1372110237,東京都足立区六月２－１１－２０,03-5856-6695,2014-06-01,特養の併設事業所型,,,http://www.adachimanyouen.jp/,35.784701086794030,139.793727576057450
短期入所生活介護,足立区,13121,ショートステイ　ル・ソラリオン綾瀬,社会福祉法人敬仁会,社会福祉法人（社協以外）,1372110732,東京都足立区東綾瀬３－９－１,03-5613-1176,2015-04-01,特養の空床利用型,,,,,
短期入所生活介護,足立区,13121,ユニット型ショートステイ　ル・ソラリオン綾瀬,社会福祉法人敬仁会,社会福祉法人（社協以外）,1372110740,東京都足立区東綾瀬３－９－１,03-5613-1176,2015-04-01,特養の併設事業所型,,24,https://www.med-wel.jp,35.769821100000000,139.834803999999960
短期入所生活介護,足立区,13121,淵江ショートステイそよ風,株式会社ＳＯＹＯＫＡＺＥ,営利法人,1372110765,東京都足立区東保木間２－４－１６,03-5851-5388,2015-04-01,単独型,,30,,35.794423300000010,139.810427700000000
短期入所生活介護,足立区,13121,花畑あすか苑,社会福祉法人聖風会,社会福祉法人（社協以外）,1372111557,東京都足立区花畑４－２０－１,03-5856-4751,2016-08-01,特養の空床利用型,,,,,
短期入所生活介護,足立区,13121,花畑あすか苑,社会福祉法人聖風会,社会福祉法人（社協以外）,1372111565,東京都足立区花畑４－２０－１,03-5856-4751,2016-08-01,特養の併設事業所型,,,http://www.seifuukai.or.jp,35.803261100000000,139.807855499999960
短期入所生活介護,足立区,13121,ショートステイ　グロリア東京,株式会社グロリアコーポレイション,営利法人,1372112092,東京都足立区中央本町５－２－８,03-5888-7833,2017-10-01,単独型,,,http://www.gloria-tokyo.com/,35.778503000000000,139.803478800000000
短期入所生活介護,足立区,13121,特別養護老人ホーム　レスペート千住,社会福祉法人清洞会,社会福祉法人（社協以外）,1372112704,東京都足立区千住桜木２－１１－８,03-6684-1010,2019-02-01,特養の併設事業所型,,,https://casa.or.jp/,35.754656100000000,139.788427700000000
短期入所生活介護,足立区,13121,介護老人福祉施設ケアホーム花畑,社会福祉法人幸仁会,社会福祉法人（社協以外）,1372112795,東京都足立区花畑８－７－６,03-5851-6100,2019-03-01,特養の併設事業所型,,12,https://www.hanahata.tokuyou.jp/,35.812927800000000,139.822666600000050
短期入所生活介護,足立区,13121,介護老人福祉施設ケアホーム花畑,社会福祉法人幸仁会,社会福祉法人（社協以外）,1372112803,東京都足立区花畑８－７－６,03-5851-6100,2019-11-01,特養の空床利用型,,,,,
短期入所生活介護,足立区,13121,シンシア足立,株式会社グローバル総合研究所,営利法人,1372113215,東京都足立区扇２－４２－８,03-5647-0968,2020-06-01,単独型,,,https://www.sincere-gri.com/044_adachiss/index.html,35.768283900000000,139.769441100000000
短期入所生活介護,足立区,13121,特別養護老人ホーム花ざかり,社会福祉法人光塩会,社会福祉法人（社協以外）,1372113512,東京都足立区中央本町２－２４－１１,03-6806-4888,2021-04-01,特養の併設事業所型,,10,https://kouenkai.or.jp,35.767853600000000,139.808371900000000
短期入所生活介護,足立区,13121,新田楽生苑短期入所生活介護事業所,社会福祉法人新生福祉会,社会福祉法人（社協以外）,1372113918,東京都足立区新田１－２１－２０,03-6903-0309,2022-11-01,特養の併設事業所型,,,https://rakusei.or.jp,35.777140127479356,139.739163371827700
短期入所生活介護,足立区,13121,ショートステイ　タムスさくらの杜　花畑,社会福祉法人桐和会,社会福祉法人（社協以外）,1372114288,東京都足立区花畑３－１５－５,03-5851-8028,2023-10-01,特養の空床利用型,,30,https://hanahata.sakuranomori.tums.jp/,35.802505800000000,139.811708900000000
短期入所生活介護,足立区,13121,ショートステイ　タムスさくらの杜　花畑,社会福祉法人桐和会,社会福祉法人（社協以外）,1372114296,東京都足立区花畑３－１５－５,03-5851-8028,2023-10-01,特養の併設事業所型,,15,https://hanahata.sakuranomori.tums.jp/,35.802505800000000,139.811708900000000
短期入所生活介護,足立区,13121,短期入所生活介護事業所ロイヤル足立,社会福祉法人愛心会,社会福祉法人（社協以外）,1372114551,東京都足立区舎人３－１－１９,03-6807-1375,2024-11-01,特養の併設事業所型,,,,35.810635800000000,139.774532200000000
短期入所生活介護,足立区,13121,特別養護老人ホーム　ピオーネ足立,社会福祉法人桃山福祉会,社会福祉法人（社協以外）,1372114601,東京都足立区平野１－７－７,03-5831-5226,2024-12-01,特養の併設事業所型,,,https://www.isto.or.jp/pione-adachi/,35.780476699999994,139.805254899999970
短期入所生活介護,足立区,13121,ショートステイ　ハピネスもとき,社会福祉法人ファミリー,社会福祉法人（社協以外）,1372115103,東京都足立区本木１－１４－１３,03-5650-4833,2026-03-01,特養の併設事業所型,,,https://www.family-wf.jp/,35.762564700000034,139.786456500000000
短期入所生活介護,足立区,13121,特別養護老人ホーム　はなはた三清荘,社会福祉法人経山会,社会福祉法人（社協以外）,1372115145,東京都足立区花畑３－１－２,03-5851-9645,2026-05-01,特養の併設事業所型,,,,,
短期入所生活介護,足立区,13121,特別養護老人ホーム　はなはた三清荘,社会福祉法人経山会,社会福祉法人（社協以外）,1372115152,東京都足立区花畑３－１－２,03-5851-9645,2026-06-01,特養の空床利用型,,,,,
短期入所生活介護,葛飾区,13122,中川園,社会福祉法人仁生社,社会福祉法人（社協以外）,1372200491,東京都葛飾区西水元４－５－１,03-3607-4060,2000-01-04,特養の併設事業所型,,,http://www.jinseisha.jp,35.793693914433575,139.845540717721520
短期入所生活介護,葛飾区,13122,水元ふれあいの家,社会福祉法人仁生社,社会福祉法人（社協以外）,1372200509,東京都葛飾区水元１－２６－２０,03-3607-7881,2001-04-01,特養の空床利用型,,,http://www.jinseisha.jp,35.783544500000000,139.859771300000030
短期入所生活介護,葛飾区,13122,水元園,社会福祉法人仁生社,社会福祉法人（社協以外）,1372200517,東京都葛飾区西水元４－６－１,03-3607-4060,2000-01-04,特養の空床利用型,,100,http://www.jinseisha.jp,35.794384600000000,139.846661100000000
短期入所生活介護,葛飾区,13122,奥戸くつろぎの郷,社会福祉法人仁生社,社会福祉法人（社協以外）,1372200525,東京都葛飾区奥戸３－２５－１,03-5670-1261,2001-04-01,特養の併設事業所型,,8,http://www.jinseisha.jp,35.732173300000000,139.862775999999940
短期入所生活介護,葛飾区,13122,すずうらホーム,社会福祉法人清遊の家,社会福祉法人（社協以外）,1372200533,東京都葛飾区西新小岩３－３７－２７,03-5670-3010,2000-03-01,特養の併設事業所型,,8,http://www.seiyunoie.or.jp,35.722746200000000,139.846817000000000
短期入所生活介護,葛飾区,13122,特別養護老人ホーム西水元あやめ園,社会福祉法人武蔵野会,社会福祉法人（社協以外）,1372200558,東京都葛飾区西水元２－２－８,03-3826-2951,2001-04-01,特養の併設事業所型,,,http://care-net.biz/13/ayame/,35.784944300000000,139.849061000000000
短期入所生活介護,葛飾区,13122,東四つ木ほほえみの里,社会福祉法人共生会,社会福祉法人（社協以外）,1372200996,東京都葛飾区東四つ木２－２６－１５,03-5698-2341,2001-04-01,特養の併設事業所型,,7,https://www.kyousei-kai.com/hohoemi/index.html,35.732453800000000,139.843650199999960
短期入所生活介護,葛飾区,13122,西水元ナーシングホーム,社会福祉法人東翔会,社会福祉法人（社協以外）,1372201242,東京都葛飾区西水元６－１２－２,03-3607-0050,2000-05-01,特養の併設事業所型,,3,http://care-net.biz/13/tosyou/,35.790407500000000,139.854405000000040
短期入所生活介護,葛飾区,13122,葛飾やすらぎの郷,社会福祉法人すこやか福祉会,社会福祉法人（社協以外）,1372201523,東京都葛飾区新宿三丁目４番１０号,03-5648-8250,2001-06-01,特養の併設事業所型,,5,http://www.sukoyaka-fu.or.jp/jigyosho/tokuyou/yasuragi.html,35.758992300000000,139.862038500000040
短期入所生活介護,葛飾区,13122,特別養護老人ホーム　癒しの里　青戸,社会福祉法人三幸福祉会,社会福祉法人（社協以外）,1372201887,東京都葛飾区青戸８－１８－１３,03-5629-5843,2002-06-01,特養の併設事業所型,,12,http://www.sanko-fukusi.or.jp/,35.758500800000000,139.853666900000000
短期入所生活介護,葛飾区,13122,ショートステイかつしか苑,社会福祉法人葛飾会,社会福祉法人（社協以外）,1372202570,東京都葛飾区白鳥二丁目９番１８号,03-6662-2220,2003-12-01,特養の空床利用型,,,,,
短期入所生活介護,葛飾区,13122,社会福祉法人三幸福祉会特別養護老人ホーム癒しの里亀有,社会福祉法人三幸福祉会,社会福祉法人（社協以外）,1372203347,東京都葛飾区亀有２－６０－５,03-5629-5866,2005-10-01,特養の併設事業所型,,,http://sanko-fukushi.jp/,35.762697400000000,139.848697700000000
短期入所生活介護,葛飾区,13122,SILVER　SUPPORT　星にねがいを,株式会社サンハート,営利法人,1372203354,東京都葛飾区細田４－２－８,03-5693-4165,2005-11-01,特養以外の併設事業所型,,,http://www.sunheart-care.jp,35.741030599999990,139.872194100000000
短期入所生活介護,葛飾区,13122,短期入所生活介護施設　こはるび,医療法人財団光善会,医療法人,1372203537,東京都葛飾区青戸七丁目３４番６号,03-3602-1011,2006-04-01,特養以外の併設事業所型,,,http://www.e-kouzenkai.or.jp/,35.756170500000000,139.856991800000060
短期入所生活介護,葛飾区,13122,ショートステイ葛飾敬寿園,社会福祉法人敬寿会,社会福祉法人（社協以外）,1372203859,東京都葛飾区新宿３－１９－１９,03-3600-1551,2007-03-01,特養以外の併設事業所型,,9,http://keijuen.or.jp/katsushika/,35.759881000000000,139.863891100000050
短期入所生活介護,葛飾区,13122,ショートステイ　ル・ソラリオン葛飾,社会福祉法人敬仁会,社会福祉法人（社協以外）,1372203883,東京都葛飾区青戸４－１６－７,03-3601-3711,2007-04-01,特養の併設事業所型,,20,https://www.med-wel.jp/katushika/,35.750946100000000,139.850078899999970
短期入所生活介護,葛飾区,13122,短期入所生活介護事業所　エトワール,社会福祉法人藤寿会,社会福祉法人（社協以外）,1372204535,東京都葛飾区新宿６－２－１３,03-5876-1212,2009-06-01,特養の併設事業所型,,,http://www.toujukai.jp/,35.769863099999990,139.862812900000000
短期入所生活介護,葛飾区,13122,東かなまち桜園（介護予防）短期入所生活介護事業所,社会福祉法人清風会,社会福祉法人（社協以外）,1372205938,東京都葛飾区東金町２－１３－１０,03-5876-5281,2013-04-01,特養の併設事業所型,,,http://kanamachisakuraen.seifu-kai.jp/,35.774870599999940,139.868423600000030
短期入所生活介護,葛飾区,13122,ショートステイ　バタフライ ヒル細田,社会福祉法人善光会,社会福祉法人（社協以外）,1372205987,東京都葛飾区細田４－２０－１４,03-5612-1717,2013-05-01,特養の併設事業所型,,,http://zenkoukai.jp/japanese/,35.742527599999995,139.872527399999970
短期入所生活介護,葛飾区,13122,ショートステイかつしか苑亀有,社会福祉法人葛飾会,社会福祉法人（社協以外）,1372206621,東京都葛飾区亀有１－６－１１,03-6662-2223,2014-08-01,特養の併設事業所型,,,,,
短期入所生活介護,葛飾区,13122,アンブル宝町ショートステイ,社会福祉法人アストリー,社会福祉法人（社協以外）,1372206993,東京都葛飾区宝町１－２－９,03-5654-8880,2015-06-01,特養の併設事業所型,,,http://www.astory.jp,35.741245237698500,139.835322021426350
短期入所生活介護,葛飾区,13122,特別養護老人ホーム　第二奥戸くつろぎの郷,社会福祉法人仁生社,社会福祉法人（社協以外）,1372207751,東京都葛飾区奥戸３－２５－２３,03-5654-6130,2017-04-01,特養の空床利用型,,,http://www.jinseisha.jp/top/index.htm,35.732017800000000,139.863470399999980
短期入所生活介護,葛飾区,13122,スマイルホーム西井掘　短期入所生活介護,社会福祉法人喜清会,社会福祉法人（社協以外）,1372207819,東京都葛飾区奥戸３－２４－１５,03-3692-8600,2017-06-01,特養の併設事業所型,,,http://www.tokyokiseikai.or.jp/,35.731442900000000,139.862759300000000
短期入所生活介護,葛飾区,13122,介護老人福祉施設ケアホーム葛飾,社会福祉法人平成記念会,社会福祉法人（社協以外）,1372208361,東京都葛飾区小菅１－３５－１０,03-3602-5900,2020-04-01,特養の併設事業所型,,18,https://katsushika.tokuyou.jp,35.756975500000000,139.815239600000000
短期入所生活介護,葛飾区,13122,ショートステイ　癒しの里西亀有,社会福祉法人三幸福祉会,社会福祉法人（社協以外）,1372208452,東京都葛飾区西亀有３－１８－６,03-5647-7454,2020-08-01,特養の併設事業所型,,,https://www.sanko-fukushi.jp/,35.759475400000000,139.838891200000000
短期入所生活介護,江戸川区,13123,リバーサイドグリーン,社会福祉法人江東園,社会福祉法人（社協以外）,1372300358,東京都江戸川区江戸川１－１１－３,03-3677-4611,2000-02-01,特養の併設事業所型,,,http://www.kotoen.or.jp,35.688402099999980,139.902832600000040
短期入所生活介護,江戸川区,13123,瑞江特別養護老人ホーム,社会福祉法人瑞光会,社会福祉法人（社協以外）,1372300374,東京都江戸川区瑞江1-3-12,03-3679-3759,2000-02-01,特養の併設事業所型,,8,http://zuikoukai.jp,35.699467400000000,139.893968699999960
短期入所生活介護,江戸川区,13123,小岩ホーム,社会福祉法人厚生会,社会福祉法人（社協以外）,1372300382,東京都江戸川区南小岩５－１１－１０,03-5694-0101,1999-12-01,特養の併設事業所型,,,http://www.onyx.dti.ne.jp/~koiwa-h/index.html,35.724868900000000,139.879769099999980
短期入所生活介護,江戸川区,13123,清心苑,社会福祉法人健修会,社会福祉法人（社協以外）,1372300408,東京都江戸川区西一之江四丁目９番２４号,03-3655-5963,2000-02-01,特養の併設事業所型,,,http://kenshukai.kir.jp,35.695619600000000,139.874034700000040
短期入所生活介護,江戸川区,13123,アゼリー江戸川,社会福祉法人江寿会,社会福祉法人（社協以外）,1372300416,東京都江戸川区本一色2-13-25,03-5607-0482,2000-02-01,特養の併設事業所型,,10,http://koujukai.azalee.or.jp/,35.719761000000000,139.873095000000030
短期入所生活介護,江戸川区,13123,特別養護老人ホーム　暖心苑,社会福祉法人東京清音会,社会福祉法人（社協以外）,1372300564,東京都江戸川区北葛西４－３－１６,03-3877-0100,2000-01-04,特養の併設事業所型,,,http://www.danshinen.org,35.671532900000000,139.862533500000040
短期入所生活介護,江戸川区,13123,特別養護老人ホーム江戸川光照苑,社会福祉法人光照園,社会福祉法人（社協以外）,1372300762,東京都江戸川区北小岩５－７－２,03-5668-0051,2000-03-01,特養の併設事業所型,,7,http://www.e-kousyoen.or.jp,35.740247300000000,139.887865000000030
短期入所生活介護,江戸川区,13123,ウエル江戸川,社会福祉法人ウエルス東京,社会福祉法人（社協以外）,1372301430,東京都江戸川区平井７－１３－３２,03-3617-1112,2001-05-01,特養の併設事業所型,,6,http://www.wel-edogawa.jp,35.714444000000000,139.837162900000070
短期入所生活介護,江戸川区,13123,なぎさ和楽苑,社会福祉法人東京栄和会,社会福祉法人（社協以外）,1372301638,東京都江戸川区西葛西八丁目１番１号,03-3675-1201,2002-04-01,特養の併設事業所型,,20,http://www.tokyoeiwakai.or.jp,35.655079100000000,139.859420700000000
短期入所生活介護,江戸川区,13123,特別養護老人ホームみどりの郷福楽園,社会福祉法人江戸川豊生会,社会福祉法人（社協以外）,1372301687,東京都江戸川区臨海町一丁目４番４,03-5659-4122,2002-04-01,特養の併設事業所型,,,http://e-houseikai.or.jp,35.653234600000000,139.852490699999970
短期入所生活介護,江戸川区,13123,老人短期入所事業泰山,社会福祉法人白秋会,社会福祉法人（社協以外）,1372301737,東京都江戸川区北小岩五丁目３４番１０号,03-5622-1165,2002-04-01,特養の併設事業所型,,8,http://www.hakusyuu.jimusho.jp,35.739703000000000,139.891634299999960
短期入所生活介護,江戸川区,13123,特別養護老人ホーム　「きく」,社会福祉法人協和会,社会福祉法人（社協以外）,1372301943,東京都江戸川区鹿骨３－１６－６,03-3677-3030,2002-09-01,特養の併設事業所型,,16,http://www.kyowakai-kiku.jp/,35.715515000000000,139.891479399999980
短期入所生活介護,江戸川区,13123,アゼリーアネックス,社会福祉法人江寿会,社会福祉法人（社協以外）,1372304541,東京都江戸川区大杉２－１０－１６,03-5607-6550,2013-12-01,特養以外の併設事業所型,,6,http://koujukai.azalee.or.jp,35.706493600000010,139.879142099999970
短期入所生活介護,江戸川区,13123,特別養護老人ホーム古川親水苑　指定短期入所生活介護事業所,社会福祉法人東京優貴会,社会福祉法人（社協以外）,1372307171,東京都江戸川区江戸川５－４－２,03-5667-1211,2013-09-01,特養の併設事業所型,,,http://t-yuukikai.or.jp/,35.682801400000000,139.869204999999960
短期入所生活介護,江戸川区,13123,ショートステイ　タムスさくらの杜　江戸川,社会福祉法人春和会,社会福祉法人（社協以外）,1372307353,東京都江戸川区東小松川１－５－４,03-5607-3366,2014-01-01,特養の併設事業所型,,12,http://syunwakai.com,35.701968300000000,139.865616100000000
短期入所生活介護,江戸川区,13123,ショートステイ　わとなーる葛西,社会福祉法人わとなーる,社会福祉法人（社協以外）,1372308633,東京都江戸川区東葛西７－１９－８,03-6808-5700,2016-04-01,特養の併設事業所型,,,http://www.watona-ru.com/,35.658378500000000,139.877151899999940
短期入所生活介護,江戸川区,13123,特別養護老人ホーム　癒しの里西小松川,社会福祉法人三幸福祉会,社会福祉法人（社協以外）,1372309011,東京都江戸川区西小松川町１－２１,03-3654-7650,2017-04-01,特養の併設事業所型,,10,http://sanko-fukushi.jp/,35.695393900000000,139.862627600000000
短期入所生活介護,江戸川区,13123,ショートステイ　タムスさくらの杜　春江,社会福祉法人春和会,社会福祉法人（社協以外）,1372309458,東京都江戸川区春江町５－４－２,03-5879-3260,2018-04-01,特養の併設事業所型,,,https://harue.sakuranomori.or.jp/,35.679068799999980,139.874440800000000
短期入所生活介護,江戸川区,13123,特別養護老人ホーム　やすらぎの里北小岩,社会福祉法人章佑会,社会福祉法人（社協以外）,1372310605,東京都江戸川区北小岩一丁目２１番１２号,03-5876-8310,2022-09-01,特養の併設事業所型,,10,https://peraichi.com/landing_pages/view/kitakoiwaproject,35.735198199999980,139.894653699999960
短期入所生活介護,江戸川区,13123,特別養護老人ホーム　タムスさくらの杜　南葛西,社会福祉法人春和会,社会福祉法人（社協以外）,1372310951,東京都江戸川区南葛西３－１０－２１,03-6456-0691,2022-10-01,特養の併設事業所型,,12,https://minamikasai.sakuranomori.tums.jp/,35.651642200000000,139.868646100000000
短期入所生活介護,江戸川区,13123,特別養護老人ホーム　タムスさくらの杜　南葛西,社会福祉法人春和会,社会福祉法人（社協以外）,1372310969,東京都江戸川区南葛西３－１０－２１,03-6456-0691,2022-10-01,特養の空床利用型,,,,,
短期入所生活介護,江戸川区,13123,特別養護老人ホーム　タムスさくらの杜　一之江,社会福祉法人春和会,社会福祉法人（社協以外）,1372311322,東京都江戸川区一之江２－１９－１２,03-5678-9952,2024-07-01,特養の空床利用型,,,https://towakai.com/,35.694388800000000,139.884329300000000
短期入所生活介護,江戸川区,13123,特別養護老人ホーム　タムスさくらの杜　一之江,社会福祉法人春和会,社会福祉法人（社協以外）,1372311330,東京都江戸川区一之江２－１９－１２,03-5678-9952,2024-07-01,特養の併設事業所型,,13,https://towakai.com/,35.694388800000000,139.884329300000000
短期入所生活介護,江戸川区,13123,ＩｏＴ美しい日本のだんらん,株式会社サンハート,営利法人,1372311405,東京都江戸川区江戸川６－４０－２７,03-6808-5577,2025-01-01,特養以外の併設事業所型,,,http://sunheart-care.jp/iot/,35.674643800000000,139.876972500000000
短期入所生活介護,江戸川区,13123,特別養護老人ホームいずみ,社会福祉法人自靖会,社会福祉法人（社協以外）,1372311496,東京都江戸川区鹿骨四丁目３番１３号,03-6638-7910,2025-10-01,特養の併設事業所型,,,https://izumi.iguchi-group.jp/,35.712755199999990,139.889162399999980
福祉用具貸与・特定福祉用具販売,千代田区,13101,ケアショップりんくる,株式会社ミライエ,営利法人,1370101527,東京都千代田区飯田橋２－６－１小宮山ビル２０２,03-6261-6021,2017-10-01,,平日,,https://www.i-miraie.jp/,35.698804800000005,139.749889700000040
特定福祉用具販売,千代田区,13101,有限会社戸田商事,有限会社戸田商事,営利法人,1370101600,東京都千代田区神田錦町１－１４－１１,03-5282-1266,2020-12-01,,,,,,
福祉用具貸与・特定福祉用具販売,千代田区,13101,レコードブッククロス,株式会社レコードブック,営利法人,1371113463,東京都千代田区二番町１１－１９興和二番町ビル２階,03-6897-4770,2023-06-01,,平日,,,35.579791200000000,139.700849900000000
福祉用具貸与・特定福祉用具販売,中央区,13102,アズミメディケアセンター東京,株式会社アズミコーポレーション,営利法人,1370200162,東京都中央区新富２－５－１０　新富ビル２階,03-3537-2283,1999-12-01,,平日,,https://www.azumicorp.jp/,35.671578200000000,139.773714000000040
福祉用具貸与・特定福祉用具販売,中央区,13102,株式会社　ベストサポート日本橋福祉用具部,株式会社ベストサポート日本橋,営利法人,1370200915,東京都中央区日本橋本石町４－５－１５吉川ビル２階,03-3241-5860,2004-04-01,,平日,,https://www.bestsupport-n.com/,35.688828900000000,139.770830400000020
福祉用具貸与・特定福祉用具販売,中央区,13102,ケアプラザ　ラシーネ,有限会社チアーユー,営利法人,1370201632,東京都中央区日本橋蛎殻町２－１４－２,03-6661-6451,2010-06-01,,平日,,http://www.cheer-you.com/,35.684543700000000,139.786412899999960
福祉用具貸与・特定福祉用具販売,中央区,13102,福祉用具ひまわり,株式会社カンケイ舎,営利法人,1370201954,東京都中央区東日本橋２－８－５東日本橋グリーンビルアネックス７階,03-5823-7724,2013-08-01,,平日,,https://kankeisha.jp/,35.662448500000000,139.765703700000020
福祉用具貸与・特定福祉用具販売,中央区,13102,Ｃａｒｒｅｎｔ東京,株式会社ＰＨＰ,営利法人,1370202168,東京都中央区日本橋本石町３－１－２大阪ガス都市開発日本橋ビル３Ｆ,03-6860-8090,2015-04-01,,平日・土曜日・日曜日・祝日,,https://php-co.jp/,35.687112399999990,139.769997099999960
福祉用具貸与・特定福祉用具販売,中央区,13102,グッドライフケア福祉用具,株式会社グッドライフケア,営利法人,1370202234,東京都中央区新川１－２８－３８東京ダイヤビルディング２号館１１階,03-3537-0790,2015-12-01,,平日・土曜日・日曜日・祝日,,http://www.goodlifecare.co.jp,35.677089711095500,139.784757262902200
福祉用具貸与・特定福祉用具販売,中央区,13102,かがやきケアレンタル,株式会社やまねメディカル,営利法人,1370202549,東京都中央区日本橋室町１－２－６,03-6265-1715,2021-06-01,,平日,,https://www.ymmd.co.jp/,35.684540237366740,139.774143569689200
福祉用具貸与,中央区,13102,プラチナけあ福祉用具,ゼロフェニックスコンサルティングジャパン株式会社,営利法人,1370202598,東京都中央区日本橋茅場町２－７－６晴花ビル９階,03-6661-7163,2022-03-01,,,,,,
特定福祉用具販売,中央区,13102,プラチナけあ福祉用具,ゼロフェニックスコンサルティングジャパン株式会社,営利法人,1370202606,東京都中央区日本橋茅場町２－７－６晴花ビル９階,03-6661-7163,2022-03-01,,,,,,
福祉用具貸与・特定福祉用具販売,中央区,13102,西川株式会社／ネーブルハウス東京事業所,西川株式会社,営利法人,1370202648,東京都中央区日本橋富沢町８－８,03-3664-8192,2022-08-01,,平日・土曜日,,https://nablehouse.co.jp/,35.689028700000000,139.782656000000000
福祉用具貸与・特定福祉用具販売,中央区,13102,ＥＣ・アシスト,株式会社エターナルキャスト,営利法人,1370603639,東京都中央区築地５－４－１８汐留イーストサイドビル７階,03-5565-1052,2015-11-01,,平日・祝日,,http://www.eternal-cast.com/,35.663733661138590,139.765163572419740
福祉用具貸与・特定福祉用具販売,中央区,13102,あいけあ,株式会社あいけあ,営利法人,1370703611,東京都中央区日本橋大伝馬町１１－８フジスタービル１０階　１０３号,03-3664-7533,2012-12-01,,平日,,,35.689990100000024,139.780654700000000
福祉用具貸与・特定福祉用具販売,中央区,13102,あしすと,株式会社ＳＭＡＲＴ,営利法人,1370904573,東京都中央区八丁堀４－10－11ネオ神谷ビル５０４号,03-6228-3008,2016-01-01,,平日,,https://www.smart-netz.com,35.674230700000000,139.777621500000000
福祉用具貸与・特定福祉用具販売,港区,13103,アイム介護福祉支援センター,アイム株式会社,営利法人,1370300350,東京都港区赤坂７－１０－９第四文成ビル７０１,03-6807-4882,2000-04-01,,平日,,http://www.aimcare.co.jp/,35.669488334803745,139.732320203904700
福祉用具貸与・特定福祉用具販売,港区,13103,株式会社　ヤマシタ　港営業所,株式会社ヤマシタ,営利法人,1370301879,東京都港区三田２－１０－６三田レオマビル３Ｆ,03-5730-3000,2004-12-01,,平日・土曜日・日曜日・祝日,,http://www.yco.co.jp,35.650615382999100,139.744648049073820
福祉用具貸与,港区,13103,株式会社スイファ,株式会社スイファ,営利法人,1370302067,東京都港区三田５－１０－３,03-3451-2415,2005-07-01,,,,,,
福祉用具貸与・特定福祉用具販売,港区,13103,フランスベッド株式会社　メディカル六本木営業所,フランスベッド株式会社,営利法人,1370302919,東京都港区六本木４－１－１６　六本木ハイツ２階,03-5575-2180,2009-04-01,,平日・土曜日,,http://www.francebed.co.jp/,35.664661200000000,139.734547799999970
特定福祉用具販売,港区,13103,株式会社　スイファ,株式会社スイファ,営利法人,1370303230,東京都港区三田５－１０－３,03-3451-2415,2010-05-01,,,,,,
福祉用具貸与・特定福祉用具販売,港区,13103,株式会社長門屋商店,株式会社長門屋商店,営利法人,1370304378,東京都港区麻布十番１－５－２５,03-3401-8203,2015-05-01,,,,,,
福祉用具貸与・特定福祉用具販売,港区,13103,セントケア　りまいん　浜松町,セントケアりまいん株式会社,営利法人,1370304741,東京都港区浜松町２－２－１５浜松町ダイヤハイツ２０３号室,03-5402-5110,2017-01-01,,平日・土曜日,,,35.655338000000010,139.754765700000000
福祉用具貸与・特定福祉用具販売,港区,13103,Ｄｅｖｉｅｗ,株式会社ケアギバー・ジャパン,営利法人,1370305334,東京都港区芝大門２－３－１１芝清水ビル２Ｆ,03-6809-1280,2021-05-01,,平日・土曜日・日曜日・祝日,,https://caregiver.co.jp/facility/deview_rental.php,35.655770900000000,139.753859700000000
福祉用具貸与,港区,13103,ケア六本木,合同会社Ｓｔａｒｔｉｎｇ　Ｏｖｅｒ,営利法人,1370305383,東京都港区六本木３－１５－２１鶯ビルＢ１,03-6260-8926,2021-09-01,,,,,,
福祉用具貸与・特定福祉用具販売,港区,13103,８８福祉用具,８８ホームメディカルケア株式会社,営利法人,1370305615,東京都港区六本木３－１６－３５イースト六本木７０４,03-6434-5885,2024-03-01,,平日,,,35.662650600000000,139.736704900000000
福祉用具貸与・特定福祉用具販売,港区,13103,ほのぼのらいふ　東京,株式会社元気な介護,営利法人,1370503441,東京都港区芝大門１－２－９ポートビル４階,03-6453-0623,2019-04-01,,平日,,http://genkinakaigo.co.jp,35.659317100000020,139.754404199999980
福祉用具貸与,新宿区,13104,株式会社　サン・ケアネット,株式会社サン・ケアネット,営利法人,1370401653,東京都新宿区新宿一丁目２０番地１３号　花園公園ビル１０階,03-3353-4702,2002-05-01,,平日,,http://www.suncare.co.jp,35.689257600000000,139.712834700000030
福祉用具貸与・特定福祉用具販売,新宿区,13104,日本リック福祉用具貸与事業所,日本リック株式会社,営利法人,1370402321,東京都新宿区早稲田町８５近藤ビル１階,03-6205-9731,2004-01-01,,平日・祝日,,http://www.nipponrick.co.jp,35.705640585330710,139.726824860849000
福祉用具貸与・特定福祉用具販売,新宿区,13104,ダスキンヘルスレント新宿ステーション,株式会社いつわワールド,営利法人,1370403584,東京都新宿区天神町６６－８ビューロー天神町１階,03-6457-5295,2007-09-01,,平日,,http://healthrent.duskin.jp/station/tokyo.html#shinjyuku,35.705537437258720,139.729837574829840
福祉用具貸与・特定福祉用具販売,新宿区,13104,フランスベッド株式会社　メディカルショップ新宿店,フランスベッド株式会社,営利法人,1370403923,東京都新宿区高田馬場１－３１－１６ワイム高田馬場ビル,03-6861-8991,2009-04-01,,平日・土曜日,,https://medical.francebed.co.jp/,35.709796600000000,139.703359800000040
福祉用具貸与・特定福祉用具販売,新宿区,13104,Ｋ－ＷＯＲＫＥＲ　福祉用具貸与事業所,株式会社Ｋ－ＷＯＲＫＥＲ,営利法人,1370405811,東京都新宿区高田馬場３－３３－１,03-6279-2940,2015-11-01,,平日・土曜日・祝日,,https://kworker.co.jp,35.711760216570560,139.696580600043970
福祉用具貸与・特定福祉用具販売,新宿区,13104,シルバーはあと新宿,株式会社ベネッセキャリオス,営利法人,1370406009,東京都新宿区大京町２８－１プラウド新宿御苑エンパイア１０３,03-6709-8770,2017-02-01,,平日・土曜日,,https://www.silver-heart.jp/,35.683138999999990,139.715726400000000
福祉用具貸与・特定福祉用具販売,新宿区,13104,大起エンゼルヘルプ　東京中央営業所,株式会社大起エンゼルヘルプ,営利法人,1370406199,東京都新宿区西落合４－８－１９,03-5906-2030,2017-11-01,,平日,,http://www.enzeru.co.jp,35.727970100000000,139.679532399999970
福祉用具貸与・特定福祉用具販売,新宿区,13104,Ｔｅｃｏ,株式会社Ｔｅｃｏ,営利法人,1370406488,東京都新宿区西新宿６－６－２新宿国際ビルディング１階,03-6304-5270,2019-06-01,,平日・土曜日,,https://t-eco.net/,35.649590600000020,139.640313000000020
福祉用具貸与・特定福祉用具販売,新宿区,13104,株式会社ヤマシタ　新宿営業所,株式会社ヤマシタ,営利法人,1370406769,東京都新宿区高田馬場１－２１－１３廣池ビルディング　２０１,03-5155-3382,2020-11-01,,平日・土曜日・日曜日・祝日,,https://www.yco.co.jp,35.710537700000000,139.704206700000000
特定福祉用具販売,新宿区,13104,株式会社ベストメディカルライフ　江田営業所,株式会社ベストメディカルライフ,営利法人,1370406835,東京都新宿区西新宿１－２５－１新宿センタービル３０階,03-5989-0013,2021-06-01,,,,,,
福祉用具貸与・特定福祉用具販売,新宿区,13104,メディカルケア　フナツキ,株式会社フナツキ,営利法人,1370406850,東京都新宿区新宿４－４－１７ヒロノビル　４Ｆ,03-3356-1173,2021-09-01,,,,,,
福祉用具貸与・特定福祉用具販売,新宿区,13104,ひばり福祉用具サービス,シマダリビングパートナーズ株式会社,営利法人,1370406884,東京都新宿区西新宿３－１－４第二佐山ビル　６Ｆ,03-6258-0890,2021-11-01,,平日・祝日,,https://shimada-slp.co.jp/,35.687251200000000,139.694873200000000
福祉用具貸与・特定福祉用具販売,新宿区,13104,ユニバーサル介護サービス,株式会社唯愛国際,営利法人,1370406967,東京都新宿区住吉町２－１５萩野ビル３階,03-6416-8968,2022-05-01,,,,,,
福祉用具貸与・特定福祉用具販売,新宿区,13104,ＹＯＵＲ　ＧＯＯＤ,合同会社ｅｌｉＭａ’Ｈ,営利法人,1370407247,東京都新宿区中井２－１２－４内野マンション１０２,07084340470,2024-02-01,,平日・土曜日,,,35.716082500000000,139.686451300000000
福祉用具貸与・特定福祉用具販売,新宿区,13104,介護とくらしのパートナー／エブリィ,株式会社メディアミックス,営利法人,1370407411,東京都新宿区高田馬場４－１３－１２東海林ビル３階－Ｅ,03-5937-1658,2025-03-01,,平日・土曜日,,http://www.mms1.jp,35.712869200000000,139.701119200000000
福祉用具貸与・特定福祉用具販売,新宿区,13104,ヤマクル福祉用具,株式会社アップサポート,営利法人,1370407494,東京都新宿区高田馬場１－２０－７スワコモンズ１０７,03-6265-9630,2025-11-01,,平日・土曜日・祝日,,https://upsupport.tokyo/,35.709434000000016,139.705464799999960
福祉用具貸与・特定福祉用具販売,新宿区,13104,ナイスケア福祉用具貸与・販売事業所,有限会社ナイスケア,営利法人,1370407502,東京都新宿区高田馬場４－２６－１５サルイアパートメント１０１,03-5937-4731,2025-11-01,,平日・土曜日,,https://nicecare.co.jp,35.709899000000000,139.699293600000000
福祉用具貸与・特定福祉用具販売,新宿区,13104,つばさ　Ｆor　you　ステーション,株式会社キングマザー,営利法人,1371403666,東京都新宿区上落合３－９－６－１Ｆ,03-5348-7551,2011-05-01,,平日・祝日,,,35.708524320554375,139.681710010450730
福祉用具貸与・特定福祉用具販売,新宿区,13104,ハピネスケア,株式会社ハピネスケア,営利法人,1371911411,東京都新宿区高田馬場１－１０－１５三翔諏訪の森ハイツ第２　１０４,03-6302-1344,2019-08-01,,平日・土曜日,,http://www.happinesscare.jp,35.709541400000000,139.706924200000030
福祉用具貸与・特定福祉用具販売,新宿区,13104,アップライド株式会社,アップライド株式会社,営利法人,1372200418,東京都新宿区上落合２－２６－３上落合ビル２階,03-6908-5851,1999-10-01,,平日・土曜日,,http://www.upride.co.jp/,35.710957715260320,139.686421203222300
福祉用具貸与・特定福祉用具販売,文京区,13105,株式会社　ライフケア,株式会社ライフケア,営利法人,1370302448,東京都文京区水道１－５－１６升本ビル２Ｆ,03-5805-6683,2006-08-01,,平日,,,35.709989700000010,139.740219400000000
福祉用具貸与・特定福祉用具販売,文京区,13105,有限会社あゆみ介護文京,有限会社あゆみ介護文京,営利法人,1370500272,東京都文京区千駄木５－２８－５,03-3821-8135,2004-01-01,,平日,,http://www.ayumikaigo.jp,35.727443400000000,139.759029800000000
福祉用具貸与・特定福祉用具販売,文京区,13105,有限会社　アドワンス　サポート・コスモス,有限会社アドワンス,営利法人,1370500637,東京都文京区千駄木５－４９－１,03-5814-1554,2003-12-01,,平日・土曜日,,http://www.adonce.net/,35.730545800000000,139.758415900000050
特定福祉用具販売,文京区,13105,株式会社　行田製作所,株式会社行田製作所,営利法人,1370500801,東京都文京区本駒込４－６－７,03-3824-1155,2006-04-01,,,,,,
特定福祉用具販売,文京区,13105,株式会社　田中工務店,株式会社田中工務店,営利法人,1370501734,東京都文京区向丘二丁目１０番２０号,03-3814-7891,2006-10-01,,,,,,
福祉用具貸与・特定福祉用具販売,文京区,13105,ダスキンヘルスレント文京豊島ステーション,株式会社いつわワールド,営利法人,1370503664,東京都文京区小石川５－３０－１１パークハイム美樹,03-5844-6975,2022-11-01,,平日,,https://healthrent.duskin.jp/station/tokyo/bunkyotoshima.html,35.719767999999990,139.740310000000000
福祉用具貸与・特定福祉用具販売,台東区,13106,ライフネット株式会社,ライフネット株式会社,営利法人,1370600718,東京都台東区今戸１－１８－１０,03-5824-1951,2000-04-01,,平日・土曜日,,http://www.lifenet-kaigo.com,35.720540199999990,139.803965599999970
福祉用具貸与・特定福祉用具販売,台東区,13106,いきいきらいふケアショップ,株式会社ＲＡＲＥＣＲＥＷ,営利法人,1370601690,東京都台東区東上野６－１－１高長ビル３階,03-5246-8899,2004-05-01,,平日・土曜日・祝日,,http://www.rare-c.co.jp,35.711198199999990,139.784861100000030
福祉用具貸与・特定福祉用具販売,台東区,13106,シルバーサポート　東京店,ラミコジャパン株式会社,営利法人,1370602060,東京都台東区蔵前３－１９－１１中越蔵前ビル,03-5821-8859,2006-08-01,,平日・土曜日,,https://www.ramico.co.jp/,35.705399162308450,139.791583190560120
福祉用具貸与・特定福祉用具販売,台東区,13106,コイケ酸商株式会社,コイケ酸商株式会社,営利法人,1370602128,東京都台東区日本堤２－２０－１５,03-3874-7421,2007-03-01,,,,,,
福祉用具貸与・特定福祉用具販売,台東区,13106,福祉工房やわら,福祉工房やわら株式会社,営利法人,1370602953,東京都台東区千束４－３４－８,03-6802-4873,2011-08-01,,平日・土曜日,,,35.724834200000000,139.796021500000050
福祉用具貸与・特定福祉用具販売,台東区,13106,Ｎｉｃｅ　Ｃａｒｅ,株式会社ＮｉｃｅＣａｒｅ,営利法人,1370603407,東京都台東区今戸２－６－３新世ビル３Ｆ,03-5603-7050,2013-09-01,,,,,,
福祉用具貸与,台東区,13106,株式会社レックプランニング,株式会社レックプランニング,営利法人,1370603654,東京都台東区東上野２－２３－２４田中ビル３０１号,03-5826-4588,2015-12-01,,,,,,
福祉用具貸与・特定福祉用具販売,台東区,13106,東京サンメディカル　浅草営業所,株式会社東京サンメディカル,営利法人,1370604025,東京都台東区花川戸２－１７－８－３階,03-5830-6208,2018-02-01,,平日,,http://t-sunme.jp/,35.715207400000000,139.800538299999970
福祉用具貸与・特定福祉用具販売,台東区,13106,ダスキンヘルスレント台東ステーション,株式会社ナック,営利法人,1370604454,東京都台東区入谷２－３６－７,03-5808-1120,2022-10-01,,平日,,https://healthrent.duskin.jp/,35.722538200000000,139.787942900000000
福祉用具貸与・特定福祉用具販売,台東区,13106,ケアサービスネット株式会社,ケアサービスネット株式会社,営利法人,1370604488,東京都台東区雷門１－９－２雷門ウエストビル２０１,03-6824-2881,2023-02-01,,,,,,
福祉用具貸与・特定福祉用具販売,台東区,13106,福祉用具貸与事業所　Ｎａｌｕ,ホエールテール株式会社,営利法人,1370604736,東京都台東区三ノ輪２－３－２,03-5838-6992,2025-06-01,,,,,,
特定福祉用具販売,墨田区,13107,東京ガスＮｅｘｔ　ｏｎｅ株式会社,東京ガスＮｅｘｔ　ｏｎｅ株式会社,営利法人,1370603746,東京都墨田区東向島５－３－１,03-5828-9434,2016-08-01,,,,,,
福祉用具貸与・特定福祉用具販売,墨田区,13107,ケア２１ライフプラス東京城東,株式会社ケア２１ライフプラス,営利法人,1370701193,東京都墨田区押上３－３０－１０山﨑ビル　１階,03-5631-6421,2003-01-01,,平日,,https://www.care21.co.jp/,35.710238300000000,139.817459399999960
福祉用具貸与・特定福祉用具販売,墨田区,13107,ゆとり,株式会社コム・ブレイン,営利法人,1370701276,東京都墨田区緑２－１４－７－１０１,03-5638-7838,2003-04-01,,平日,,,35.694556499999980,139.802252800000020
福祉用具貸与,墨田区,13107,有限会社　さいとう工房,有限会社さいとう工房,営利法人,1370701375,東京都墨田区本所４－２６－７,03-3621-0508,2003-08-01,,平日,,http://www.saitokobo.com,35.704585976045880,139.806573108563640
福祉用具貸与・特定福祉用具販売,墨田区,13107,レンティケアサービス墨田,株式会社レンティ,営利法人,1370702050,東京都墨田区江東橋１丁目１４番３号,03-3631-5015,2006-07-01,,平日・土曜日,,https://www.renty.co.jp/,35.695910000000000,139.810250200000000
福祉用具貸与・特定福祉用具販売,墨田区,13107,ラックすみだ,株式会社ラックコーポレーション,営利法人,1370702233,東京都墨田区京島１－４７－１７－２Ｆ,03-5655-7503,2007-08-01,,平日,,http://www.lac-corp.jp/,35.718335100000000,139.821589300000030
特定福祉用具販売,墨田区,13107,株式会社　ＯＫＣ工務店,株式会社ＯＫＣ工務店,営利法人,1370702753,東京都墨田区業平２－６－１,03-3622-4338,2010-04-01,,,,,,
福祉用具貸与・特定福祉用具販売,墨田区,13107,ライフアドバンスセノバ東京,株式会社セノバ,営利法人,1370704007,東京都墨田区東向島２－３１－１９－１０１号,03-5655-3377,2013-12-01,,平日・土曜日,,http://senoba.co.jp,35.718882200000000,139.817847900000060
福祉用具貸与・特定福祉用具販売,墨田区,13107,株式会社　澄田,株式会社澄田,営利法人,1370704171,東京都墨田区東駒形２－１７－２,03-6315-2298,2014-10-01,,平日・土曜日,,,35.707686704936770,139.801939588787920
福祉用具貸与・特定福祉用具販売,墨田区,13107,カンベ,株式会社ニューマン,営利法人,1370704627,東京都墨田区石原３－２４－６Ｋ.Ｋ.ビル　３階,03-3621-2665,2016-06-01,,,,,,
福祉用具貸与,墨田区,13107,総合商社ベンキョウドー株式会社　営業本部,総合商社ベンキョウドー株式会社,営利法人,1370704684,東京都墨田区本所３－１－８,03-3624-9240,2016-09-01,,,,,,
福祉用具貸与・特定福祉用具販売,墨田区,13107,らいふパートナー東京,らいふパートナー株式会社,営利法人,1370704916,東京都墨田区菊川２－５－４－３０１,03-6755-8791,2017-12-01,,平日,,https://www.lifepartner-tokyo.com,35.688210164936585,139.804882103893500
福祉用具貸与・特定福祉用具販売,墨田区,13107,ＰＳ－ＰＲＯＤＵＣＴＳ,ＰＳ－ＰＲＯＤＵＣＴＳ株式会社,営利法人,1370705400,東京都墨田区両国３－９－６原西ビル１階,03-6659-9666,2021-03-01,,平日,,https://ps-products.co.jp,35.692850300000010,139.793729000000000
福祉用具貸与・特定福祉用具販売,墨田区,13107,フランスベッド株式会社　メディカル押上営業所,フランスベッド株式会社,営利法人,1370705442,東京都墨田区横川１－１２－１６アーバンコア山本１階,03-5619-5130,2021-10-01,,平日・土曜日,,https://www.francebed.co.jp/,35.703460700000000,139.810182500000000
福祉用具貸与,墨田区,13107,サイアム・ケア墨田,株式会社グローバルサイアムジャパン,営利法人,1370705467,東京都墨田区江東橋４－１３－８下村ビル５０１号室,03-5637-8062,2021-10-01,,,,,,
福祉用具貸与・特定福祉用具販売,墨田区,13107,福祉介護まごの手,株式会社ＮＫＭ,営利法人,1370705525,東京都墨田区菊川２－４－１２佐藤ビル１階,03-6661-8736,2022-03-01,,,,,,
福祉用具貸与・特定福祉用具販売,墨田区,13107,高住研キヨタ株式会社東京中央店,高住研キヨタ株式会社,営利法人,1370705533,東京都墨田区吾妻橋２－１－８吾妻橋パーソナルハウス１０１号,03-5619-5501,2022-04-01,,平日・土曜日,,http://www.kojukenkiyota.com/,35.708328900000000,139.803097100000000
福祉用具貸与・特定福祉用具販売,墨田区,13107,株式会社ヤマシタ墨田営業所,株式会社ヤマシタ,営利法人,1370705756,東京都墨田区石原４－３７－７協和ビル,03-3623-5271,2024-02-01,,平日・土曜日・日曜日・祝日,,https://www.ycota.jp/,35.702208900000000,139.805308000000000
福祉用具貸与・特定福祉用具販売,墨田区,13107,てらす福祉用具貸与・販売,一般社団法人てらす会,社団・財団,1370705855,東京都墨田区京島１－２３－１０,03-6658-8457,2024-08-01,,,,,,
福祉用具貸与・特定福祉用具販売,墨田区,13107,ＯＲＣＡ福祉用具レンタル部,合同会社ＯＲＣＡ,営利法人,1370705889,東京都墨田区京島１－１８－１０フォレスト京島Ｆ１０１号室,03-6657-4062,2025-01-01,,平日,,https://www.orca-welfare.com/,35.714863300000026,139.818748200000000
福祉用具貸与・特定福祉用具販売,墨田区,13107,あくとケア　墨田,株式会社Ｒｉｎｇ,営利法人,1370705921,東京都墨田区押上１－１７－６シャトレー押上　１０１,03-5809-7528,2025-04-01,,平日,,,35.712462200000000,139.815725500000000
福祉用具貸与・特定福祉用具販売,墨田区,13107,コスモス福祉用具センター墨田,合同会社にくきゅう,営利法人,1370705996,東京都墨田区京島３－１９－３,03-6657-1223,2025-12-01,,平日,,,35.715861200000000,139.824348300000000
福祉用具貸与・特定福祉用具販売,墨田区,13107,ユーケアＳｔａｇｅ,株式会社ユナイテッドケア,営利法人,1370706077,東京都墨田区亀沢２－２０－７天田第５ビル４Ｆ,03-6658-5061,2026-09-01,,,,,,
福祉用具貸与・特定福祉用具販売,江東区,13108,株式会社　ヤマシタ　江東営業所,株式会社ヤマシタ,営利法人,1370200105,東京都江東区東陽２－４－３９新東陽ビル６階,03-6660-2601,1999-11-01,,平日・土曜日・日曜日・祝日,,http://www.ycota.jp/,35.669078594322000,139.817877449649960
福祉用具貸与・特定福祉用具販売,江東区,13108,ヒロ薬局　介護サービス,有限会社ヒロ薬品,営利法人,1370800037,東京都江東区千田２２－４丸千ビル２０１,03-3645-5101,2000-03-01,,平日,,http://www.hiroyaku.co.jp,35.680449800000030,139.816237600000050
福祉用具貸与・特定福祉用具販売,江東区,13108,フォービスライフ江東,フォービスライフ株式会社,営利法人,1370800383,東京都江東区海辺２３－１５,03-6666-3340,1999-12-01,,平日,,https://cs-forvice.com/,35.681561630437420,139.820383970261420
福祉用具貸与・特定福祉用具販売,江東区,13108,野口株式会社　介護ショップハーティケア,野口株式会社,営利法人,1370800714,東京都江東区亀戸７－５１－３グローバルＫ　２階,03-3637-1300,2000-04-01,,平日・土曜日,,,35.694763783984670,139.834809314493870
福祉用具貸与・特定福祉用具販売,江東区,13108,介護ショップ　トーヨー,東洋リネンサプライ株式会社,営利法人,1370800755,東京都江東区南砂５－１６－５,03-5633-7800,2000-04-01,,平日・土曜日,,http://www.toyo21.jp,35.675934420787460,139.833516703787270
福祉用具貸与・特定福祉用具販売,江東区,13108,株式会社　ライコム・コーポレーション,株式会社ライコム・コーポレーション,営利法人,1370800920,東京都江東区東砂五丁目１４番地１９号,03-3699-6751,2000-09-01,,平日,,http://www.raycom.co.jp/,35.675020500000000,139.842037900000040
福祉用具貸与・特定福祉用具販売,江東区,13108,あっぷるレンタルサポート,株式会社日本サービスセンター,営利法人,1370802090,東京都江東区亀戸１－４３－９－西２０２コープ野村,03-3636-1199,2004-03-01,,平日・土曜日,,http://www.well-life.co.jp/,35.696578500000015,139.820295499999930
福祉用具貸与・特定福祉用具販売,江東区,13108,みのり,株式会社みのり,営利法人,1370803940,東京都江東区亀戸２－６－１－１１２,03-5875-2322,2009-08-01,,平日,,http://www.minori-kaigo.jp/,35.699419800000000,139.822264700000000
福祉用具貸与・特定福祉用具販売,江東区,13108,セントケア　りまいん　江東,セントケアりまいん株式会社,営利法人,1370804872,東京都江東区東陽１－１６－８ＭＥＬＤＩＡ東陽町ビル４階,03-5633-7050,2013-04-01,,平日・祝日,,,35.667640599688250,139.810063328777520
福祉用具貸与・特定福祉用具販売,江東区,13108,株式会社　フロンティア　江東営業所,株式会社フロンティア,営利法人,1370804898,東京都江東区木場３－１４－４はが木場三ビル１階,03-5639-2866,2013-04-01,,平日・土曜日,,http://www.frontier-ph.com/homecare/,35.675597600000000,139.805180599999970
福祉用具貸与・特定福祉用具販売,江東区,13108,シルバーとっぷ東京,株式会社シルバーとっぷ東京,営利法人,1370805051,東京都江東区南砂４－１８－２加賀美ビル２Ｆ,03-6666-1895,2013-10-01,,平日,,http://www.silvertop.org,35.672778000000010,139.832354400000000
福祉用具貸与・特定福祉用具販売,江東区,13108,アオアクア福祉用具サポート,株式会社アオアクア,営利法人,1370806372,東京都江東区大島５－４７－９ヴェラハイツ大島７０４,03-5628-5100,2020-01-01,,平日,,https://aoakua.net,35.689813389438610,139.837872054049170
特定福祉用具販売,江東区,13108,株式会社エクセル,株式会社エクセル,営利法人,1370806463,東京都江東区南砂３－８－４,03-6659-7558,2020-08-01,,,,,,
福祉用具貸与・特定福祉用具販売,江東区,13108,やわら介護用具,株式会社エスポワール,営利法人,1370806646,東京都江東区扇橋２－３－７－１０１,03-6666-1212,2021-12-01,,平日・土曜日,,http://espoir-kaigo.jp,35.682727299999980,139.815325799999980
福祉用具貸与・特定福祉用具販売,江東区,13108,株式会社福祉協同サービス　江東営業所,株式会社福祉協同サービス,営利法人,1370806794,東京都江東区大島１－２１－１２,03-5875-0795,2022-07-01,,平日,,http://www.fukushi-ks.com,35.686521800000010,139.825078700000000
福祉用具貸与・特定福祉用具販売,江東区,13108,あそかメディカルサービス,社会福祉法人あそか会,社会福祉法人（社協以外）,1370806828,東京都江東区住吉１－１８－１５－２階,03-6666-9919,2022-09-01,,平日・土曜日,,https://www.asokakai.or.jp/,35.689809700000000,139.812284900000000
福祉用具貸与・特定福祉用具販売,江東区,13108,シルバーサポート江東店,ラミコジャパン株式会社,営利法人,1370806851,東京都江東区木場６－６－６メロディＨＩＲＯＴＡ２０１,03-3645-8560,2022-10-01,,平日・土曜日,,http://www.ramico.co.jp,35.667543700000000,139.805747300000000
福祉用具貸与・特定福祉用具販売,江東区,13108,ダスキンヘルスレント江東ステーション,株式会社ナック,営利法人,1370806877,東京都江東区猿江１－１５－５,03-5638-1690,2023-02-01,,平日,,https://healthrent.duskin.jp,35.686632500000000,139.809930500000000
福祉用具貸与・特定福祉用具販売,江東区,13108,ＳＯＭＰＯケア　江東　福祉用具,ＳＯＭＰＯケア株式会社,営利法人,1370806893,東京都江東区東陽５－３０－１３東京原木会館７Ｆ,03-6666-4963,2023-03-01,,平日,,https://www.sompocare.com/service/zaitaku/fukushiyougu/Z000897,35.673546400000010,139.815745500000020
福祉用具貸与・特定福祉用具販売,江東区,13108,株式会社仁済　福祉用具貸与事業所　江東,株式会社仁済,営利法人,1370807313,東京都江東区南砂５－２４－１７加賀見コート１０１,03-6458-6930,2025-11-01,,平日,,http://www.jinsai1939.jp/,35.675821100000010,139.835940800000000
福祉用具貸与・特定福祉用具販売,江東区,13108,ライフレッシュケア・江東,有限会社ライフレッシュ,営利法人,1372301158,東京都江東区千田６－１榎本ビル１階,03-5677-5075,2003-06-01,,平日・土曜日,,http://www.lifresh-care.jp/,35.680852183396944,139.815683213491870
福祉用具貸与・特定福祉用具販売,品川区,13109,プレミアムサポート,株式会社プレミアムサポート,営利法人,1370304626,東京都品川区東五反田２－５－２ＴＨＥ　ＣＡＳＫ　ＧＯＴＡＮＤＡ　６０４,03-5447-7722,2016-06-01,,平日,,,35.647222200000000,139.716133699999970
福祉用具貸与,品川区,13109,博芳堂薬局指定居宅介護サービス事業所,株式会社三弘,営利法人,1370901314,東京都品川区東五反田四丁目１１番６号,03-5789-2611,2001-06-01,,,,,,
福祉用具貸与・特定福祉用具販売,品川区,13109,株式会社トーカイ　品川営業所,株式会社トーカイ,営利法人,1370902841,東京都品川区東大井１－１５－１３,03-5769-0141,2007-12-01,,平日,,http://www.tokai-corp.com/,35.604807600000000,139.744349300000070
福祉用具貸与・特定福祉用具販売,品川区,13109,フランスベッド株式会社　メディカル品川営業所,フランスベッド株式会社,営利法人,1370903153,東京都品川区西五反田７－２４－５ＯＮＥＳＴ西五反田スクエア１階,03-5435-1031,2009-04-01,,平日・土曜日,,http://www.francebed.co.jp,35.620791000000000,139.718797699999980
福祉用具貸与・特定福祉用具販売,品川区,13109,シルバーはあと品川,株式会社ベネッセキャリオス,営利法人,1370903633,東京都品川区南大井６－８－１０,03-6404-6840,2011-06-01,,平日・土曜日,,https://www.silver-heart.jp/,35.591756245651254,139.733361122585620
福祉用具貸与・特定福祉用具販売,品川区,13109,アットホーム東日本,有限会社アットホーム,営利法人,1370903716,東京都品川区戸越１－１２－９,03-5788-5005,2011-12-01,,平日,,http://www.kaigo-club.net/recruit201910/,35.616029776610510,139.719659373016400
特定福祉用具販売,品川区,13109,株式会社池田工務所,株式会社池田工務所,営利法人,1370903765,東京都品川区南品川５－９－２１,03-3471-0666,2012-04-01,,,,,,
福祉用具貸与・特定福祉用具販売,品川区,13109,ＴＧケア五反田事業所,株式会社ＦＫ・ＦＩＶＥ,営利法人,1370905190,東京都品川区東五反田３－６－１５－３０１,03-4500-8981,2021-10-01,,,,,,
福祉用具貸与・特定福祉用具販売,品川区,13109,フックル,株式会社大崎ホームヘルプサービス,営利法人,1370905240,東京都品川区南品川４－１１－１－５０３号室,03-3471-0337,2021-12-01,,平日,,http://www.ohsaki-hhs.co.jp,35.612953200000000,139.737141800000000
福祉用具貸与・特定福祉用具販売,品川区,13109,パナソニック　エイジフリーショップ品川,パナソニックエイジフリー株式会社,営利法人,1371111186,東京都品川区東品川１－３－１２パナソニック東品川ビル３階,03-5715-3581,2016-04-01,,平日・土曜日,,https://sumai.panasonic.jp/agefree/map/detail.php?id=168,35.621932612424075,139.746115605637530
福祉用具貸与・特定福祉用具販売,目黒区,13110,株式会社モンパの木,株式会社モンパの木,営利法人,1370403808,東京都目黒区目黒本町５－３３－１９グリーンハイツ１階,03-6321-7011,2008-07-01,,,,,,
福祉用具貸与・特定福祉用具販売,目黒区,13110,株式会社　星医療酸器南東京営業所,株式会社星医療酸器,営利法人,1370902007,東京都目黒区下目黒３－９－１２レジデンシャル目黒２００号室,03-5434-8008,2004-04-01,,平日,,http://www.hosi.co.jp,35.624412600000000,139.710498400000000
福祉用具貸与・特定福祉用具販売,目黒区,13110,えるはあとケアセンター,有限会社映光メディカル,営利法人,1371002211,東京都目黒区中央町２－６－１　２階,03-5734-1174,2006-08-01,,平日,,https://el-heart.com/,35.631472699686400,139.693109847184670
福祉用具貸与・特定福祉用具販売,目黒区,13110,ピース,有限会社亜々夢,営利法人,1371004258,東京都目黒区駒場３－１１－９フラッツ駒場１０１,03-6407-9470,2016-05-01,,平日,,,35.659277000000020,139.682216499999980
福祉用具貸与・特定福祉用具販売,目黒区,13110,ぬくもり,株式会社ＣＦＸ,営利法人,1371004308,東京都目黒区中町１－２７－２９　１０３号室,03-6451-2217,2016-08-01,,,,,,
福祉用具貸与・特定福祉用具販売,目黒区,13110,ダスキンヘルスレント中目黒ステーション,株式会社ほづみ,営利法人,1371004852,東京都目黒区上目黒５－１８－２０,03-6452-4040,2019-02-01,,平日,,https://health-rent.duskin-hozumi.com/,35.644323800000000,139.689621900000020
福祉用具貸与・特定福祉用具販売,目黒区,13110,ニック株式会社　目黒営業所,ニック株式会社,営利法人,1371005008,東京都目黒区目黒本町６－１３－２１,03-6303-2645,2020-01-01,,平日・土曜日,,http://www.nick-corp.com/,35.621472999999995,139.695418100000040
福祉用具貸与,目黒区,13110,あうん用具サービス,株式会社Ａｏｕｎ,営利法人,1371005313,東京都目黒区自由が丘１－１３－１４－７０２号,03-6421-4808,2022-04-01,,,,,,
福祉用具貸与・特定福祉用具販売,目黒区,13110,グレース目黒,一般社団法人在宅医療協会,社団・財団,1371005453,東京都目黒区鷹番２－２０－１７ＴＳビル５０４号,03-5724-3936,2023-11-01,,平日,,,35.629800500000000,139.686231900000000
福祉用具貸与・特定福祉用具販売,目黒区,13110,スマートケアサービス,株式会社ＪＣＥＡ,営利法人,1371005479,東京都目黒区緑が丘１－１３－２３－２３,05036903330,2024-04-01,,平日,,,35.609910200000000,139.677696200000000
福祉用具貸与・特定福祉用具販売,目黒区,13110,コスモインターリアリティー,株式会社コスモインターリアリティー,営利法人,1371213875,東京都目黒区八雲２－１１－６シベレス２０３,03-3723-7566,2016-09-01,,平日・祝日,,,35.616453700000000,139.670619299999970
福祉用具貸与,大田区,13111,株式会社　仁済福祉用具貸与事業所,株式会社仁済,営利法人,1370901116,東京都大田区東馬込１－４－１５－１Ｆ,03-5718-8150,2000-07-01,,平日・土曜日・祝日,,http://www.jinsai1939.jp/,35.604987700000010,139.731180699999980
特定福祉用具販売,大田区,13111,株式会社仁済　福祉用具貸与事業所,株式会社仁済,営利法人,1370902627,東京都大田区東馬込１－４－１５－１Ｆ,03-5718-8150,2006-04-01,,平日・土曜日・祝日,,http://www.jinsai1939.jp/,35.604987700000010,139.731180699999980
福祉用具貸与・特定福祉用具販売,大田区,13111,ふろーむ４０,ライフネット株式会社,営利法人,1370903260,東京都大田区中央１－１９－２高田ビル１階,03-6423-1588,2009-06-01,,平日,,http://www.lifenet-kaigo.com,35.580767519021540,139.721140870964320
福祉用具貸与・特定福祉用具販売,大田区,13111,ナイスケア　Ｈｏｍｅ’ｓ,株式会社ナイスケア,営利法人,1371001072,東京都大田区北千束３－１７－１７　１階,03-3748-1313,2002-01-01,,平日,,http://www.nice-care.co.jp,35.606511200000000,139.687231500000050
福祉用具貸与・特定福祉用具販売,大田区,13111,ホームケア井上,株式会社ホームケア井上,営利法人,1371100460,東京都大田区鵜の木１－１６－２４ＨＩビル,03-3750-2077,1999-11-01,,平日・土曜日・祝日,,http://www.h-c-i.co.jp/,35.575577765603190,139.681612882417300
福祉用具貸与・特定福祉用具販売,大田区,13111,株式会社　シーン　ケア・シーンプラザ,株式会社シーン,営利法人,1371100775,東京都大田区南蒲田３－１－５,03-3744-2231,2000-01-04,,平日・土曜日,,http://www.care-scene.com,35.555499500000000,139.726886700000020
福祉用具貸与・特定福祉用具販売,大田区,13111,シルバーはあと蒲田,株式会社ベネッセキャリオス,営利法人,1371101583,東京都大田区多摩川１－４－８,03-3758-6521,2000-05-01,,平日・土曜日,,https://www.silver-heart.jp/,35.562534396602160,139.701109744371280
福祉用具貸与・特定福祉用具販売,大田区,13111,介護ショップ　らくだ,株式会社城南医薬保健協働,営利法人,1371101625,東京都大田区大森東４－１８－３,03-5762-8568,2000-06-01,,平日・土曜日,,https://jyounaniyaku.co.jp/new/index.html,35.568247981841495,139.737275743429800
福祉用具貸与・特定福祉用具販売,大田区,13111,トータルケアサービス本社事業所,株式会社ティーシーエス,営利法人,1371101690,東京都大田区西蒲田３－４－１－１階,03-6410-6361,2000-07-01,,平日・土曜日・祝日,,http://www.total-care-servise.co.jp/,35.568853700000005,139.706733999999980
福祉用具貸与・特定福祉用具販売,大田区,13111,ＣＡＲＥ・ＤＥＰＯＴエンゼル,株式会社ＡＣＡ,営利法人,1371102219,東京都大田区東馬込２－１９－１１日邦ビル４０２号,03-3776-5223,2001-07-01,,平日,,http://www.angel-care.co.jp,35.593961841977360,139.714866364309760
福祉用具貸与・特定福祉用具販売,大田区,13111,株式会社ケアサービス　レンタル大田,株式会社ケアサービス,営利法人,1371103076,東京都大田区新蒲田３－１５－７,03-5713-1682,2003-04-01,,平日・土曜日,,http://www.care.co.jp/,35.555882600000000,139.707613499999980
福祉用具貸与・特定福祉用具販売,大田区,13111,メルシー・ダイキ　雑色店,株式会社メルシー・ダイキ,営利法人,1371103944,東京都大田区南六郷２－２５－２２メゾンラフィット多賀１F,03-3737-2901,2004-06-01,,平日・土曜日,,http://www.mercidaiki.com/,35.547564400000000,139.717907299999980
福祉用具貸与・特定福祉用具販売,大田区,13111,セントケア　りまいん　大田,セントケアりまいん株式会社,営利法人,1371105600,東京都大田区蒲田５－３６－２相互蒲田ビル２０１,03-5713-7242,2007-04-01,,平日,,,35.561359600000000,139.718795300000000
福祉用具貸与・特定福祉用具販売,大田区,13111,株式会社東基　城南営業所,株式会社東基,営利法人,1371105790,東京都大田区仲池上１－２４－２２,03-5747-2180,2007-11-01,,平日・土曜日,,http://www.toki-net.co.jp,35.587319700000000,139.696304400000030
福祉用具貸与・特定福祉用具販売,大田区,13111,移送家介援社,合同会社移送家,営利法人,1371107317,東京都大田区大森北３－４２－１１,03-6404-6347,2011-09-01,,平日,,,35.583539568175254,139.735684389814540
福祉用具貸与・特定福祉用具販売,大田区,13111,アスナロ介護ステーションシニア事業所,有限会社アスナロ,営利法人,1371108232,東京都大田区南蒲田１－２２－２０ＰＯＯＬＤＵＣＫＢＬＤＧ２階,03-5714-2400,2012-03-01,,平日,,https://www.kaigo-asunaro.com/,35.557976600000000,139.723791300000000
福祉用具貸与・特定福祉用具販売,大田区,13111,ＡＬＳＯＫ福祉用具・城南センター,ＡＬＳＯＫ介護株式会社,営利法人,1371108406,東京都大田区西六郷４－１９－１５パークサイド多摩川１０５,03-5744-3257,2012-04-01,,平日,,,35.541480336473960,139.706045601869160
福祉用具貸与・特定福祉用具販売,大田区,13111,株式会社　フロンティア　大田営業所,株式会社フロンティア,営利法人,1371109123,東京都大田区平和島１－２－３０センコー平和島ＰＤセンター３階,03-5762-1161,2013-04-01,,平日・土曜日,,https://www.frontier-ph.com/area/ota-office/,35.584470300000000,139.742370300000000
福祉用具貸与・特定福祉用具販売,大田区,13111,フランスベッド株式会社　メディカル大田営業所,フランスベッド株式会社,営利法人,1371109982,東京都大田区上池台５－１－１８サクシード上池台,03-5754-4315,2014-08-01,,平日・土曜日,,http://www.francebed.co.jp/,35.597327000000000,139.702964100000030
福祉用具貸与・特定福祉用具販売,大田区,13111,カラーズ,株式会社カラーズ,営利法人,1371109990,東京都大田区大森西６－２－２ＳＴビル１階,03-5767-5219,2014-08-01,,平日,,https://www.colors-g.co.jp/,35.569705700000000,139.725391400000030
福祉用具貸与・特定福祉用具販売,大田区,13111,株式会社　ヤマシタ　大田営業所,株式会社ヤマシタ,営利法人,1371110329,東京都大田区大森北１－２３－５第一小田ビル４階,03-5700-7227,2015-02-01,,平日・土曜日・日曜日・祝日,,http://www.yco.co.jp/,35.587839100000000,139.697351400000000
福祉用具貸与・特定福祉用具販売,大田区,13111,福祉用具のフォーエバー,株式会社フォーエバー,営利法人,1371110410,東京都大田区西蒲田７－４３－１１　３Ｆ,03-6424-7851,2015-03-01,,平日,,http://www.forever-with.co.jp/,35.562895500000000,139.712526400000000
福祉用具貸与・特定福祉用具販売,大田区,13111,笑みくる,株式会社笑みくる,営利法人,1371111459,東京都大田区大森西４－１７－１８ワンズホーム大森１Ｆ,03-6423-1480,2016-11-01,,平日・土曜日,,http://emikulu.biz,35.570655500000000,139.723652600000040
福祉用具貸与・特定福祉用具販売,大田区,13111,ココ・ラ・ス,株式会社東京商工社,営利法人,1371111822,東京都大田区南蒲田２－２７－１,03-3739-8080,2018-02-01,,平日,,http://www.cocolas.jp,35.555460400000030,139.720666400000000
福祉用具貸与・特定福祉用具販売,大田区,13111,ＳＯＭＰＯケア　大田　福祉用具,ＳＯＭＰＯケア株式会社,営利法人,1371112069,東京都大田区西蒲田６－３６－１１西蒲田ＮＳビル５階,03-6428-7647,2018-07-01,,平日,,,35.564636936541570,139.712874851632020
福祉用具貸与・特定福祉用具販売,大田区,13111,株式会社バディ,株式会社バディ,営利法人,1371112150,東京都大田区西糀谷４－３０－８,03-6715-1225,2018-08-01,,平日・土曜日,,https://we-buddy.com,35.555457900000000,139.728153199999950
福祉用具貸与・特定福祉用具販売,大田区,13111,サガセールケア,株式会社ＳＡＧＡＳＡＬＥ,営利法人,1371112747,東京都大田区大森西３－１２－１７ロフティ大森町Ⅱ,03-3761-8807,2020-08-01,,平日・土曜日,,http://sagasale.net/company_archive/,35.572573861777705,139.726437518879700
福祉用具貸与・特定福祉用具販売,大田区,13111,株式会社アーネストケア,株式会社アーネストケア,営利法人,1371113190,東京都大田区新蒲田２－４－３スポーツプラザビル５階,03-5744-8540,2021-11-01,,平日,,http://www.earnest-care.com/,35.560310000000030,139.706734000000040
福祉用具貸与,大田区,13111,ミノッティ介護レンタル,株式会社三井,営利法人,1371113265,東京都大田区池上３－２１－３プレール池上１Ｆ,03-6425-9799,2022-05-01,,平日,,,35.574239600000006,139.699458400000000
福祉用具貸与・特定福祉用具販売,大田区,13111,株式会社トーカイ大田営業所,株式会社トーカイ,営利法人,1371113638,東京都大田区久が原１－２－１５,03-5748-5160,2024-07-01,,平日,,https://www.tokai-corp.com,35.587234800000000,139.693554600000000
福祉用具貸与・特定福祉用具販売,大田区,13111,福祉用具・レジリエンス,合同会社レジリエンス,営利法人,1371113679,東京都大田区新蒲田１－１３－１,05068764176,2024-08-01,,平日,,,35.559656000000040,139.709804800000000
福祉用具貸与・特定福祉用具販売,大田区,13111,ダスキンヘルスレント大田品川ステーション,利他の株式会社,営利法人,1371114081,東京都大田区千鳥１－１７－６,03-6410-3021,2026-09-01,,,,,,
福祉用具貸与・特定福祉用具販売,世田谷区,13112,株式会社トーカイ東京支店,株式会社トーカイ,営利法人,1370200196,東京都世田谷区北烏山９－２５－２２,03-5315-3110,2000-01-04,,平日,,https://www.tokai-corp.com/,35.674665350630320,139.592509671163920
福祉用具貸与・特定福祉用具販売,世田谷区,13112,桜十字福祉用具東京事業所,株式会社桜十字,営利法人,1370604231,東京都世田谷区八幡山３－１２－２１,03-5357-8571,2020-01-01,,平日・祝日,,https://www.sakurajyuji.jp/,35.665718300000000,139.618423200000000
福祉用具貸与・特定福祉用具販売,世田谷区,13112,やさしい手　住環境事業部　学芸大学営業所,株式会社やさしい手,営利法人,1371000611,東京都世田谷区下馬６－１１－１０,05017525770,2000-02-01,,平日,,http://www.yasashiite.com,35.627602900000000,139.677970599999980
福祉用具貸与・特定福祉用具販売,世田谷区,13112,トータルライフケア奥沢,株式会社トータルライフケア,営利法人,1371201367,東京都世田谷区奥沢３－４５－６鈴木第一ビル１Ｆ,03-6425-6431,2000-03-01,,平日・土曜日・祝日,,https://www.ikiikitlc.co.jp/,35.603671638548350,139.673455211020270
福祉用具貸与・特定福祉用具販売,世田谷区,13112,株式会社サンハート　介楽工房,株式会社サンハート,営利法人,1371202050,東京都世田谷区代沢４－３７－２ハイツ番場Ａ・Ｂ,03-5433-2421,2000-09-01,,平日・土曜日,,https://www.sunheart1999.co.jp/,35.653805100000000,139.670690000000040
福祉用具貸与・特定福祉用具販売,世田谷区,13112,株式会社　あかね,株式会社あかね,営利法人,1371203272,東京都世田谷区三軒茶屋２－１１－２０サンタワーズＤ棟８階,03-5433-1441,2002-12-01,,平日,,http://www.akane-kaigo.co.jp,35.642003700000000,139.669259900000040
福祉用具貸与・特定福祉用具販売,世田谷区,13112,タンドル南烏山,株式会社タンドル,営利法人,1371206598,東京都世田谷区南烏山６－４－２１ＳＪＫビル２Ｆ,03-5314-1206,2007-01-01,,平日・祝日,,http://www.tandoru.com/,35.669446455375855,139.599747611053460
福祉用具貸与・特定福祉用具販売,世田谷区,13112,やすらぎライフワークス,やすらぎケア株式会社,営利法人,1371206895,東京都世田谷区赤堤５－１３－７,03-6379-5901,2007-06-01,,平日・土曜日,,https://yasuragi-care.site/,35.662611902629300,139.637697739920000
福祉用具貸与・特定福祉用具販売,世田谷区,13112,レンティケアサービス城南,株式会社レンティ,営利法人,1371206952,東京都世田谷区船橋２－７－５,03-5429-1071,2007-08-01,,平日・土曜日,,http://www.renty.co.jp/,35.649257400000000,139.617319500000000
福祉用具貸与・特定福祉用具販売,世田谷区,13112,フランスベッド株式会社　メディカル世田谷営業所,フランスベッド株式会社,営利法人,1371207844,東京都世田谷区若林４－３１－１５　光映ビル２Ｆ,03-5779-7561,2009-04-01,,平日・土曜日,,,35.646663800000000,139.653794500000000
福祉用具貸与・特定福祉用具販売,世田谷区,13112,アルファフリー,株式会社アルファフリー,営利法人,1371208008,東京都世田谷区鎌田３－１７－１ベルフレール玉川２０２,03-6411-7340,2009-07-01,,平日,,http://www.alphafree.co.jp,35.619140100000000,139.617338799999970
福祉用具貸与・特定福祉用具販売,世田谷区,13112,アイ・ケアステーション,株式会社Ｎ・システム,営利法人,1371208149,東京都世田谷区岡本１－３３－１４－２２０,03-6431-0228,2009-09-01,,平日,,http://n-system-web.co.jp,35.627534399508530,139.619065830089960
福祉用具貸与・特定福祉用具販売,世田谷区,13112,レンタルサービス　ソラスト西東京,株式会社ソラスト,営利法人,1371208370,東京都世田谷区南烏山４－２７－８岡田ビル２Ｆ,03-5315-5051,2010-03-01,,平日・土曜日,,,35.672298000000000,139.600833600000000
福祉用具貸与・特定福祉用具販売,世田谷区,13112,セントケア　りまいん　世田谷,セントケアりまいん株式会社,営利法人,1371208875,東京都世田谷区等々力３－６－９ファニー等々力Ⅱ ２０２,03-3701-2027,2010-09-01,,平日,,http://care-net.biz/13/saintcare-t,35.609218800000000,139.646584100000040
福祉用具貸与・特定福祉用具販売,世田谷区,13112,ニック株式会社　世田谷営業所,ニック株式会社,営利法人,1371209048,東京都世田谷区北烏山３－２５－２０,03-5314-3370,2010-11-01,,平日・土曜日,,http://www.nick-corp.com/,35.676863454581580,139.599106903071630
福祉用具貸与・特定福祉用具販売,世田谷区,13112,シルバーはあと世田谷,株式会社ベネッセキャリオス,営利法人,1371209535,東京都世田谷区用賀２－３３－１１,03-6805-7680,2011-06-01,,平日・土曜日,,https://www.silver-heart.jp/,35.625624120201560,139.636129696115900
福祉用具貸与・特定福祉用具販売,世田谷区,13112,ダスキンヘルスレント世田谷ステーション,株式会社いつわワールド,営利法人,1371210301,東京都世田谷区北烏山９－２３－３１コンフォーレ烏山１階,03-6909-1075,2012-04-01,,平日,,http://healthrent.duskin.jp/station/tokyo.html#setagaya,35.673177500000000,139.593739800000000
福祉用具貸与・特定福祉用具販売,世田谷区,13112,株式会社ヤマシタ　世田谷等々力営業所,株式会社ヤマシタ,営利法人,1371210822,東京都世田谷区玉堤２－９－１４Ｄ－ｏｎｅ　ＢＵＩＬＤＩＮＧ　１０１号室,03-5752-1072,2012-11-01,,平日・土曜日・日曜日・祝日,,http://www.yco.co.jp,35.598250000000000,139.646574200000000
福祉用具貸与・特定福祉用具販売,世田谷区,13112,株式会社　フロンティア　世田谷営業所,株式会社フロンティア,営利法人,1371211226,東京都世田谷区粕谷４－１８－４　１階,03-5315-5390,2013-04-01,,平日・土曜日,,http://www.frontier-ph.com/homecare/,35.663921400000000,139.603228200000000
福祉用具貸与・特定福祉用具販売,世田谷区,13112,パナソニック　エイジフリーショップ世田谷,日建リース工業株式会社,営利法人,1371211895,東京都世田谷区経堂５－３２－８マーベラス経堂１階,03-5426-0909,2014-01-01,,平日・土曜日・祝日,,http://www.kaigoshop.net/setagaya/,35.648116842072260,139.633543110328670
福祉用具貸与・特定福祉用具販売,世田谷区,13112,スマイライフ経堂　福祉用具事業所,株式会社スマイライフ,営利法人,1371213305,東京都世田谷区経堂２－４－８アンティロープ経堂　Ｂ号室,03-6413-9383,2015-12-01,,平日・土曜日,,http://smi-life.com,35.652476700000000,139.635642900000000
福祉用具貸与・特定福祉用具販売,世田谷区,13112,株式会社愛安住　千歳船橋営業所,株式会社愛安住,営利法人,1371215722,東京都世田谷区船橋１－９－１６やまもとハウス２Ｆ,03-3429-7245,2019-09-01,,平日・土曜日,,https://www.aianju.co.jp,35.648315699999980,139.623393900000000
福祉用具貸与・特定福祉用具販売,世田谷区,13112,きずなケア,株式会社絆コーポレーション,営利法人,1371216233,東京都世田谷区祖師谷３－４－７伊地智ビル１Ｆ,03-5429-1096,2021-02-01,,,,,,
福祉用具貸与・特定福祉用具販売,世田谷区,13112,アローケアクルーズ,株式会社アロー・ケアクルーズ,営利法人,1371216423,東京都世田谷区砧６－３６－３信濃屋第一ビル３Ｆ,03-5727-8444,2021-09-01,,,,,,
福祉用具貸与・特定福祉用具販売,世田谷区,13112,福祉用具ＡＩケアセンター,株式会社Ｓｉｎｃｅｒｅ,営利法人,1371216597,東京都世田谷区船橋１－１３－１８－２０２号,03-6822-1181,2022-03-01,,平日,,https://www.sincere-ltd-japan.com/,35.648636500000010,139.623144899999970
福祉用具貸与・特定福祉用具販売,世田谷区,13112,ワークライフバランス,ワークライフバランス株式会社,営利法人,1371216746,東京都世田谷区成城１－７－２,03-6823-5579,2022-09-01,,,,,,
福祉用具貸与・特定福祉用具販売,世田谷区,13112,株式会社ヤマシタ世田谷松原営業所,株式会社ヤマシタ,営利法人,1371217082,東京都世田谷区赤堤４－４１－１１Ｎビル１階,03-3321-0312,2023-11-01,,平日・土曜日・日曜日・祝日,,https://www.yco.co.jp/,35.665572700000000,139.641244000000000
福祉用具貸与・特定福祉用具販売,世田谷区,13112,ネットワーク福祉用具ステーション,株式会社オフィスネットワーク,営利法人,1371217256,東京都世田谷区羽根木２－３５－２２－１０７,05015805024,2024-07-01,,平日,,,35.664927900000000,139.656249400000000
福祉用具貸与・特定福祉用具販売,世田谷区,13112,関東ＭＦＲ,株式会社ＭＦＲ,営利法人,1371217264,東京都世田谷区赤堤２－１０－１１－１０２,03-5327-5107,2024-07-01,,平日,,,35.657835700000000,139.643256500000000
福祉用具貸与・特定福祉用具販売,世田谷区,13112,イーライフ株式会社　世田谷営業所,Ｅ－ＬＩＦＥ株式会社,営利法人,1371217546,東京都世田谷区弦巻４－１１－２シェモア弦巻１Ｆ,03-6413-5368,2025-03-01,,平日・土曜日,,http://e-lifecare.com/,35.633342500000000,139.640814900000000
福祉用具貸与・特定福祉用具販売,世田谷区,13112,こかげようぐ,一般社団法人地域介護支援,社団・財団,1371217710,東京都世田谷区世田谷１－３３－３　Ｂ１,03-6413-8116,2025-06-01,,平日,,,35.640102400000010,139.650450100000000
福祉用具貸与・特定福祉用具販売,世田谷区,13112,保健福祉用品部,株式会社保健福祉総研,営利法人,1371217850,東京都世田谷区北沢５－３３－３,03-6427-7908,2026-01-01,,平日,,,35.671405300000000,139.669236200000000
特定福祉用具販売,世田谷区,13112,どうぐばこ,株式会社フルフィル,営利法人,1371218080,東京都世田谷区船橋５－３１－１０オハナコートＢ,08085446746,2026-09-01,,,,,,
福祉用具貸与・特定福祉用具販売,世田谷区,13112,ケアサポートえん,株式会社リレイション,営利法人,1371303833,東京都世田谷区赤堤３－２２－３フェリーチェ赤堤１階,03-6820-2233,2021-07-01,,平日,,https://www.r-l.care/,35.657478800000000,139.638853000000000
福祉用具貸与・特定福祉用具販売,世田谷区,13112,グリーンメディ,株式会社ライフタイムメディ,営利法人,1371506484,東京都世田谷区松原２－４２－９美鈴Ｎビル４０２号室,03-6770-5338,2011-04-01,,平日・祝日,,http://www.gc-lifetime.co.jp/,35.669227518722410,139.649109374865130
福祉用具貸与・特定福祉用具販売,渋谷区,13113,介適館２１,有限会社笹塚ケア・ニジュウイチ,営利法人,1371300441,東京都渋谷区笹塚１－４０－７,03-5790-6677,2000-02-01,,平日・土曜日,,,35.671563800000000,139.662081800000000
福祉用具貸与・特定福祉用具販売,渋谷区,13113,アビリティーズ・ケアネット株式会社　本店,アビリティーズ・ケアネット株式会社,営利法人,1371300466,東京都渋谷区代々木４－３０－３新宿ミッドウエストビル,03-5388-7526,2000-02-01,,平日,,http://www.abilities.jp/,35.683221500000020,139.689976200000050
福祉用具貸与・特定福祉用具販売,渋谷区,13113,モモ・トータルケアサービス,株式会社アイランドケア,営利法人,1371302280,東京都渋谷区本町１－４０－１４カームコート初台１Ｆ,03-5352-9600,2010-04-01,,平日,,,35.681542113184300,139.683242457672120
福祉用具貸与・特定福祉用具販売,渋谷区,13113,パール福祉用具総合センター,社会福祉法人パール,社会福祉法人（社協以外）,1371302934,東京都渋谷区鉢山町３－２７,03-5458-5011,2013-06-01,,平日・土曜日・祝日,,http://www.shibuya-pearl.or.jp,35.652794900000000,139.698751300000030
福祉用具貸与・特定福祉用具販売,渋谷区,13113,日本福祉用具気手来手センター,株式会社三英堂商事,営利法人,1371303106,東京都渋谷区渋谷２－１５－１,03-5466-1571,2014-07-01,,平日,,,35.658774899999980,139.705222800000000
福祉用具貸与・特定福祉用具販売,渋谷区,13113,株式会社　フロンティア　渋谷営業所,株式会社フロンティア,営利法人,1371303627,東京都渋谷区幡ヶ谷２－２４－７ＫＤＸレジデンス幡ヶ谷１階１０１,03-5308-5225,2019-03-01,,平日・土曜日,,http://www.frontier-ph.com,35.676202800000000,139.672295900000000
福祉用具貸与・特定福祉用具販売,渋谷区,13113,アースサポート渋谷,アースサポート株式会社,営利法人,1371303890,東京都渋谷区本町１－４－３,03-5302-2231,2022-08-01,,平日・土曜日・祝日,,https://www.earthsupport.co.jp,35.681674613220480,139.684994036141570
福祉用具貸与・特定福祉用具販売,渋谷区,13113,ノーマライ心の花渋谷桜丘,株式会社武上,営利法人,1371303965,東京都渋谷区桜丘町７－１０桜山ビル１０１,03-5457-3016,2023-04-01,,平日,,https://www.jcanvas.jp/service,35.654554600000000,139.703083800000000
福祉用具貸与・特定福祉用具販売,中野区,13114,株式会社　アースシステム,株式会社アースシステム,営利法人,1371400860,東京都中野区上高田２－１９－１１,03-5318-5733,2000-06-01,,平日・土曜日,,https://www.earth-system.jp,35.713485982614310,139.672425722615120
福祉用具貸与・特定福祉用具販売,中野区,13114,すりいでぃ,株式会社スリーディメンション,営利法人,1371401074,東京都中野区中央五丁目２９番１１号　サンメゾン中野１０２,03-5385-3755,2001-04-01,,平日,,http://www.three-dimension.com/,35.700154500000000,139.663823399999950
福祉用具貸与・特定福祉用具販売,中野区,13114,Ｃｕｒｅステーション　スマイル,株式会社ヒロ・コーポレーション,営利法人,1371403021,東京都中野区東中野４－２３－１　グリーンハイムＫ１０１,03-5332-3558,2008-03-01,,,,,,
福祉用具貸与・特定福祉用具販売,中野区,13114,株式会社　ウシクボ,株式会社ウシクボ,営利法人,1371403120,東京都中野区本町５－６－１０ビアンカビル１０１,03-6382-5755,2008-08-01,,平日・土曜日,,,35.693592000000000,139.673557599999980
福祉用具貸与・特定福祉用具販売,中野区,13114,株式会社トーカイ　中野営業所,株式会社トーカイ,営利法人,1371404284,東京都中野区中央４－１－２ＫＩビル６階６０１号室,03-5342-2931,2013-04-01,,平日・土曜日・祝日,,http://www.tokai-corp.com/silver/,35.697706444008794,139.670564666864720
福祉用具貸与・特定福祉用具販売,中野区,13114,クリオケアセンター,株式会社ＣＣＣ,営利法人,1371404771,東京都中野区中央５－８－１１スペースクリオⅡ　３階,03-5328-7301,2014-08-01,,平日,,http://www.chriocare.com,35.698449800000000,139.665447400000030
福祉用具貸与・特定福祉用具販売,中野区,13114,株式会社リップ,株式会社リップ,営利法人,1371404862,東京都中野区大和町１－１４－６中野ＥＳビル１階,03-5327-8340,2014-11-01,,平日・土曜日,,http://www.lipp2011.com,35.714187166858680,139.653633007986600
福祉用具貸与・特定福祉用具販売,中野区,13114,あけぼの介護センター,ケアゲート株式会社,営利法人,1371405158,東京都中野区中野１－５０－３ベニツル中野ビル２階,03-6908-8288,2015-12-01,,平日,,http://www.caregate.co.jp,35.702373861779340,139.674099147944730
福祉用具貸与・特定福祉用具販売,中野区,13114,福祉用具のひばりケア,株式会社ひばりケア,営利法人,1371406172,東京都中野区本町５－４７－１０鈴木ビル２Ｆ,03-6382-6263,2022-01-01,,,,,,
福祉用具貸与・特定福祉用具販売,中野区,13114,フリースタイル,合同会社フリースタイル,営利法人,1371406230,東京都中野区中野３－５０－１４津野田アパート１階道路側,09065485548,2022-12-01,,,,,,
福祉用具貸与・特定福祉用具販売,中野区,13114,ウェルフェア,株式会社しびれ,営利法人,1371406354,東京都中野区中野２－２８－１中野ＪＭビル５Ｆ,03-6161-5511,2024-04-01,,,,,,
福祉用具貸与・特定福祉用具販売,中野区,13114,としとランド東京,株式会社グリット,営利法人,1371406586,東京都中野区中野３－３５－３－５０１号室,05088848113,2026-05-01,,,,,,
福祉用具貸与・特定福祉用具販売,中野区,13114,スギ鷺宮ステーション,株式会社スギ薬局,営利法人,1371406610,東京都中野区鷺宮３－４６－１２グランドハウス鷺宮２階,08075949854,2026-07-01,,,,,,
福祉用具貸与・特定福祉用具販売,中野区,13114,ケアプラザ・みやぞの,宮園自動車株式会社,営利法人,1372004083,東京都中野区中央３－１３－１１ＭＧビル３０２,03-3362-7566,2005-01-01,,平日,,http://www.miyazono.jp/,35.702102100000005,139.673885000000040
福祉用具貸与・特定福祉用具販売,中野区,13114,株式会社エヌジェイアイ　ケアヘルス中野店,株式会社エヌジェイアイ,営利法人,1372012631,東京都中野区江古田４－１９－７カーサ高木１階,03-5942-9251,2018-08-01,,平日・土曜日,,https://www.nji.co.jp/carehealth/,35.726757293927825,139.662641229173320
福祉用具貸与・特定福祉用具販売,杉並区,13115,ＭＣＳ福祉用具,有限会社メディカル・ケアサポートツウェンティワン,営利法人,1370403394,東京都杉並区井草１－４－７　サンコート井草２０６号,03-5303-5221,2006-11-01,,平日・土曜日,,http://www.mcs21.co.jp,35.724873800000000,139.621874500000000
福祉用具貸与・特定福祉用具販売,杉並区,13115,セントケア　りまいん　永福,セントケアりまいん株式会社,営利法人,1371211218,東京都杉並区永福３－５７－１５榎本ビル１階,03-5329-1060,2013-04-01,,平日,,http://www.saint-care.com/tokyo/,35.679780884018220,139.636432452548200
福祉用具貸与・特定福祉用具販売,杉並区,13115,有限会社　白鷺介護サービス,有限会社　白鷺介護サービス,営利法人,1371500503,東京都杉並区下井草３－４１－７サンビル２階,03-3399-1997,2003-03-01,,平日,,,35.723987900000000,139.622943900000000
福祉用具貸与・特定福祉用具販売,杉並区,13115,しらさぎ薬局,ハーティ・メディケア有限会社,営利法人,1371500511,東京都杉並区阿佐谷北６－３１－７,03-3330-7181,2000-04-01,,,,,,
福祉用具貸与・特定福祉用具販売,杉並区,13115,株式会社　ドルフィン,株式会社ドルフィン,営利法人,1371504430,東京都杉並区下井草５－４－２,03-3395-4111,2006-07-01,,平日,,,35.719846500000000,139.614683700000000
福祉用具貸与・特定福祉用具販売,杉並区,13115,ソネット,ソネット株式会社,営利法人,1371504638,東京都杉並区清水三丁目２７－１８,03-3394-4165,2006-11-01,,平日・土曜日・日曜日・祝日,,http://www.sonnette.biz,35.719093900000000,139.618061200000060
福祉用具貸与・特定福祉用具販売,杉並区,13115,ペアレント,株式会社ペアレント,営利法人,1371506955,東京都杉並区久我山１－７－４１　岩崎通信機(株)構内１３号館2階,0120-88-1108,2011-12-01,,平日・土曜日・日曜日・祝日,,https://www.perfect-rental.co.jp,35.683241400000000,139.596986400000000
福祉用具貸与・特定福祉用具販売,杉並区,13115,合同会社　謙心,合同会社謙心,営利法人,1371507102,東京都杉並区成田東１－４７－８,03-6383-1316,2012-04-01,,平日,,,35.693191400000000,139.640860100000050
福祉用具貸与・特定福祉用具販売,杉並区,13115,パナソニックエイジフリーショップ杉並,日建リース工業株式会社,営利法人,1371507607,東京都杉並区浜田山３－３５－３１,03-5305-6588,2013-01-01,,平日・土曜日・日曜日・祝日,,https://www.kaigoshop.net/suginami/,35.684447700000000,139.626439300000010
福祉用具貸与・特定福祉用具販売,杉並区,13115,東京ケアサービス,株式会社東京ケアサービス,営利法人,1371507771,東京都杉並区井草１－３３－２１,03-6913-9655,2013-04-01,,平日,,,35.728019322389160,139.622860128836000
福祉用具貸与・特定福祉用具販売,杉並区,13115,シルバーはあと杉並,株式会社ベネッセキャリオス,営利法人,1371508316,東京都杉並区本天沼１－３－３リーベ杉並１Ｆ,03-6454-7441,2014-05-01,,平日・土曜日,,https://www.silver-heart.jp/,35.712393515137280,139.632367420659200
福祉用具貸与・特定福祉用具販売,杉並区,13115,スギコー福祉用具サービス,スギコー株式会社,営利法人,1371509389,東京都杉並区久我山５－６－１６サンメイト久我山,03-3333-8582,2016-10-01,,平日・土曜日・祝日,,https://sugiko-welfare.com,35.687671700000000,139.601891300000030
福祉用具貸与・特定福祉用具販売,杉並区,13115,ユニケア　永福,株式会社ユニケアさかの,営利法人,1371509884,東京都杉並区永福３－２１－３,03-3325-5481,2018-06-01,,平日,,http://www.sakano-cs.jp/,35.675768100000000,139.635119600000050
福祉用具貸与・特定福祉用具販売,杉並区,13115,ＳＯＭＰＯケア　杉並　福祉用具,ＳＯＭＰＯケア株式会社,営利法人,1371509975,東京都杉並区阿佐谷南１－１７－１８阿佐谷下田ビル２階,03-5929-8666,2018-07-01,,平日,,,35.700980000000000,139.636259000000000
福祉用具貸与・特定福祉用具販売,杉並区,13115,株式会社ケアサービス　レンタル杉並,株式会社ケアサービス,営利法人,1371510122,東京都杉並区井草２－８－２０,03-5311-7051,2018-10-01,,平日・土曜日,,,35.725659800000000,139.621338499999980
福祉用具貸与・特定福祉用具販売,杉並区,13115,アイケア　ＲＳ,株式会社アイケア,営利法人,1371510312,東京都杉並区高円寺南２－２３－３,03-6454-6455,2019-05-01,,平日,,http://www.aicare-1st.co.jp/,35.700227300000000,139.648228100000000
福祉用具貸与・特定福祉用具販売,杉並区,13115,ほほえみ　グローバル,株式会社グローバルエステート,営利法人,1371510817,東京都杉並区高円寺北２－６－１,03-6411-0613,2021-12-01,,平日・土曜日・祝日,,http://e-hohoemi.com/,35.706128800000000,139.650051500000000
福祉用具貸与・特定福祉用具販売,杉並区,13115,ニック株式会社　杉並営業所,ニック株式会社,営利法人,1371510866,東京都杉並区和泉１－１９－１３,03-5329-5048,2022-02-01,,平日・土曜日,,https://www.nick-corp.com/,35.674596600000000,139.658540700000000
福祉用具貸与・特定福祉用具販売,杉並区,13115,株式会社ヤマシタ杉並営業所,株式会社ヤマシタ,営利法人,1371511377,東京都杉並区阿佐谷南１－３４－６新東京会館５階,03-5377-5758,2024-03-01,,平日・土曜日・日曜日・祝日,,https://www.yco.co.jp/,35.701534200000000,139.636179499999970
福祉用具貸与・特定福祉用具販売,杉並区,13115,明楽三喜ホーム,株式会社明楽三喜ホーム,営利法人,1371511476,東京都杉並区久我山３－３７－６,03-5941-8988,2024-09-01,,平日,,https://meirakumikihome.co.jp,35.688577300000000,139.597568300000000
福祉用具貸与・特定福祉用具販売,杉並区,13115,株式会社東基　介護営業部　杉並営業所,株式会社東基,営利法人,1371511674,東京都杉並区和田１－２９－１３－１Ｆ,03-6304-8871,2025-10-01,,平日・土曜日,,https://www.toki-net.co.jp/,35.692242000000030,139.665757999999980
福祉用具貸与・特定福祉用具販売,杉並区,13115,ダスキンヘルスレント杉並ステーション,株式会社ほづみ,営利法人,1371511682,東京都杉並区成田東１－４３－２０グランド大塚,03-6383-2471,2025-11-01,,平日,,https://healthrent.duskin.jp/station/tokyo/suginami.html,35.692749500000000,139.642001100000000
福祉用具貸与・特定福祉用具販売,杉並区,13115,フランスベッド株式会社　メディカル杉並営業所,フランスベッド株式会社,営利法人,1374001004,東京都杉並区堀ノ内３－５２－１４湯浅ビル,03-6872-1161,2009-04-01,,平日・土曜日,,,35.709481300000000,139.635365500000030
特定福祉用具販売,豊島区,13116,ユニット,有限会社ユニット,営利法人,1371601376,東京都豊島区東池袋五丁目８番１５号,03-3980-0035,2006-04-01,,,,,,
福祉用具貸与・特定福祉用具販売,豊島区,13116,サン・ケアセンター,有限会社サン,営利法人,1371601954,東京都豊島区西巣鴨３－１５－１０ＵＫビル２０３,03-3918-3571,2004-08-01,,平日・祝日,,http://www.sun-care.jp,35.742113700000000,139.729606200000030
福祉用具貸与・特定福祉用具販売,豊島区,13116,さわやかケアポートとしま・福祉用具,ウエルシアパートナーズ株式会社,営利法人,1371603018,東京都豊島区北大塚１－１２－１５協同興業北大塚ビル,03-5907-4294,2006-04-01,,平日,,http://www.welcia-partners.co.jp,35.732248100000000,139.732631399999940
福祉用具貸与・特定福祉用具販売,豊島区,13116,ケアフレンド・福祉用具,有限会社ケアフレンド,営利法人,1371603778,東京都豊島区長崎４－１６－２,03-3530-2789,2009-11-01,,平日・土曜日・祝日,,http://care-net.biz/13/c-friend/,35.729194985870720,139.685794510790430
福祉用具貸与・特定福祉用具販売,豊島区,13116,セントケア　りまいん　豊島,セントケアりまいん株式会社,営利法人,1371604131,東京都豊島区東池袋３－２０－２１,03-5953-5033,2011-07-01,,平日・祝日,,https://www.saint-care.com/,35.730159173416220,139.720596581059250
福祉用具貸与・特定福祉用具販売,豊島区,13116,株式会社ユーエスマネジメンツ　福祉用具事業所,株式会社ユーエスマネジメンツ,営利法人,1371605377,東京都豊島区池袋２－６９－８－１階,03-6907-3339,2016-11-01,,平日・土曜日,,https://www.wheelchair88.jp/,35.735811500000004,139.708855299999980
福祉用具貸与・特定福祉用具販売,豊島区,13116,ＳＯＭＰＯケア　豊島　福祉用具,ＳＯＭＰＯケア株式会社,営利法人,1371605526,東京都豊島区東池袋５－４４－１５東信東池袋ビル４階,03-5962-0182,2018-07-01,,平日,,https://www.sompocare.com/,35.727816717897940,139.726611166218530
福祉用具貸与・特定福祉用具販売,豊島区,13116,倭ケアサービス,合同会社倭ケアサービス,営利法人,1371605682,東京都豊島区西池袋３－３３－６ＳＨＫビル２階,03-5843-3360,2019-06-01,,平日,,https://care-net.biz/13/nishiike/,35.729554568701914,139.704762665606700
福祉用具貸与,豊島区,13116,広洋産業株式会社,広洋産業株式会社,営利法人,1371605690,東京都豊島区南大塚３－３０－３,03-3984-5640,2019-09-01,,,,,,
福祉用具貸与・特定福祉用具販売,豊島区,13116,グローバルサポート,株式会社グローバルサポート,営利法人,1371605716,東京都豊島区東池袋２－４９－９第２尾形ビル２階２１号室,03-5843-3601,2020-04-01,,平日,,,35.733221100000000,139.720287600000000
福祉用具貸与・特定福祉用具販売,豊島区,13116,株式会社ミタカ　目白営業所,株式会社ミタカ,営利法人,1371605757,東京都豊島区高田２－１８－２３シャトー目白１階,03-6907-2350,2020-05-01,,平日,,http://www.t-mitaka.com,35.718123200000000,139.714792400000000
福祉用具貸与・特定福祉用具販売,豊島区,13116,ｅスコップ,株式会社Ｓ,営利法人,1371606029,東京都豊島区東池袋４－２４－８ビーバーズビル４階,03-6907-2655,2023-10-01,,平日,,https://kaigo-scoop.com/,35.728558100000000,139.717376800000000
福祉用具貸与・特定福祉用具販売,豊島区,13116,常ケアサポート,株式会社常機構,営利法人,1371606052,東京都豊島区長崎１－１１－１９藤澤ローヤルコーポ３階,03-5926-8748,2024-01-01,,平日,,https://www.jyo-kikou.com,35.728252934404600,139.696583003439830
福祉用具貸与,豊島区,13116,エーエルケア,株式会社アルバジャパン,営利法人,1371606169,東京都豊島区池袋本町１－８－４小川ビル２０３号室,03-3984-1350,2025-04-01,,平日,,,35.738013700000000,139.713666100000000
福祉用具貸与・特定福祉用具販売,北区,13117,ケアウェル王子店,ケアウェル安心株式会社,営利法人,1370702480,東京都北区豊島５－４－１－１０５,03-5944-6731,2008-11-01,,平日,,http://carewell.co.jp,35.764838612986530,139.751222877323900
福祉用具貸与,北区,13117,有限会社　コアラ･ヘルシー,有限会社　コアラ･ヘルシー,営利法人,1371601228,東京都北区赤羽西４－３－２１,03-6754-1903,2000-11-01,,,,,,
福祉用具貸与・特定福祉用具販売,北区,13117,区民介護株式会社　ほのぼのステーション赤羽,区民介護株式会社,営利法人,1371700921,東京都北区赤羽西１－１８－８アネックスワカマツ２０１,03-3900-5155,2000-03-01,,平日,,http://kuminkaigo.jp/,35.776407413024190,139.717944666934270
福祉用具貸与・特定福祉用具販売,北区,13117,（株）矢嶋商店　サポート王子,株式会社矢嶋商店,営利法人,1371701549,東京都北区豊島３－１－１３,03-3914-5511,2001-08-01,,平日・土曜日,,,35.760023100000000,139.745120899999960
福祉用具貸与・特定福祉用具販売,北区,13117,介護ショップＴＯＫＩ,株式会社ケアネット・トキ,営利法人,1371702752,東京都北区東十条３－１２－３,03-3914-3001,2005-01-01,,平日・土曜日・日曜日・祝日,,,35.766978099999996,139.731787500000000
福祉用具貸与・特定福祉用具販売,北区,13117,アトム介護ショップ,有限会社アトム介護ショップ,営利法人,1371702984,東京都北区志茂１－２８－１３,03-3598-9677,2005-08-01,,平日・土曜日,,,35.777747858302334,139.730301755476830
福祉用具貸与・特定福祉用具販売,北区,13117,ニック株式会社　東京北営業所,ニック株式会社,営利法人,1371704782,東京都北区王子４－１５－１０,03-5959-4611,2011-04-01,,平日・土曜日,,http://www.nick-corp.com/,35.761156100000000,139.736221600000020
福祉用具貸与・特定福祉用具販売,北区,13117,ウメモトコーポレーション赤羽,株式会社ウメモトコーポレーション,営利法人,1371704816,東京都北区赤羽北２－１４－３細田ハイツ１０１,03-5948-4445,2011-06-01,,平日・土曜日,,http://umemoto.co.jp/,35.784512800000000,139.706355000000030
福祉用具貸与,北区,13117,有限会社ユー・エム・サポート,有限会社ユー・エム・サポート,営利法人,1371705649,東京都北区上中里２－１４－３　１Ｆ,03-5980-8217,2013-08-01,,平日,,https://ums-aid.co.jp/,35.745778800000000,139.752223900000020
特定福祉用具販売,北区,13117,有限会社ユー・エム・サポート,有限会社ユー・エム・サポート,営利法人,1371705656,東京都北区上中里２－１４－３　１Ｆ,03-5980-8217,2013-08-01,,,,,,
福祉用具貸与・特定福祉用具販売,北区,13117,アスケア福祉用具センター　東京,株式会社ＡＳＣａｒｅ,営利法人,1371705847,東京都北区志茂５－２－６,05033177087,2014-04-01,,平日・土曜日,,https://www.as-care.co.jp/search/fukusi_service/fukusi_service01/103/,35.781947599999990,139.729252099999940
福祉用具貸与・特定福祉用具販売,北区,13117,介護用品ショップそれいゆ,一般社団法人ナースプラネット,社団・財団,1371705946,東京都北区田端新町１－２２－５,03-5855-3775,2014-10-01,,平日,,http://www.nursenet.co.jp/index.html,35.738381600000000,139.768786900000000
福祉用具貸与・特定福祉用具販売,北区,13117,東京福祉サービス,東京福祉サービス株式会社,営利法人,1371705987,東京都北区東十条３－８－５,03-6908-4077,2014-10-01,,平日,,http://www.t-fukushi.net/,35.766289580733310,139.731029033491840
福祉用具貸与・特定福祉用具販売,北区,13117,福祉用具プランニング　城北営業所,一般社団法人福祉用具プランニング,社団・財団,1371707306,東京都北区豊島３－７－１ミオ・マーレ豊島　１階,03-3911-5110,2020-04-01,,平日・土曜日,,https://fukushiyouguplanning.jp/,35.760517286934630,139.745624698286430
福祉用具貸与・特定福祉用具販売,北区,13117,ダスキンヘルスレント東京北ステーション,株式会社ボストン,営利法人,1371707538,東京都北区田端新町１－１２－３,03-6807-6045,2022-11-01,,平日,,https://healthrent.duskin.jp/station/tokyo/tokyokita.html,35.738871300000000,139.765876900000000
福祉用具貸与・特定福祉用具販売,北区,13117,かすみそう,合同会社ひいらぎ,営利法人,1371707561,東京都北区滝野川３－８６－２－１０２号コーポ明和,03-5972-4335,2023-01-01,,平日,,https://hp.kaipoke.biz/vzz/169001/index_0005.html,35.750947200000010,139.730495800000000
福祉用具貸与・特定福祉用具販売,北区,13117,さくら総合福祉,株式会社さくら総合福祉,営利法人,1371707645,東京都北区豊島８－６－３,03-6903-2684,2023-11-01,,平日,,https://sakura-sf.com/,35.764073255375320,139.739392172952450
福祉用具貸与・特定福祉用具販売,北区,13117,株式会社東京サンメディカル赤羽営業所,株式会社東京サンメディカル,営利法人,1371707769,東京都北区赤羽台１－３－１２ヌーヴェル赤羽台１２号棟１０４号室,03-5948-9570,2025-02-01,,平日,,https://t-sunme.jp/,35.778696800000000,139.715505600000000
福祉用具貸与・特定福祉用具販売,北区,13117,株式会社ヤマシタ東京北営業所,株式会社ヤマシタ,営利法人,1371707793,東京都北区堀船２－９－１９荻中ビル２階,03-6903-2091,2025-06-01,,平日・土曜日・日曜日・祝日,,https://www.ycota.jp/area/132387,35.752856900000000,139.745868200000000
福祉用具貸与・特定福祉用具販売,北区,13117,介護用品のハッコウ　板橋駅前,株式会社白興,営利法人,1372008142,東京都北区滝野川７－２２－５,03-5944-5097,2011-09-01,,平日,,http://www.hakkogroup.jp/,35.743419238970645,139.721560547238680
福祉用具貸与・特定福祉用具販売,荒川区,13118,ヨウコーほっとフレンド,株式会社ヨウコーほっとフレンド,営利法人,1371800432,東京都荒川区東尾久３－４－５,03-3809-2714,2000-02-01,,平日・土曜日,,https://rehabili-youko.com/,35.745267299999995,139.774222099999970
福祉用具貸与・特定福祉用具販売,荒川区,13118,大起エンゼルヘルプ,株式会社大起エンゼルヘルプ,営利法人,1371801133,東京都荒川区東尾久１－１－４　５階,03-3892-7260,2003-04-01,,平日,,http://www.enzeru.co.jp,35.738111600000020,139.772818400000000
福祉用具貸与・特定福祉用具販売,荒川区,13118,パナソニック　エイジフリーショップ荒川台東,あすくライフインプルーブ株式会社,営利法人,1371801174,東京都荒川区町屋８－２２－８,03-3895-1775,2003-05-01,,平日・土曜日,,https://agefree-arakawa.com/,35.745604000000000,139.786693099999980
福祉用具貸与・特定福祉用具販売,荒川区,13118,しあわせステーション,有限会社中田,営利法人,1371801232,東京都荒川区荒川２－４６－５,03-5850-7151,2003-11-01,,平日・祝日,,https://ss-group9.wixsite.com/siawase,35.739679500000000,139.781863400000020
福祉用具貸与・特定福祉用具販売,荒川区,13118,介護用品のハッコウ　荒川営業所,株式会社白興,営利法人,1371801372,東京都荒川区荒川３－３３－１,03-3891-5137,2004-02-01,,平日,,http://www.hakkogroup.jp,35.735427100000000,139.781427600000030
福祉用具貸与・特定福祉用具販売,荒川区,13118,あっぷるちよだ日暮里駅前店,株式会社千代田サービスセンター,営利法人,1371801877,東京都荒川区西日暮里２－１７－８,03-3805-0136,2005-08-01,,平日・土曜日,,,35.729216100000000,139.772125900000000
福祉用具貸与・特定福祉用具販売,荒川区,13118,株式会社ライズクリエイティヴズ,株式会社ライズクリエイティヴズ,営利法人,1371802966,東京都荒川区荒川２－２０－７,03-3805-7391,2010-08-01,,,,,,
福祉用具貸与・特定福祉用具販売,荒川区,13118,ホットステーションＳＵＮ,ケア・プランニング株式会社,営利法人,1371802982,東京都荒川区西日暮里６－８－８モミービル２階,03-5901-9554,2010-09-01,,平日・祝日,,https://www.care-planning.co.jp/,35.736589035251220,139.772632750092200
福祉用具貸与・特定福祉用具販売,荒川区,13118,シルバーはあと荒川,株式会社ベネッセキャリオス,営利法人,1371803873,東京都荒川区南千住２－３０－１０,03-5615-4680,2014-05-01,,平日・土曜日,,https://www.silver-heart.jp/,35.729580941071380,139.797899979762320
福祉用具貸与・特定福祉用具販売,荒川区,13118,株式会社日本ドライ　介護用品のスマイル荒川営業所,株式会社日本ドライ,営利法人,1371803998,東京都荒川区町屋１－２７－５　２階,03-6240-8666,2014-09-01,,平日,,https://jp-dry.co.jp,35.744518365439970,139.783808387731600
福祉用具貸与・特定福祉用具販売,荒川区,13118,ユーアイ福祉用具,株式会社介護ユーアイ,営利法人,1371804053,東京都荒川区西尾久７－２７－９－１０３号,03-6458-2251,2015-06-01,,平日,,http://kaigo-ui.co.jp/,35.749296499999990,139.755381899999970
福祉用具貸与・特定福祉用具販売,荒川区,13118,福祉用具　メディサポ,株式会社メディケアフィールド,営利法人,1371804624,東京都荒川区東日暮里４－１９－１０第２ＣＨビル２０２号,03-5604-5596,2021-01-01,,平日,,,35.726523800000000,139.780447000000000
福祉用具貸与・特定福祉用具販売,荒川区,13118,福祉用具ウィング　荒川,株式会社夢路商事,営利法人,1371804657,東京都荒川区西尾久２－９－１０,03-6807-8601,2021-05-01,,平日,,,35.748619964739740,139.765087665641430
福祉用具貸与・特定福祉用具販売,荒川区,13118,ケアラックス,株式会社ハルコ,営利法人,1371804939,東京都荒川区南千住１－１５－４トリニティ三ノ輪ビル７Ｆ,03-5615-2833,2024-10-01,,平日,,https://haruco.co.jp/,35.732138200000000,139.792344300000000
福祉用具貸与・特定福祉用具販売,荒川区,13118,日新ライフサポート株式会社,日新ライフサポート株式会社,営利法人,1371805050,東京都荒川区東日暮里６－２１－８,03-3802-1125,2026-09-01,,,,,,
福祉用具貸与・特定福祉用具販売,板橋区,13119,ハートケアサービス有限会社,ハートケアサービス有限会社,営利法人,1371900612,東京都板橋区常盤台１－１９－３－１０１,03-5917-6777,2001-07-01,,平日・土曜日・祝日,,http://hcs.hustle.ne.jp/,35.757394672019720,139.688273193115260
福祉用具貸与・特定福祉用具販売,板橋区,13119,ベスト・ケアー　レンタル事業部,株式会社ベスト・ケアー,営利法人,1371902360,東京都板橋区小茂根１－２７－３,03-3554-8156,2000-08-01,,平日・土曜日,,http://www.bestcare-kaigo.jp/,35.747381665010640,139.677731654631060
福祉用具貸与・特定福祉用具販売,板橋区,13119,株式会社ハンドベル・ケア,株式会社ハンドベル・ケア,営利法人,1371902832,東京都板橋区舟渡１－１３－１０アイ・タワー３階,03-5918-9300,2002-03-01,,平日・土曜日,,http://www.handbell-care.com,35.775294900000010,139.699105000000030
福祉用具貸与,板橋区,13119,有限会社　板橋工務店,有限会社　板橋工務店,営利法人,1371903442,東京都板橋区富士見町５番１６号,03-3961-2990,2003-04-01,,,,,,
福祉用具貸与・特定福祉用具販売,板橋区,13119,あずさわ福祉本舗,一般社団法人福祉用具プランニング,社団・財団,1371903673,東京都板橋区小豆沢１－７－１,03-5914-3505,2003-08-01,,平日・土曜日,,https://fukushiyouguplanning.jp,35.773527445250780,139.701066036645440
福祉用具貸与,板橋区,13119,大谷口ケアサービス福祉用具貸与事業所,有限会社エスアイシー,営利法人,1371903863,東京都板橋区大谷口北町６３－１１,03-5964-5355,2003-11-01,,平日・土曜日,,,35.749726903387426,139.686817739996680
福祉用具貸与・特定福祉用具販売,板橋区,13119,レインボーブリッジ　板橋ケアセンター,有限会社レインボーブリッジ,営利法人,1371903921,東京都板橋区板橋３－５－１５,03-5943-2951,2004-02-01,,平日・土曜日・日曜日・祝日,,http://www.rainbowbridge.co.jp/,35.750628900000000,139.712265600000020
福祉用具貸与・特定福祉用具販売,板橋区,13119,まごの手板橋店,佐々木ケアサービス株式会社,営利法人,1371904515,東京都板橋区双葉町１５－１３アシュレ双葉町１階,03-5943-1600,2005-01-01,,平日・土曜日,,http://www.magonote.com,35.757985700000000,139.695833600000010
福祉用具貸与・特定福祉用具販売,板橋区,13119,スローステップ福祉用具事業所蓮根,株式会社スローステップ,営利法人,1371904838,東京都板橋区蓮根２－１７－７,03-5916-0982,2005-06-01,,平日・土曜日,,http://www.slowstep2000.com,35.782407966647476,139.677042699336200
福祉用具貸与・特定福祉用具販売,板橋区,13119,ケーアイサポート福祉用具事業部,ケーアイサポート株式会社,営利法人,1371905793,東京都板橋区大和町１０－１１　パラストネオ板橋２０２,03-6905-1054,2007-04-01,,平日,,,35.758716600000000,139.706171499999980
特定福祉用具販売,板橋区,13119,ジョイフルケア福祉用具事業所,株式会社ジョイサービス,営利法人,1371906486,東京都板橋区大山東町４－２,03-6905-0200,2009-02-01,,,,,,
福祉用具貸与・特定福祉用具販売,板橋区,13119,シルバーサポート東京北店,ラミコジャパン株式会社,営利法人,1371907963,東京都板橋区宮本町４４－６,03-5914-2033,2012-05-01,,平日・土曜日,,https://www.ramico.co.jp/,35.764293500000000,139.697841499999980
福祉用具貸与・特定福祉用具販売,板橋区,13119,暮らしサポート　すまいる先生,株式会社チャレンジ,営利法人,1371908482,東京都板橋区小豆沢４－５－４,03-5914-6052,2013-02-01,,平日・土曜日・日曜日・祝日,,http://www.challenge-home.jp,35.776133700000000,139.697482900000070
福祉用具貸与・特定福祉用具販売,板橋区,13119,はなまる介護,８７０株式会社,営利法人,1371908631,東京都板橋区中板橋２９－８クリテックビル３Ｆ,03-5943-9870,2013-05-01,,平日・祝日,,https://870kaigo.com,35.756508000000000,139.694680899999980
福祉用具貸与・特定福祉用具販売,板橋区,13119,フランスベッド株式会社　メディカル板橋営業所,フランスベッド株式会社,営利法人,1371909043,東京都板橋区本町３９－１０メゾンドジュリア１０１号,03-5943-3550,2014-02-01,,平日・土曜日,,,35.759225751143670,139.706646089410470
福祉用具貸与・特定福祉用具販売,板橋区,13119,ダスキンヘルスレント板橋ステーション,株式会社ダスキン光和,営利法人,1371909852,東京都板橋区中板橋２１－１１第５レジデンス１Ｆ,03-6909-5570,2015-08-01,,平日・土曜日,,http://healthrent.duskin.jp/,35.756778842885510,139.682558045021780
福祉用具貸与・特定福祉用具販売,板橋区,13119,株式会社ヤマシタ　板橋営業所,株式会社ヤマシタ,営利法人,1371910074,東京都板橋区泉町３９－１５,03-3558-5520,2016-03-01,,平日・土曜日・日曜日・祝日,,http://www.ycota.jp/,35.766879300000010,139.700071200000000
福祉用具貸与・特定福祉用具販売,板橋区,13119,株式会社山口サービス,株式会社山口サービス,営利法人,1371911189,東京都板橋区蓮根１－４－８,03-6915-5389,2019-01-01,,平日,,,35.778835400000000,139.677309599999940
福祉用具貸与・特定福祉用具販売,板橋区,13119,ぐうにいずケアセンター,有限会社協徳,営利法人,1371911270,東京都板橋区西台４－８－１３,03-3550-5336,2019-04-01,,平日・土曜日,,http://gunizu.com/index.html,35.772355500000000,139.669019899999970
福祉用具貸与・特定福祉用具販売,板橋区,13119,株式会社フロンティア板橋営業所,株式会社フロンティア,営利法人,1371911627,東京都板橋区仲町２２－１１,03-5964-5143,2020-04-01,,平日・土曜日,,https://www.frontier-ph.com/,35.752132000000000,139.696900900000000
福祉用具貸与・特定福祉用具販売,板橋区,13119,福祉用具事業所　Ｒｅ：ＡＣＴＩＶＥ,株式会社ＭＥＤＩＣＡＬ　ＣＯＬＯＲ,営利法人,1371911833,東京都板橋区大山金井町２－４パインメートⅡ　１階,03-6909-5460,2021-03-01,,平日・祝日,,https://www.medical-color.com/home-care/,35.746209700000000,139.709277300000000
福祉用具貸与・特定福祉用具販売,板橋区,13119,みちおい福祉用具,合同会社道生舎,営利法人,1371911882,東京都板橋区徳丸３－３８－３４ヒルサイドハイツＢ１Ｆ,03-6909-7890,2021-05-01,,平日,,https://www.mitioisya.tokyo/,35.774185882245460,139.658778162426760
福祉用具貸与・特定福祉用具販売,板橋区,13119,ケースタイル福祉用具レンタル東京都板橋事務所,合同会社Ｋ－Ｓｔｙｌｅ,営利法人,1371911999,東京都板橋区富士見町１１－１０アイエッチ富士見２０２号室,03-6762-6283,2021-10-01,,,,,,
福祉用具貸与・特定福祉用具販売,板橋区,13119,株式会社　Ｍ＆Ｗサポート,株式会社Ｍ＆Ｗサポート,営利法人,1371912211,東京都板橋区前野町２－３１－２－１０１,03-3960-1603,2023-04-01,,平日・土曜日,,https://www.tshnet.or.jp/,35.765503600000000,139.689721600000000
福祉用具貸与・特定福祉用具販売,板橋区,13119,ニック株式会社　板橋営業所,ニック株式会社,営利法人,1371912567,東京都板橋区中台３－２６－１１,03-6685-5470,2025-02-01,,平日・土曜日,,https://www.nick-corp.com/,35.773396999999980,139.677494999999960
福祉用具貸与・特定福祉用具販売,板橋区,13119,株式会社トーカイ板橋営業所,株式会社トーカイ,営利法人,1371912591,東京都板橋区徳丸７－２７－１ファミール高島平１階１０１号室,03-6693-0510,2025-04-01,,平日,,https://www.tokai-corp.com,35.781972800000000,139.661531200000000
福祉用具貸与・特定福祉用具販売,板橋区,13119,ケア２１ライフプラス東京城北,株式会社ケア２１ライフプラス,営利法人,1372108629,東京都板橋区大山西町９－３,03-5964-6421,2012-04-01,,平日,,http://www.care21.co.jp,35.747377890537320,139.697952383931720
福祉用具貸与・特定福祉用具販売,練馬区,13120,ねくすと,株式会社ネクストワン,営利法人,1371405596,東京都練馬区高松３－７－１７フレグランス光が丘１０６,03-6479-3202,2018-02-01,,平日,,http://www.next-fukushi.com,35.747571800000010,139.626840000000040
特定福祉用具販売,練馬区,13120,ゼコノライフサービス,有限会社　ゼコノ,営利法人,1371501121,東京都練馬区関町東２－１３－３,03-5927-0741,2006-04-01,,平日・土曜日,,http://zekono.com/index.html,35.727808300000000,139.578605899999960
福祉用具貸与・特定福祉用具販売,練馬区,13120,プラチナハウス練馬店,株式会社レイクス２１,営利法人,1371601277,東京都練馬区貫井２－１１－６－１０１,03-5987-5273,2001-06-01,,平日,,http://lakes21.co.jp/,35.739844000000010,139.635067599999990
福祉用具貸与・特定福祉用具販売,練馬区,13120,株式会社　東基,株式会社東基,営利法人,1372000271,東京都練馬区貫井３－４１－１,03-3998-1191,1999-10-01,,平日・土曜日,,http://www.toki-net.co.jp,35.739739000000000,139.629889999999930
福祉用具貸与・特定福祉用具販売,練馬区,13120,株式会社　サンポー,株式会社サンポー,営利法人,1372000792,東京都練馬区豊玉中三丁目１番１５号,03-5984-7038,1999-12-01,,平日,,http://www.sanpoh-med.co.jp,35.733109900000000,139.655882400000000
福祉用具貸与・特定福祉用具販売,練馬区,13120,指定福祉用具貸与事業所　株式会社　ケアサービス伊東　福祉用具貸与・販売,株式会社ケアサービス伊東,営利法人,1372002038,東京都練馬区早宮２－１６－２６,03-3934-1322,2001-07-01,,平日,,http://www.careservice-ito.com,35.756723800000000,139.654681699999970
福祉用具貸与・特定福祉用具販売,練馬区,13120,有限会社　ケアワーカー中ノ宮,有限会社ケアワーカー中ノ宮,営利法人,1372002129,東京都練馬区春日町３－３３－２２　中ノ宮ビル２Ｆ,03-3999-7764,2001-10-01,,平日・土曜日,,http://nakanomiya.co.jp,35.752360100000000,139.642518900000030
福祉用具貸与,練馬区,13120,ねりま介護応援センター,有限会社　共栄電器,営利法人,1372002269,東京都練馬区上石神井一丁目４２番６号,03-3929-4638,2001-12-01,,,,,,
福祉用具貸与・特定福祉用具販売,練馬区,13120,株式会社　早宮エンジニアリング,株式会社早宮エンジニアリング,営利法人,1372002475,東京都練馬区早宮一丁目２９番１５号,03-3991-8660,2003-01-01,,平日・土曜日・祝日,,http://www.hayamiya-eng.com,35.750271800000000,139.658728800000060
福祉用具貸与・特定福祉用具販売,練馬区,13120,有限会社　オークステーション,有限会社　オークステーション,営利法人,1372003028,東京都練馬区練馬３－２１－２０,03-5912-5639,2003-06-01,,平日,,,35.739525700000000,139.650463200000000
福祉用具貸与・特定福祉用具販売,練馬区,13120,つつじケア福祉用具貸与事業所,有限会社つつじケア,営利法人,1372004380,東京都練馬区高野台５－３８－１７テラスヴュー高野台１０１,03-5393-1227,2005-07-01,,平日,,,35.749817700000000,139.609180199999970
特定福祉用具販売,練馬区,13120,株式会社　正興,株式会社正興,営利法人,1372005460,東京都練馬区貫井５－１２－１２,03-5241-2472,2007-01-01,,,,,,
福祉用具貸与・特定福祉用具販売,練馬区,13120,ダスキンヘルスレント練馬ステーション,株式会社ダスキン光和,営利法人,1372005783,東京都練馬区氷川台４－３６－１６,03-3931-3005,2007-09-01,,平日,,http://healthrent.duskin.jp,35.755340060018910,139.664450331877080
福祉用具貸与・特定福祉用具販売,練馬区,13120,フランスベッド株式会社　メディカル練馬営業所,フランスベッド株式会社,営利法人,1372006542,東京都練馬区中村北３－１５－１６　タマルビル１０２,03-6845-0021,2009-04-01,,平日・土曜日,,http://www.francebed.co.jp/,35.736603500000000,139.639528199999970
福祉用具貸与・特定福祉用具販売,練馬区,13120,まっかな花　練馬,アクティブライフ株式会社,営利法人,1372007854,東京都練馬区中村北４－８－３０田代ビル２F,03-5579-7570,2011-04-01,,平日,,,35.735928500000014,139.637572800000040
福祉用具貸与・特定福祉用具販売,練馬区,13120,セントケア　りまいん　練馬,セントケアりまいん株式会社,営利法人,1372007862,東京都練馬区南田中３－６－１２大沢ビル１Ｆ,03-5910-7180,2011-04-01,,平日,,http://www.saint-care.com/tokyo,35.738330500000000,139.620235300000000
福祉用具貸与・特定福祉用具販売,練馬区,13120,ユーアイケアセンター,株式会社ユーアイコーポレーション,営利法人,1372008845,東京都練馬区石神井町２－９－１５,03-6913-4937,2012-09-01,,平日,,,35.744498900000000,139.610408199999940
福祉用具貸与・特定福祉用具販売,練馬区,13120,ぱすてる光が丘,株式会社ハビタット,営利法人,1372009140,東京都練馬区田柄４－１－１８,03-5967-1411,2013-01-01,,平日,,http://habitat-2006.co.jp,35.762986863731010,139.642439518385320
特定福祉用具販売,練馬区,13120,株式会社　ワークスコジマ,株式会社ワークスコジマ,営利法人,1372009454,東京都練馬区田柄２－９－２,03-6314-7290,2013-05-01,,,,,,
福祉用具貸与・特定福祉用具販売,練馬区,13120,ニック株式会社　練馬営業所,ニック株式会社,営利法人,1372009652,東京都練馬区田柄４－４５－５,03-6686-7151,2013-07-01,,平日・土曜日,,http://www.nick-corp.com,35.764643677229660,139.633960835582030
福祉用具貸与・特定福祉用具販売,練馬区,13120,里華バリー,有限会社フロムエント,営利法人,1372010023,東京都練馬区貫井３－１０－３,03-5933-9570,2014-01-01,,平日,,http://from-ent.com/rikabari-/home.html,35.736186600000000,139.628881900000000
福祉用具貸与・特定福祉用具販売,練馬区,13120,スペースケア練馬営業所,株式会社スペースケア,営利法人,1372010056,東京都練馬区高松６－１９－２５,03-6913-3192,2014-01-01,,平日・土曜日,,http://www.spacecare.co.jp,35.759419871439400,139.616141974279800
福祉用具貸与・特定福祉用具販売,練馬区,13120,ほっと・ライフサービス,株式会社ほっと・すぺーす,営利法人,1372010197,東京都練馬区氷川台３－１９－７井垣ビル２Ｆ,03-6906-9171,2014-04-01,,平日,,http://hotspace.co.jp,35.750510800000000,139.668925100000020
福祉用具貸与・特定福祉用具販売,練馬区,13120,株式会社　フロンティア　練馬営業所,株式会社フロンティア,営利法人,1372010403,東京都練馬区南田中３－２８－２０,03-5923-1270,2014-07-01,,平日・土曜日,,http://www.frontier-ph.com,35.737294400000000,139.615377500000020
福祉用具貸与・特定福祉用具販売,練馬区,13120,福祉用具ひまわり,医療法人社団真成会,医療法人,1372010478,東京都練馬区豊玉北１－１２－１６,03-5999-1110,2014-08-01,,平日,,http://www.shinseikai-cc.jp/,35.734490234600980,139.669127734957440
福祉用具貸与・特定福祉用具販売,練馬区,13120,株式会社　ヤマシタ　練馬営業所,株式会社ヤマシタ,営利法人,1372010502,東京都練馬区谷原２－５－５,03-5923-5101,2014-09-01,,平日・土曜日・日曜日・祝日,,http://www.yco.co.jp,35.749574500000000,139.616253300000040
福祉用具貸与・特定福祉用具販売,練馬区,13120,スウェーデンブロー株式会社,スウェーデンブロー株式会社,営利法人,1372011054,東京都練馬区西大泉５－２９－２３イーハトープ壱番館１２０９号,03-6356-7792,2015-07-01,,,,,,
特定福祉用具販売,練馬区,13120,有限会社ハートステーション,有限会社ハートステーション,営利法人,1372011310,東京都練馬区大泉学園町６－２３－１１,03-5933-0688,2016-02-01,,,,,,
福祉用具貸与・特定福祉用具販売,練馬区,13120,ＦｒｅｅＬｉｆｅ,合同会社ＦｒｅｅＬｉｆｅ,営利法人,1372011385,東京都練馬区錦１－２４－１６,03-6281-0345,2016-04-01,,平日・土曜日,,https://www.freelifefukusiyougu.com/,35.760137600000014,139.670383000000020
福祉用具貸与・特定福祉用具販売,練馬区,13120,コミュニティ・ケア,株式会社コミュニティ・ケア,営利法人,1372011823,東京都練馬区西大泉３－２６－１５さかえやビル２階,03-5933-0556,2017-02-01,,平日・祝日,,http://www.communitycare-ooizumi.co.jp,53.412910000000000,-8.243889999999964
福祉用具貸与・特定福祉用具販売,練馬区,13120,福祉用具青空,青空ケアサポートセンター有限会社,営利法人,1372011898,東京都練馬区西大泉６－１４－２０,03-3921-0211,2017-05-01,,平日・土曜日・祝日,,http://www.aozora-sun.co.jp,35.761120600000005,139.566347200000000
福祉用具貸与・特定福祉用具販売,練馬区,13120,まごころ練馬営業所,株式会社まごころ,営利法人,1372012003,東京都練馬区南大泉４－３８－５,03-5935-8477,2017-08-01,,平日,,,35.748887999999994,139.576284300000030
福祉用具貸与・特定福祉用具販売,練馬区,13120,ＳＯＭＰＯケア　練馬　福祉用具,ＳＯＭＰＯケア株式会社,営利法人,1372012540,東京都練馬区豊玉北４－１１－１０東洋ライス東日本支店ビル１階,03-6915-8910,2018-07-01,,平日,,https://www.sompocare.com,35.735262976786720,139.658970962153770
福祉用具貸与・特定福祉用具販売,練馬区,13120,Ｔ’ｓライト,合同会社ＴｒｅＳｔａｒ,営利法人,1372012771,東京都練馬区西大泉５－１７－１ジュノー・ムカイ１０１,03-6478-9038,2019-01-01,,平日,,,35.755429700000015,139.569233400000030
特定福祉用具販売,練馬区,13120,かしのきケア,有限会社カシノキ情報システム,営利法人,1372013084,東京都練馬区東大泉４－３０－２２,03-5935-8523,2019-11-01,,,,,,
福祉用具貸与・特定福祉用具販売,練馬区,13120,株式会社トーカイ練馬営業所,株式会社トーカイ,営利法人,1372013274,東京都練馬区春日町１－１７－１９,03-5987-0181,2020-07-01,,平日,,https://www.tokai-corp.com/,35.749310300000000,139.646165700000000
福祉用具貸与・特定福祉用具販売,練馬区,13120,しまうま,株式会社ＺＥＢＲＡ,営利法人,1372013373,東京都練馬区土支田３－２２－８ルミエール大泉１０４,03-6904-6532,2020-10-01,,,,,,
福祉用具貸与・特定福祉用具販売,練馬区,13120,アスケア福祉用具センター　練馬,株式会社ＡＳＣａｒｅ,営利法人,1372013704,東京都練馬区貫井２－２８－４リスタアビル１階,05033177088,2021-07-01,,平日・土曜日,,https://www.asahi-sun-clean.co.jp/,35.740619300000000,139.635508800000000
福祉用具貸与・特定福祉用具販売,練馬区,13120,西川株式会社／ネーブルハウス練馬事業所,西川株式会社,営利法人,1372013894,東京都練馬区石神井町２－３３－２７石神井ファインレジデンス１０３,03-6915-9330,2022-02-01,,平日・土曜日,,https://nablehouse.co.jp,35.749266800000000,139.607439200000000
福祉用具貸与・特定福祉用具販売,練馬区,13120,ホームアメニティ　ゆとりな,株式会社ゆとりな,営利法人,1372014207,東京都練馬区南大泉１－１３－１４,03-5935-8452,2022-10-01,,平日・土曜日・祝日,,https://yutorina.jp/,35.739039500000020,139.575159900000000
福祉用具貸与・特定福祉用具販売,練馬区,13120,株式会社まごころプラス,株式会社まごころプラス,営利法人,1372014694,東京都練馬区北町１－１６－６,03-6913-0222,2024-05-01,,平日,,,35.765689700000000,139.664689400000000
福祉用具貸与・特定福祉用具販売,練馬区,13120,住環境デザイン　練馬,株式会社住環境デザイン,営利法人,1372014710,東京都練馬区関町南２－２－６善福寺コーポ１０３,03-5991-5797,2024-05-01,,平日,,,35.720013199999990,139.590963799999970
福祉用具貸与・特定福祉用具販売,練馬区,13120,Ｍｅａｒｔｈｓ　Ｌｉｎｋ,株式会社Ｍｅａｒｔｈｓ,営利法人,1372015105,東京都練馬区下石神井６－３０－１１第１石塚マンション２０５,03-6821-1986,2025-09-01,,平日,,,35.735431300000000,139.604326600000000
福祉用具貸与・特定福祉用具販売,練馬区,13120,生活ぷらす東京支店,株式会社未来生活,営利法人,1372015162,東京都練馬区関町南３－６－１１パークヒルズ武蔵関　１Ｆ,03-6279-7758,2026-01-01,,平日,,,35.722461726946510,139.582017160713200
福祉用具貸与・特定福祉用具販売,練馬区,13120,陽だまり　福祉用具,株式会社Ｆｉｖｅ　Ｔｒｅｅｓ,営利法人,1375424734,東京都練馬区南大泉１－２６－１０,03-5947-2088,2016-01-01,,平日・祝日,,https://tanashi-hidamari.com,35.741288499999980,139.574422900000000
福祉用具貸与,足立区,13121,株式会社セリオ東京北営業所,株式会社セリオ,営利法人,1370704379,東京都足立区綾瀬６－１６－１６ジュネス綾瀬１０１号室,03-5856-3758,2015-07-01,,平日,,http://serio888.net,35.770448022008324,139.825130052834620
福祉用具貸与・特定福祉用具販売,足立区,13121,有限会社　ライフケアー,有限会社ライフケアー,営利法人,1371700681,東京都足立区小台２－２８－１６,03-3800-7774,2001-06-01,,,,,,
福祉用具貸与・特定福祉用具販売,足立区,13121,やさしい手　住環境事業本部　東営業所,株式会社やさしい手,営利法人,1371801885,東京都足立区一ツ家１－２２－２１　ウェルズ２１足立パートⅠ,05017525771,2005-08-01,,平日,,http://www.yasashiite.com,35.782902400000000,139.808955999999970
福祉用具貸与・特定福祉用具販売,足立区,13121,ベストリハ福祉用具事業所北千住,ベストリハ株式会社,営利法人,1371804723,東京都足立区千住２－３吾妻ビル６階,03-5813-9898,2022-04-01,,平日,,https://bestreha.com/facility/facility-10537/,35.749475900000010,139.799816600000040
福祉用具貸与・特定福祉用具販売,足立区,13121,ウメモトコーポレーション　介護用品の店梅元,株式会社ウメモトコーポレーション,営利法人,1372100592,東京都足立区西新井栄町３－３－８,03-3880-9330,1999-10-01,,平日・土曜日,,http://www.umemoto.co.jp,35.775886130158910,139.784506781614700
福祉用具貸与・特定福祉用具販売,足立区,13121,有限会社　福祉の家,有限会社福祉の家,営利法人,1372100659,東京都足立区入谷４－１７－１８,03-3857-2941,1999-10-01,,平日・土曜日,,http://www.fukushinoie.co.jp,35.807752906515590,139.759347423865170
福祉用具貸与・特定福祉用具販売,足立区,13121,まごの手　本店,佐々木ケアサービス株式会社,営利法人,1372100733,東京都足立区足立４－３７－１１,03-3848-0190,1999-10-01,,平日・土曜日,,http://www.magonote.com,35.765393500000010,139.808228999999980
福祉用具貸与・特定福祉用具販売,足立区,13121,城北介護センター,株式会社ダイユウケアシステム,営利法人,1372101152,東京都足立区千住宮元町３０－４,03-3870-4888,2001-01-01,,平日,,http://www.jyohokukaigo.com,35.749012200000000,139.795206199999940
福祉用具貸与・特定福祉用具販売,足立区,13121,介護用品の店　ゆいま～る,株式会社トータルケアサービス加島,営利法人,1372101178,東京都足立区千住中居町１２－６,03-5284-6301,2000-02-01,,平日・土曜日,,http://www.kaigo-yuimaru.co.jp/,35.749026777709595,139.797080128572130
福祉用具貸与・特定福祉用具販売,足立区,13121,介護ショップペンギン,株式会社ケアフレンド,営利法人,1372101673,東京都足立区梅島１－９－５,03-6807-2171,2000-04-01,,平日・土曜日,,https://www.carefriend.co.jp,35.772105743222745,139.798962818441600
福祉用具貸与・特定福祉用具販売,足立区,13121,株式会社あおばライフケア,株式会社あおばライフケア,営利法人,1372102804,東京都足立区梅島３－３３－１,03-5888-2333,2002-05-01,,平日・土曜日・祝日,,https://aoba-lifecare.com/,35.777958600000020,139.792271499999970
福祉用具貸与・特定福祉用具販売,足立区,13121,ホットプランニング足立有限会社　介護支援事業部,ホットプランニング足立有限会社,営利法人,1372103034,東京都足立区綾瀬５－７－９シティービル１階Ｂ号,03-3620-7393,2002-09-01,,平日・土曜日・祝日,,https://hotplanning.co.jp/,35.768626500000000,139.825155000000000
福祉用具貸与・特定福祉用具販売,足立区,13121,株式会社　星医療酸器東京事業所,株式会社星医療酸器,営利法人,1372104081,東京都足立区入谷七丁目１１番１２号,03-3899-8855,2004-04-01,,平日,,http://www.hosi.co.jp,35.802551100000000,139.758321000000020
福祉用具貸与・特定福祉用具販売,足立区,13121,ヒラタ,有限会社　ヒラタ,営利法人,1372104719,東京都足立区鹿浜８－１１－５ロイヤルハイム小松原１０５号室,03-5839-3270,2005-01-01,,平日・土曜日,,,35.788292200000000,139.762113199999930
福祉用具貸与・特定福祉用具販売,足立区,13121,介護の一休,株式会社陽平,営利法人,1372104867,東京都足立区南花畑４－１７－８ＡＥＲビル２階,03-3885-7731,2005-07-01,,平日・土曜日・日曜日・祝日,,http://www.yohei-care.com/,35.797392400000000,139.818432499999970
福祉用具貸与・特定福祉用具販売,足立区,13121,まっかな花,アクティブライフ株式会社,営利法人,1372105021,東京都足立区谷中２－７－１３,03-5682-7117,2005-07-01,,平日・土曜日,,,35.776853400000010,139.832584600000020
福祉用具貸与・特定福祉用具販売,足立区,13121,介護用品の店　いきいき,有限会社生き活きサポート,営利法人,1372105062,東京都足立区西新井５－４２－１６,03-3899-9787,2005-08-01,,平日・土曜日,,https://ikiiki-support.co.jp/,35.785875800000000,139.779126499999960
特定福祉用具販売,足立区,13121,すまサポ,株式会社マイクロエレベーター,営利法人,1372106979,東京都足立区綾瀬３－２５－１９,03-5616-3725,2008-10-01,,平日,,https://sumai.panasonic.jp/agefree/map/detail.php?id=127,35.765291900000000,139.827794500000000
福祉用具貸与・特定福祉用具販売,足立区,13121,レンタルサービス　ソラスト東東京,株式会社ソラスト,営利法人,1372107456,東京都足立区竹の塚１－３０－２０泰尚ビル３Ｆ,03-5831-6821,2010-02-01,,平日・土曜日,,,35.792262400000000,139.791807200000000
福祉用具貸与・特定福祉用具販売,足立区,13121,株式会社　まごころ,株式会社まごころ,営利法人,1372107589,東京都足立区関原３－３３－５　１Ｆ,03-5845-3215,2010-06-01,,平日・土曜日,,,35.772250266298920,139.785742342991650
福祉用具貸与・特定福祉用具販売,足立区,13121,株式会社　苑田メディコ,株式会社苑田メディコ,営利法人,1372107597,東京都足立区保木間４－１５－１６,03-5856-7820,2010-06-01,,平日,,http://www.sonoda-medico.com/,35.795013496677410,139.799257295988530
福祉用具貸与・特定福祉用具販売,足立区,13121,フランスベッド株式会社　メディカル足立営業所,フランスベッド株式会社,営利法人,1372107654,東京都足立区宮城１－４－３,03-5902-0331,2010-07-01,,平日・土曜日,,http://www.francebed.co.jp,35.756681631058680,139.753888054228380
福祉用具貸与・特定福祉用具販売,足立区,13121,株式会社　トーカイ　足立営業所,株式会社トーカイ,営利法人,1372109080,東京都足立区江北６－１１－１０,03-5838-1610,2012-12-01,,平日,,http://www.tokai-corp.com/,35.780346300000000,139.766604300000040
福祉用具貸与・特定福祉用具販売,足立区,13121,らいふケア,有限会社レーザテクノジャパン,営利法人,1372109155,東京都足立区花畑５－２－８,03-5851-5544,2013-02-01,,平日,,,35.806580010846400,139.803904314974940
福祉用具貸与・特定福祉用具販売,足立区,13121,株式会社　フロンティア　足立営業所,株式会社フロンティア,営利法人,1372109338,東京都足立区竹の塚１－２７－１,03-5851-3161,2013-04-01,,平日・土曜日,,http://www.frontier-ph.com/,35.792143262513584,139.790552103188360
福祉用具貸与・特定福祉用具販売,足立区,13121,株式会社　ケアネットワーク,株式会社ケアネットワーク,営利法人,1372109510,東京都足立区扇３－１６－１８－３０２,03-5837-4527,2013-06-01,,,,,,
福祉用具貸与・特定福祉用具販売,足立区,13121,ＯＨＩケアサービス,合資会社ミラクル,営利法人,1372111706,東京都足立区保木間３－３５－１－２０２,03-6312-0553,2017-03-01,,平日・祝日,,http://hp.kaipoke.biz/fte/,35.795550000000000,139.810258400000000
福祉用具貸与・特定福祉用具販売,足立区,13121,介護用品のハッコウ　足立営業所,株式会社白興,営利法人,1372111748,東京都足立区南花畑２－４６－６,03-5809-6741,2016-12-01,,平日,,,35.793669570979580,139.818339480950920
福祉用具貸与・特定福祉用具販売,足立区,13121,あっぷけあ足立西,あっぷけあスマイル株式会社,営利法人,1372112266,東京都足立区西新井１－５－３ウィステリア大師前２階,03-5809-5189,2018-03-01,,平日,,http://www.upcare.co.jp/,35.778446837881866,139.780403376266240
福祉用具貸与・特定福祉用具販売,足立区,13121,ケアリード,株式会社わかばケアセンター,営利法人,1372112480,東京都足立区竹の塚１－３３－１０,03-5856-7758,2018-08-01,,平日,,http://www.wakaba-care.co.jp/,35.791168100000000,139.793643200000020
福祉用具貸与・特定福祉用具販売,足立区,13121,株式会社　ヤマシタ　足立営業所,株式会社ヤマシタ,営利法人,1372112563,東京都足立区西綾瀬３－１７－５ＵＲＢＡＮ２０１号室,03-3889-2010,2018-10-01,,平日・土曜日・日曜日・祝日,,https://www.ycota.jp/,35.763932252496130,139.817862180242660
福祉用具貸与・特定福祉用具販売,足立区,13121,あっぷけあ大師参道,あっぷけあスーリール株式会社,営利法人,1372112639,東京都足立区西新井１－８－２サイトウビル１階,03-6869-5302,2018-12-01,,平日,,https://upcare.co.jp/pg3583578.html,35.778645999999980,139.779326200000000
福祉用具貸与・特定福祉用具販売,足立区,13121,株式会社福祉協同サービス　足立営業所,株式会社福祉協同サービス,営利法人,1372113124,東京都足立区柳原１－７－１０,03-5284-8590,2020-04-01,,平日,,http://www.fukushi-ks.com,35.746501679162800,139.812122049251770
福祉用具貸与・特定福祉用具販売,足立区,13121,株式会社アットホーム　足立営業所,株式会社アットホーム,営利法人,1372113579,東京都足立区六月２－３２－７,03-3860-6790,2021-07-01,,平日・土曜日,,http://www.rsr-athome.com,35.787950599999990,139.794446800000000
福祉用具貸与・特定福祉用具販売,足立区,13121,ダスキンヘルスレント足立ステーション,株式会社ボストン,営利法人,1372113611,東京都足立区六月１－１３－７,03-5851-8036,2021-09-01,,平日・土曜日,,https://healthrent.duskin.jp/station/tokyo/adachi.html,35.786444000000000,139.797988200000000
福祉用具貸与・特定福祉用具販売,足立区,13121,福祉用具　ファストキャスト,合同会社ＦａｓｔＣａｓｔ,営利法人,1372113983,東京都足立区六町２－７－１７－１０２,03-5851-8358,2023-03-01,,平日,,,35.783968100000000,139.818083700000000
福祉用具貸与・特定福祉用具販売,足立区,13121,のるでん,ストレスケアリゾート株式会社,営利法人,1372114114,東京都足立区柳原１－１１－１１,03-6806-1014,2023-06-01,,平日・土曜日・日曜日,,http://scr.tokyo.jp,35.746900100000000,139.814127400000000
福祉用具貸与・特定福祉用具販売,足立区,13121,アローライフケア,株式会社夏樹,営利法人,1372114148,東京都足立区六町４－３－２８ラコルト１Ｆ,05035594328,2023-07-01,,平日,,https://natsuki-kaigo.com/,35.786003599999994,139.824708900000000
福祉用具貸与・特定福祉用具販売,足立区,13121,スマイル・おきの,株式会社スマイル・おきの,営利法人,1372114171,東京都足立区興野１－１４－８,03-6807-2447,2023-08-01,,平日,,https://www.smile-okino.com,35.769137799999996,139.780798999999970
福祉用具貸与・特定福祉用具販売,足立区,13121,気宇,株式会社ベストハンク,営利法人,1372114429,東京都足立区扇１－４４－３,09025642631,2024-06-01,,平日・土曜日,,,35.766150300000000,139.776719200000000
福祉用具貸与・特定福祉用具販売,足立区,13121,ウイズ　ｏｎｅ,株式会社ＮＥＸＴＯｎｅ,営利法人,1372114460,東京都足立区花畑３－１７－６,03-5856-6816,2024-08-01,,平日,,https://nextone-hanahata.com,35.803631500000010,139.810593800000000
福祉用具貸与・特定福祉用具販売,足立区,13121,あかつき,有限会社アカツキ,営利法人,1372114486,東京都足立区竹の塚４－２－７アーク竹ノ塚マンション１０１号室,03-5856-5333,2024-09-01,,平日,,,35.794421100000010,139.801837300000020
福祉用具貸与・特定福祉用具販売,足立区,13121,ベストサポート,株式会社ＳＴウィル,営利法人,1372114536,東京都足立区鹿浜１－２０－１２さくらビル５０１,03-5930-5492,2024-10-01,,平日,,,35.809775600000000,139.774962600000000
福祉用具貸与・特定福祉用具販売,足立区,13121,福祉用具ケアろぐ,株式会社ケアろぐ,営利法人,1372114676,東京都足立区鹿浜２－２５－１－３０１,07085496197,2025-03-01,,平日,,https://www.carelog2021.com,35.780095800000000,139.750839800000000
福祉用具貸与・特定福祉用具販売,足立区,13121,有限会社　東関東サービス　東京支店,有限会社東関東サービス,営利法人,1372114767,東京都足立区辰沼２－６－１０,03-5849-5323,2025-06-01,,平日,,,35.788539000000000,139.835202900000000
福祉用具貸与・特定福祉用具販売,足立区,13121,ＬＩＦＥマネジメント,合同会社ＬＩＦＥマネジメント,営利法人,1372114874,東京都足立区竹の塚６－２２－２ドリームコート２０１,03-5856-5057,2025-09-01,,平日,,https://mgmt-life.jp/,35.796477100000000,139.793877300000000
福祉用具貸与・特定福祉用具販売,足立区,13121,パナソニックエイジフリーショップ足立,日建リース工業株式会社,営利法人,1372114940,東京都足立区新田１－１７－３,03-4332-6833,2025-11-01,,平日・土曜日,,https://sumai.panasonic.jp/agefree/map/detail.php?id=127,35.775248800000010,139.739674000000000
福祉用具貸与・特定福祉用具販売,足立区,13121,ケアフロー,合同会社ケアフロー,営利法人,1372114965,東京都足立区梅島３－２６－８ＦＬＡＸ西新井１０１号室,03-6806-3235,2025-12-01,,平日,,,35.778151300000000,139.791300000000000
福祉用具貸与・特定福祉用具販売,足立区,13121,アプリシェイト福祉用具ステーション,株式会社クオリティーライフ,営利法人,1372114973,東京都足立区栗原３－１－４エスポワールＫＩＪＩＭＡ５０２号室,03-5888-5421,2025-12-01,,平日・土曜日・日曜日・祝日,,,35.778677900000005,139.788653599999980
福祉用具貸与・特定福祉用具販売,足立区,13121,福祉用具　笑楽　東京,株式会社ビオネスト,営利法人,1372115012,東京都足立区入谷９－１４－１４,03-5809-5924,2026-01-01,,平日,,https://www.bihonest.com,35.808511100000000,139.757381500000000
福祉用具貸与・特定福祉用具販売,足立区,13121,コルライフ足立,株式会社日本介護センター,営利法人,1372115285,東京都足立区竹の塚５－１－１４,03-6693-5291,2026-08-01,,,,,,
福祉用具貸与・特定福祉用具販売,足立区,13121,介護用品ビー・オンプラス,合同会社草加爽風会,営利法人,1372115293,東京都足立区保木間４－１９－９　１Ｆ,03-5831-5590,2026-08-01,,,,,,
福祉用具貸与・特定福祉用具販売,葛飾区,13122,福祉のニッカ　葛飾営業所,日科ミクロン株式会社,営利法人,1370500488,東京都葛飾区亀有３－１６－２セトビル４０３,03-5629-5321,2000-03-01,,平日,,http://www.nikkamicron.co.jp,35.763588200262404,139.848291053887400
福祉用具貸与・特定福祉用具販売,葛飾区,13122,まちの介護ステーション,株式会社ユーニック,営利法人,1370706028,東京都葛飾区西水元２－２１－１６,03-5876-5738,2026-05-01,,,,,,
福祉用具貸与・特定福祉用具販売,葛飾区,13122,アビリティーズ・ケアネット株式会社　東京東営業所,アビリティーズ・ケアネット株式会社,営利法人,1372102473,東京都葛飾区白鳥１－８－１０,03-5672-1510,2001-09-01,,平日,,http://www.abilities.jp/,35.745021800000000,139.842982799999960
福祉用具貸与・特定福祉用具販売,葛飾区,13122,有限会社　グッドケア,有限会社グッドケア,営利法人,1372201754,東京都葛飾区東新小岩五丁目１９番１１号,03-5672-0575,2002-01-01,,平日・土曜日,,http://park16.wakwak.com/~goodkea/,35.723215800000000,139.857710300000000
福祉用具貸与・特定福祉用具販売,葛飾区,13122,パナソニックエイジフリーショップ葛飾,コーワ商事株式会社,営利法人,1372202109,東京都葛飾区金町４－１－２,03-3607-4298,2003-01-01,,平日・土曜日,,http://www.net-kaigo.com,35.763152800000000,139.863718699999930
福祉用具貸与・特定福祉用具販売,葛飾区,13122,アイ・アール・ケア株式会社,アイ・アール・ケア株式会社,営利法人,1372202273,東京都葛飾区東水元４－４－３,03-5660-7701,2003-03-01,,平日・土曜日,,https://www.ircare.co.jp,35.788423780097790,139.864652957910720
福祉用具貸与・特定福祉用具販売,葛飾区,13122,介護ショップ　かがやき,株式会社ヘルスアンドメディカル,営利法人,1372202323,東京都葛飾区西亀有４－１６－１５林マンション１階,03-5613-1033,2003-04-01,,平日・土曜日,,http://an-kaigo.com/,35.765707900000000,139.841153800000030
福祉用具貸与・特定福祉用具販売,葛飾区,13122,セントケア　りまいん　葛飾,セントケアりまいん株式会社,営利法人,1372203917,東京都葛飾区高砂５－１０－５　シルバーハイツ高砂１階,03-5648-2948,2007-04-01,,平日,,,35.751954500000000,139.864140900000000
福祉用具貸与・特定福祉用具販売,葛飾区,13122,ケア・シード株式会社,ケア・シード株式会社,営利法人,1372203990,東京都葛飾区水元２－１５－１４,03-3600-5620,2007-08-01,,平日・土曜日,,,35.786463600000000,139.858357500000000
福祉用具貸与・特定福祉用具販売,葛飾区,13122,フタバ介護サービス,株式会社フタバ介護サービス,営利法人,1372204329,東京都葛飾区四つ木４－２８－１１,03-5698-2841,2008-09-01,,平日・土曜日,,,35.739558600000000,139.835595199999940
福祉用具貸与・特定福祉用具販売,葛飾区,13122,みやびサポート,みやびサポート株式会社,営利法人,1372204444,東京都葛飾区高砂３－２２－２,03-3672-1139,2010-04-01,,平日,,http://miyabi-support.jp,35.749285100000000,139.869157900000000
福祉用具貸与・特定福祉用具販売,葛飾区,13122,葛飾ガス住宅設備機器株式会社,葛飾ガス住宅設備機器株式会社,営利法人,1372204477,東京都葛飾区柴又１－３７－１１,03-3600-4511,2009-05-01,,,,,,
福祉用具貸与・特定福祉用具販売,葛飾区,13122,タウンケア,株式会社マイルストーン,営利法人,1372205029,東京都葛飾区立石６－２７－４,03-6662-8456,2010-12-01,,平日,,http://tc-milestone.com,35.744330500000004,139.852808699999970
福祉用具貸与・特定福祉用具販売,葛飾区,13122,フォーＧＯＯＤ株式会社,フォーＧＯＯＤ株式会社,営利法人,1372206159,東京都葛飾区細田５－１５－６,03-6657-8739,2013-08-01,,,,,,
福祉用具貸与・特定福祉用具販売,葛飾区,13122,ペアレント葛飾営業所,株式会社ペアレント,営利法人,1372206811,東京都葛飾区細田４－４０－１７,03-5612-5090,2015-03-01,,平日・土曜日・日曜日・祝日,,,35.742720398235680,139.874680794512200
福祉用具貸与・特定福祉用具販売,葛飾区,13122,オーシャンケア,株式会社オーシャンケア,営利法人,1372207090,東京都葛飾区高砂８－２８－１０,03-6231-3081,2015-08-01,,,,,,
福祉用具貸与・特定福祉用具販売,葛飾区,13122,ダスキンヘルスレント葛飾ステーション,株式会社いつわワールド,営利法人,1372207181,東京都葛飾区立石５－９－１０,03-5875-7861,2015-10-01,,平日,,https://healthrent.duskin.jp/station/tokyo/katsushika.html,35.742872100000000,139.844649500000060
福祉用具貸与・特定福祉用具販売,葛飾区,13122,すまいるケア,合同会社ナナオ,営利法人,1372207876,東京都葛飾区東新小岩７－２４－８,03-5670-5223,2017-09-01,,平日,,,35.726399375725640,139.855739356131660
福祉用具貸与・特定福祉用具販売,葛飾区,13122,モノライフ,株式会社モノライフ,営利法人,1372207892,東京都葛飾区東金町７－３－１７グリーンパーク１０１,03-5876-6573,2017-10-01,,平日・土曜日,,,35.775709100000014,139.878753400000050
福祉用具貸与・特定福祉用具販売,葛飾区,13122,きらら介護サービス　立石,株式会社グッドスタッフ,営利法人,1372207983,東京都葛飾区小菅３－５－１４,03-5654-9213,2018-04-01,,平日・土曜日・祝日,,https://kirara-kaigo.net/office/tateishi/,35.741881889512470,139.848412999999940
福祉用具貸与・特定福祉用具販売,葛飾区,13122,株式会社　フロンティア　葛飾営業所,株式会社フロンティア,営利法人,1372208023,東京都葛飾区金町１－３－５イーストアベニュー１階１００号室,03-3826-6680,2018-07-01,,平日・土曜日,,https://www.frontier-ph.com/,35.761169700000020,139.865510399999950
福祉用具貸与・特定福祉用具販売,葛飾区,13122,ウェルフォース福祉用具レンタル販売＆サポート,株式会社ウェルフォース,営利法人,1372208551,東京都葛飾区白鳥２－１０－７,03-6662-5285,2021-02-01,,平日・祝日,,http://www.welforce-group.jp,35.749199798194760,139.844240770777900
福祉用具貸与・特定福祉用具販売,葛飾区,13122,ケアショップ　ウィズ・ユー葛飾,株式会社春,営利法人,1372208767,東京都葛飾区お花茶屋１－２０－５,03-6662-6962,2021-12-01,,平日,,,35.747960600000000,139.840828199999980
福祉用具貸与・特定福祉用具販売,葛飾区,13122,ケアショップ　和楽,株式会社和楽,営利法人,1372208791,東京都葛飾区お花茶屋１－２０－８　２０１,03-6240-7820,2022-04-01,,平日・祝日,,,35.748060400000000,139.840920600000000
福祉用具貸与・特定福祉用具販売,葛飾区,13122,ハイクォール,株式会社ハイクォール,営利法人,1372208833,東京都葛飾区高砂２－３６－６ｉｈｏｕｓｅ１Ｆ,03-4400-8099,2022-06-01,,,,,,
福祉用具貸与・特定福祉用具販売,葛飾区,13122,けんこうスマイル,健幸笑天株式会社,営利法人,1372209328,東京都葛飾区宝町１－２－２７,03-5654-7561,2024-05-01,,平日,,,35.741188600000000,139.836204500000000
福祉用具貸与・特定福祉用具販売,葛飾区,13122,福祉用具センターおにぎり,ウコウコヤオ株式会社,営利法人,1372209435,東京都葛飾区東水元５－１１－８　２階,03-6231-3323,2025-02-01,,平日・土曜日・日曜日・祝日,,http://ukoukoyao.com/,35.791140899999990,139.865245900000000
福祉用具貸与・特定福祉用具販売,葛飾区,13122,福祉用具のパンダ,パンダホールディングス株式会社,営利法人,1372209468,東京都葛飾区立石５－２８－７ロイヤルタワーお花茶屋１１０３,09048210841,2025-03-01,,,,,,
福祉用具貸与,葛飾区,13122,ケアショップ　夏,株式会社夏,営利法人,1372209575,東京都葛飾区小菅２－２２－１０　１階,03-5654-6977,2025-10-01,,平日・祝日,,,35.750952400000010,139.827677000000020
福祉用具貸与・特定福祉用具販売,葛飾区,13122,ライフサポートあんず,日本マーキュリー株式会社,営利法人,1372209658,東京都葛飾区四つ木２－７－１０,03-6322-9299,2026-02-01,,平日,,https://japan-mercury.com/gh/,35.735638000000000,139.837214400000000
福祉用具貸与・特定福祉用具販売,葛飾区,13122,スペースケア東京第一営業所,株式会社スペースケア,営利法人,1372303378,東京都葛飾区奥戸８－１３－１１,03-5671-5301,2005-01-01,,平日,,http://www.spacecare.co.jp,35.736045200000000,139.865917099999930
福祉用具貸与・特定福祉用具販売,江戸川区,13123,ふれあいプラザラビット　レントアンドセールス,有限会社ラビット,営利法人,1370200469,東京都江戸川区西葛西３－２２－１５,03-5675-5040,2001-06-01,,平日,,http://www.rabbit-jp.net/,35.666844400000000,139.859297800000030
福祉用具貸与,江戸川区,13123,株式会社セリオ東京東営業所,株式会社セリオ,営利法人,1370803882,東京都江戸川区臨海町３－６－４　４０７Ａ号室,03-6240-3170,2009-06-01,,平日,,http://serio888.net/,35.646630399999990,139.868989800000000
福祉用具貸与・特定福祉用具販売,江戸川区,13123,株式会社　共英,株式会社共英,営利法人,1372301547,東京都江戸川区江戸川５－１６－５１,03-3687-0336,2001-11-01,,平日・土曜日,,http://kyoei1971.jp,35.675280800000000,139.880532200000060
福祉用具貸与・特定福祉用具販売,江戸川区,13123,トーリツ福祉用具　江戸川,株式会社トーリツ,営利法人,1372302057,東京都江戸川区松島１－４１－７徳永ビル１Ｆ,03-5661-1301,2002-11-01,,平日・土曜日,,http://www.to-ritsu.co.jp,35.707337300000010,139.867385638623100
福祉用具貸与,江戸川区,13123,なぎさ和楽苑指定福祉用具貸与事業所,社会福祉法人東京栄和会,社会福祉法人（社協以外）,1372302099,東京都江戸川区西葛西八丁目１番１号,03-6808-5568,2002-12-01,,平日・土曜日,,http://www.tokyoeiwakai.or.jp,35.655079100000000,139.859420700000000
福祉用具貸与・特定福祉用具販売,江戸川区,13123,パナソニック　エイジフリーショップ小岩,株式会社エフ・ビー・エム,営利法人,1372302289,東京都江戸川区西小岩２－１７－１ライオンズマンション西小岩第２　１０２,03-5612-1213,2003-04-01,,平日・土曜日,,http://www15.ocn.ne.jp/~koiwaten/,35.734273200000000,139.875638600000000
福祉用具貸与・特定福祉用具販売,江戸川区,13123,パナソニックエイジフリーショップ葛西,株式会社エフ・ビー・エム,営利法人,1372302305,東京都江戸川区中葛西８－１１－５シャルマン・ヴィラージュ１Ｆ,03-5878-3031,2003-05-01,,平日・土曜日,,,35.660166768253660,139.872048110450800
特定福祉用具販売,江戸川区,13123,株式会社　カスタマ,株式会社カスタマ,営利法人,1372303220,東京都江戸川区南篠崎町３－２５－７,03-6662-7635,2006-04-14,,,,,,
福祉用具貸与・特定福祉用具販売,江戸川区,13123,サンクスケア,グランディ・ホーム株式会社,営利法人,1372303543,東京都江戸川区中央３－７－１３－１Ｆ,03-3656-8841,2005-06-01,,,,,,
福祉用具貸与・特定福祉用具販売,江戸川区,13123,ダスキンヘルスレント江戸川ステーション,株式会社いつわワールド,営利法人,1372304004,東京都江戸川区西瑞江５－４－３１,03-5878-3981,2006-01-01,,平日,,https://healthrent.duskin.jp/station/tokyo/edogawa.html,35.680352400000000,139.881212499999950
福祉用具貸与・特定福祉用具販売,江戸川区,13123,株式会社エイユウ（レンタルサポート　エイユウ）,株式会社エイユウ,営利法人,1372304681,東京都江戸川区上一色３－１３－１５,03-5661-6391,2007-11-01,,平日,,,35.727760500000000,139.872028900000030
福祉用具貸与・特定福祉用具販売,江戸川区,13123,株式会社東基　城東営業所,株式会社東基,営利法人,1372304715,東京都江戸川区松江５－７－２２,03-5661-1696,2007-11-01,,平日・土曜日,,http://www.toki-net.co.jp,35.689511600000000,139.867663300000000
特定福祉用具販売,江戸川区,13123,日本福祉住環境サービス,有限会社日本福祉住環境サービス,営利法人,1372305001,東京都江戸川区中央１－２－８,03-3655-3373,2009-03-01,,,,,,
福祉用具貸与・特定福祉用具販売,江戸川区,13123,フランスベッド株式会社　メディカル江戸川営業所,フランスベッド株式会社,営利法人,1372305043,東京都江戸川区船堀４－４－１１フェニックスガーデン１Ｆ,03-5679-6186,2009-04-01,,平日・土曜日,,http://www.francebed.co.jp/medical/index.html,35.685352942525820,139.867254273666400
福祉用具貸与・特定福祉用具販売,江戸川区,13123,トップ介護サービス,株式会社ツートップ,営利法人,1372305373,東京都江戸川区西小岩４－９－３キャッスルアズマ１０５,03-6458-0235,2009-12-01,,,,,,
福祉用具貸与・特定福祉用具販売,江戸川区,13123,ユーケアｐｌｕｓ,株式会社ユナイテッドケア,営利法人,1372305639,東京都江戸川区篠崎町４－１３－１３－１Ｆ,03-5664-6170,2010-07-01,,平日,,https://www.united-care.net,35.699042698669160,139.911499894256620
福祉用具貸与・特定福祉用具販売,江戸川区,13123,えるぷらん,株式会社えるぷらん,営利法人,1372305902,東京都江戸川区鹿骨５－２６－７,03-3678-9015,2011-04-01,,平日,,https://lovelonglife.net/,35.717942200000000,139.884907699999980
福祉用具貸与・特定福祉用具販売,江戸川区,13123,ケア・スポット,株式会社ケア・スポット,営利法人,1372306223,東京都江戸川区一之江５－１７－７,03-5879-2884,2011-12-01,,平日,,http://www.care-spot.co.jp,35.695739867458440,139.881606881983320
福祉用具貸与・特定福祉用具販売,江戸川区,13123,わだつみ福祉用具サービス,株式会社スクーデリア,営利法人,1372306355,東京都江戸川区瑞江２－２２－５グリーンハウス下鎌田１階Ｄ室,03-5243-9207,2012-01-01,,平日,,https://wadatsumi-s.com/,35.695886200000010,139.897929500000030
福祉用具貸与・特定福祉用具販売,江戸川区,13123,ケアフィールド福祉用具サポートセンター,株式会社ケアフィールド,営利法人,1372306439,東京都江戸川区本一色１－２０－７,03-5879-2600,2012-04-01,,平日,,http://hp.kaipoke.biz/7gn/access.html,35.718038900000000,139.869795399999930
福祉用具貸与・特定福祉用具販売,江戸川区,13123,ニック株式会社　江戸川営業所,ニック株式会社,営利法人,1372306538,東京都江戸川区平井１－９－７,03-6684-9153,2012-05-01,,平日・土曜日,,http://www.nick-corp.com/,35.701742500000000,139.848731800000000
福祉用具貸与・特定福祉用具販売,江戸川区,13123,まっかな花　江戸川,アクティブライフ株式会社,営利法人,1372306967,東京都江戸川区大杉４－１７－６,03-5663-7452,2013-05-01,,平日・土曜日,,,35.707971200000000,139.880944600000020
福祉用具貸与・特定福祉用具販売,江戸川区,13123,スターツケアサービス株式会社,スターツケアサービス株式会社,営利法人,1372307759,東京都江戸川区一之江７－５０－６,03-6865-5266,2014-05-01,,平日・土曜日,,http://www.starts.co.jp/s-careservice/,35.685690500000000,139.877740300000030
福祉用具貸与・特定福祉用具販売,江戸川区,13123,株式会社トーカイ江戸川営業所,株式会社トーカイ,営利法人,1372307858,東京都江戸川区一之江４－７－２,03-5678-8670,2014-07-01,,平日,,http://www.tokai-corp.com/,35.690140000000000,139.879348299999950
福祉用具貸与・特定福祉用具販売,江戸川区,13123,三幸福祉用具販売センター,社会福祉法人三幸福祉会,社会福祉法人（社協以外）,1372308310,東京都江戸川区平井３－１７－１３,03-5627-3500,2015-06-01,,,,,,
福祉用具貸与・特定福祉用具販売,江戸川区,13123,株式会社　ヤマシタ　江戸川営業所,株式会社ヤマシタ,営利法人,1372308666,東京都江戸川区東小岩６－８－１３東海第２ビル３階,03-5612-5073,2016-04-01,,平日・土曜日・日曜日・祝日,,http://www.yco.co.jp,35.733692699999990,139.886962499999980
福祉用具貸与・特定福祉用具販売,江戸川区,13123,シルバーはあと江戸川,株式会社ベネッセキャリオス,営利法人,1372308948,東京都江戸川区中央１－３－１,03-6231-4580,2017-02-01,,平日・土曜日,,https://www.silver-heart.jp/,35.705529200000000,139.868085100000030
福祉用具貸与・特定福祉用具販売,江戸川区,13123,株式会社サリーレ　介護事業部,株式会社サリーレ,営利法人,1372309284,東京都江戸川区船堀７－５－１６,03-3804-2650,2017-11-01,,平日,,https://salirejapan.co.jp/,35.678527000000020,139.870349499999970
福祉用具貸与・特定福祉用具販売,江戸川区,13123,ユニオンケア,株式会社ハートコネクト,営利法人,1372309664,東京都江戸川区上一色２－１２－１０コーポ司１０５号室,03-6231-4800,2018-09-01,,平日・土曜日,,,35.726915699999990,139.873508500000070
福祉用具貸与・特定福祉用具販売,江戸川区,13123,和康,株式会社和康,営利法人,1372310027,東京都江戸川区南小岩７－３２－１３　３０１号室,03-6458-0868,2019-11-01,,,,,,
福祉用具貸与・特定福祉用具販売,江戸川区,13123,やまとｃａｒｅ,株式会社撫子,営利法人,1372310621,東京都江戸川区南小岩２－８－２南小岩スタービル,03-6801-7478,2021-07-01,,平日,,https://nadeshiko-care-plan.jp,35.721406322910250,139.887056896853440
福祉用具貸与・特定福祉用具販売,江戸川区,13123,介護の太助　江戸川店,株式会社介護の太助,営利法人,1372310688,東京都江戸川区北小岩２－３４－１Ｔ．Ｒ．トリビュート１０１号,03-6657-9127,2021-10-01,,平日,,https://www.kaigo-tasuke.co.jp/,35.737462400000000,139.888364200000040
福祉用具貸与・特定福祉用具販売,江戸川区,13123,福祉用具のサンワ,株式会社三和薬品,営利法人,1372311520,東京都江戸川区中葛西１－１１－２,03-3689-3231,2025-07-01,,平日,,https://sanwayakuhin.jimdofree.com/,35.671156100000000,139.867106000000000
福祉用具貸与・特定福祉用具販売,江戸川区,13123,ケアレントのぞみ関東,株式会社キート,営利法人,1372311538,東京都江戸川区南葛西６－２－２７,03-5878-1688,2025-08-01,,平日・祝日,,https://www.lamore.jp/,35.644053900000000,139.876656600000000
